"title","content","date","variant","images","verified","author","rating","product","url"
"Best gift","I love this iPad. My boyfriend gave it to me as gift and it is exactly what I needed for school. iPad matches description and does exactly what it claims.","29 Sep 2020","Size: 32GB Style: WiFi Color: Space Gray","https://images-na.ssl-images-amazon.com/images/I/71iGNGngXbL._SY88.jpg","Yes","Sintia Escobar","5.0","2020 Apple iPad (10.2-inch, Wi-Fi, 32GB) - Space Gray (8th Generation)","https://www.amazon.com/Apple-iPad-10-2-inch-Wi-Fi-32GB/product-reviews/B08J65DST5/ref=cm_cr_dp_d_show_all_btm?ie=UTF8&reviewerType=all_reviews&pageNumber=1"
"Great deal","Don’t listen to the reviews it clearly does not state anywhere it included keyboard stop being haters. This is a great deal you get 30$ off as well awesome deal!","27 Sep 2020","Size: 32GB Style: WiFi Color: Space Gray","","Yes","Asad ali","5.0","2020 Apple iPad (10.2-inch, Wi-Fi, 32GB) - Space Gray (8th Generation)","https://www.amazon.com/Apple-iPad-10-2-inch-Wi-Fi-32GB/product-reviews/B08J65DST5/ref=cm_cr_dp_d_show_all_btm?ie=UTF8&reviewerType=all_reviews&pageNumber=1"
"This is an amazing iPad. Some of these other reviews are misleading","I love this iPad so much. It’s perfect and at the right price. Some people are mad because it doesn’t have full screen and it doesn’t come with a keyboard and this and that. If you’re looking for a full screen iPad you are looking for the iPad Pro. Just because some of you all don’t  on the difference between the iPad and iPad Pro doesn’t mean that this iPad is a bad product. It’s not Apple or anybody else’s fault that you don’t know the difference between The different iPads. Do research before you buy a product. Anyways this iPad is a wonderful device I love it so much and I recommend it for anyone who wants the iPad but is also on a budget. It’s really affordable.","08 Oct 2020","Size: 32GB Style: WiFi Color: Gold","https://images-na.ssl-images-amazon.com/images/I/71NTe5vpJHL._SY88.jpg","Yes","Brandon Walker","5.0","2020 Apple iPad (10.2-inch, Wi-Fi, 32GB) - Space Gray (8th Generation)","https://www.amazon.com/Apple-iPad-10-2-inch-Wi-Fi-32GB/product-reviews/B08J65DST5/ref=cm_cr_dp_d_show_all_btm?ie=UTF8&reviewerType=all_reviews&pageNumber=1"
"Call of Duty Mobile with max settings!","Runs call of duty mobile with max high quality graphics and max high frame rates. Gorgeous display!","26 Sep 2020","Size: 32GB Style: WiFi Color: Space Gray","","Yes","KA HUNNICUTT","5.0","2020 Apple iPad (10.2-inch, Wi-Fi, 32GB) - Space Gray (8th Generation)","https://www.amazon.com/Apple-iPad-10-2-inch-Wi-Fi-32GB/product-reviews/B08J65DST5/ref=cm_cr_dp_d_show_all_btm?ie=UTF8&reviewerType=all_reviews&pageNumber=1"
"We love it","Great iPad and decent price. My husband loves it and it’s easy to use.","26 Sep 2020","Size: 32GB Style: WiFi Color: Space Gray","","Yes","vicki","5.0","2020 Apple iPad (10.2-inch, Wi-Fi, 32GB) - Space Gray (8th Generation)","https://www.amazon.com/Apple-iPad-10-2-inch-Wi-Fi-32GB/product-reviews/B08J65DST5/ref=cm_cr_dp_d_show_all_btm?ie=UTF8&reviewerType=all_reviews&pageNumber=1"
"Deceptive/Incorrect Product Listing:  Does NOT Come with a ""Fully Awesome Size Keyboard""","Deceptive/Incorrect Product Listing:  Does NOT Come with a ""Fully Awesome Size Keyboard"" as advertised on the product listing page.  I expected this to come with the keyboard, but it does not.  It also does not come with any product instructions at all. The ONLY reason I purchased this was because I needed it for work, and assumed it came with a keyboard (a ""fully awesome size keyboard""), but it didn't.  I also assumed this product would come with instructions...but of course it did not. HOWEVER, Apple DID include with the product two Apple stickers.  I promptly threw these in the garbage can, and have no intentions of ever using them in my life. And as soon as I do not need to use this ipad anymore, it's going right into the garbage as well, where it belongs. ABSOLUTE EUROTRASH YUPPIE GEN Z GARBAGE.","25 Sep 2020","Size: 32GB Style: WiFi Color: Space Gray","","Yes","BigFatBlackLady","1.0","2020 Apple iPad (10.2-inch, Wi-Fi, 32GB) - Space Gray (8th Generation)","https://www.amazon.com/Apple-iPad-10-2-inch-Wi-Fi-32GB/product-reviews/B08J65DST5/ref=cm_cr_dp_d_show_all_btm?ie=UTF8&reviewerType=all_reviews&pageNumber=1"
"It’s damn fast! Priced right!","Love it! Quick on it’s feet, bright wonderful display, just an amazing product! For less than $300? This is a full size tablet. Nearly twice the size of a mini. Took less then a few minutes to transfer my apps, and such from iCloud and my iPhone. Couldn’t wait to get in here and leave 5 stars! Doesn’t have facial recognition. Big whoop! It does so much, I can live without it. Under $300 bucks! Sweet!!","29 Sep 2020","Size: 32GB Style: WiFi Color: Space Gray","","Yes","Austin Scott","5.0","2020 Apple iPad (10.2-inch, Wi-Fi, 32GB) - Space Gray (8th Generation)","https://www.amazon.com/Apple-iPad-10-2-inch-Wi-Fi-32GB/product-reviews/B08J65DST5/ref=cm_cr_dp_d_show_all_btm?ie=UTF8&reviewerType=all_reviews&pageNumber=1"
"iPad 8 th gen","I think it is like the 7th gen because they are the same thing and work the same","26 Sep 2020","Size: 32GB Style: WiFi Color: Space Gray","","Yes","Jennifer","5.0","2020 Apple iPad (10.2-inch, Wi-Fi, 32GB) - Space Gray (8th Generation)","https://www.amazon.com/Apple-iPad-10-2-inch-Wi-Fi-32GB/product-reviews/B08J65DST5/ref=cm_cr_dp_d_show_all_btm?ie=UTF8&reviewerType=all_reviews&pageNumber=1"
"A must have","My iPad was 8 years old. It was time to upgrade to something a little faster and this beauty site fills the bill. Easy to set up. It has a lot of gadgets that I don’t need and deleted and I had to redownload all the apps I use daily but that’s no biggie. I’m in my late 77s and most technology is a bumbling confusion to me so I’m very glad this iPad was no trouble at all.","14 Oct 2020","Size: 32GB Style: WiFi Color: Silver","","Yes","DebbieL.","5.0","2020 Apple iPad (10.2-inch, Wi-Fi, 32GB) - Space Gray (8th Generation)","https://www.amazon.com/Apple-iPad-10-2-inch-Wi-Fi-32GB/product-reviews/B08J65DST5/ref=cm_cr_dp_d_show_all_btm?ie=UTF8&reviewerType=all_reviews&pageNumber=1"
"Very nice tablet! 128 GB is good investment for a long life one.","I like this ipad 8th generation for the thickness and weight are almost the same the ipad air newest generation. I visited Apple online store and do comparing among the models to be sure the differences and which one I should buy for my needs within the budget. So no surprise, just be glad and enjoy it! The price is reasonable for the basic functions I need and I know this tablet would last many years as the old ipad air2, ipad mini 4 we have. I bought 128 GB, I think it’s a good investment, but if you dont need much storages and cost is the main one, I think 32 GB is good enough. A protest case is a must though.","03 Oct 2020","Size: 128GB Style: WiFi Color: Gold","","Yes","White May","5.0","2020 Apple iPad (10.2-inch, Wi-Fi, 32GB) - Space Gray (8th Generation)","https://www.amazon.com/Apple-iPad-10-2-inch-Wi-Fi-32GB/product-reviews/B08J65DST5/ref=cm_cr_dp_d_show_all_btm?ie=UTF8&reviewerType=all_reviews&pageNumber=1"
"Not much difference with the previous version","The only difference of this version with the previous one is the A12 bionic chip. That's it. When iPad Air has evolved with a large step forward, the base model is still going around in circles. The improvement in speed is hardly detectable, if you only use this iPad to watch YouTube, web browsing, play music, etc. Considering the A10 Fusion chip in the previous model is already very powerful, you don't need A12 bionic at all for these tasks. If you want to create videos, make some cool illustrations with Procreate, go for iPad Air. So my suggestion is, buy the previous version if you only need it for some casual tasks. And buy iPad Air or even Pro if you want to do some creative works. Pros: - It's from Apple? Cons: - Not much difference with previous model - No USB-C connection - No multi-user option","06 Oct 2020","Size: 128GB Style: WiFi Color: Space Gray","","Yes","IvanZ","3.0","2020 Apple iPad (10.2-inch, Wi-Fi, 32GB) - Space Gray (8th Generation)","https://www.amazon.com/Apple-iPad-10-2-inch-Wi-Fi-32GB/product-reviews/B08J65DST5/ref=cm_cr_dp_d_show_all_btm?ie=UTF8&reviewerType=all_reviews&pageNumber=2"
"DEFECTIVE IPAD","TRIED TO TURN ON IPAD AND ACTIVATE IT USING MY Apple ID AND IT WILL NOT WORK. IT KEEPS SAYING ""IT MIGHT TAKE A FEW MINUTES FOR YOUR APPLE IPAD."" I'M NOT SURE I WOULD RECOMMEND THIS JUST BECAUSE OF THE HEADACHE. I TRIED CALLING APPLE THEY COULDN'T HELP ME. GO TO Best Buy. DON'T WASTE YOUR TIME.","12 Oct 2020","Size: 32GB Style: WiFi Color: Space Gray","https://images-na.ssl-images-amazon.com/images/I/71-QdYMTEfL._SY88.jpg","Yes","Lance Sutherland","1.0","2020 Apple iPad (10.2-inch, Wi-Fi, 32GB) - Space Gray (8th Generation)","https://www.amazon.com/Apple-iPad-10-2-inch-Wi-Fi-32GB/product-reviews/B08J65DST5/ref=cm_cr_dp_d_show_all_btm?ie=UTF8&reviewerType=all_reviews&pageNumber=2"
"Brand new iPad wouldn't complete initial setup. Returning.","Purchased this for my wife. During startup it gets stuck on ""It takes a few minutes to set up your Apple ID..."". Amazon chat support had me do the usual shut it off, turn it back on again and couldn't help me further. Apple Support told me I had to physically connect the iPad to my PC (no other Apple products in the home) to do a restore, but of course Apple has a proprietary USB-C connector so I am off to the store to try to find an adapter or cord. I'm sure this iPad will be great after I can finally get it started and working. Don't buy this from Amazon, unless you already have an iPad and are upgrading, or have an Apple computer. Just go to the Apple store directly. Save yourself the time and hassle. Update: I spent hours on chat with Apple Support trying to restore this iPad to factory settings. I had to purchase a USB adaptor to connect it to my PC to do so. Nothing working. Returning this crap.","19 Oct 2020","Size: 32GB Style: WiFi Color: Gold","","Yes","Briggenti","1.0","2020 Apple iPad (10.2-inch, Wi-Fi, 32GB) - Space Gray (8th Generation)","https://www.amazon.com/Apple-iPad-10-2-inch-Wi-Fi-32GB/product-reviews/B08J65DST5/ref=cm_cr_dp_d_show_all_btm?ie=UTF8&reviewerType=all_reviews&pageNumber=2"
"Too little storage","I've had this product for a few months and highly recommend it. Excellent display Access to the huge library of apps Web surfing The only issue is storage. If your budget can afford it, get the 128GB model, especially if you intend to keep it for a few years. You will exhaust the 32 GB very quickly (I have already)","21 Oct 2020","Size: 32GB Style: WiFi Color: Space Gray","","Yes","trekkermd","4.0","2020 Apple iPad (10.2-inch, Wi-Fi, 32GB) - Space Gray (8th Generation)","https://www.amazon.com/Apple-iPad-10-2-inch-Wi-Fi-32GB/product-reviews/B08J65DST5/ref=cm_cr_dp_d_show_all_btm?ie=UTF8&reviewerType=all_reviews&pageNumber=2"
"BOX ALREADY OPENED","Seems intact, but box was very clearly opened and parts scattered inside.","28 Sep 2020","Size: 32GB Style: WiFi Color: Space Gray","","Yes","Jason E. Payne","1.0","2020 Apple iPad (10.2-inch, Wi-Fi, 32GB) - Space Gray (8th Generation)","https://www.amazon.com/Apple-iPad-10-2-inch-Wi-Fi-32GB/product-reviews/B08J65DST5/ref=cm_cr_dp_d_show_all_btm?ie=UTF8&reviewerType=all_reviews&pageNumber=2"
"Great product for the price!!!","I love it! It’s fast and easy to use plus it’s super affordable compared to the other models and i’m pretty sure they work the same! At first when i placed my order I thought the screen was going to be small because 10 inches didn’t seem like a lot but it’s actually a good size screen. The display is beautiful and picture quality is great. I don’t mind touch ID on it but my phone is an 11 so it’s taking a second to get used to the old controls of pressing home twice to open the multitasking screen but other than that it’s super easy to use. I got the apple pen (1st gen) and a keyboard for it and it’s working great, the multitasking is amazing and it’s like I have a mini laptop everywhere I go. Perfect for student, the screen quality is amazing and the battery lasts all day long.","29 Sep 2020","Size: 32GB Style: WiFi Color: Space Gray","","Yes","broccolihead","5.0","2020 Apple iPad (10.2-inch, Wi-Fi, 32GB) - Space Gray (8th Generation)","https://www.amazon.com/Apple-iPad-10-2-inch-Wi-Fi-32GB/product-reviews/B08J65DST5/ref=cm_cr_dp_d_show_all_btm?ie=UTF8&reviewerType=all_reviews&pageNumber=2"
"Don’t buy an iPad from Amazon.","Amazon sold me a broken iPad and the process of trying to get a replacement was the most tedious and unsuccessful waste of time! I ended up sending the iPad back and buying another one from Best Buy. Amazon sells AppleCare products but CANNOT EVEN HONOR THEM!! Apple acknowledges the plans but makes you spend more money just to even use it!! I personally won’t order another iPad from Amazon. Ever.","02 Dec 2020","Size: 32GB Style: WiFi Color: Gold","","Yes","Bethany Davis","1.0","2020 Apple iPad (10.2-inch, Wi-Fi, 32GB) - Space Gray (8th Generation)","https://www.amazon.com/Apple-iPad-10-2-inch-Wi-Fi-32GB/product-reviews/B08J65DST5/ref=cm_cr_dp_d_show_all_btm?ie=UTF8&reviewerType=all_reviews&pageNumber=2"
"BEWARE","Be aware the new ipads will NOT let you opt out of two factor authentication. We just got ours today and set up with brand new account and even called apple support. It is not an option on the new 2020 products. ","10 Oct 2020","Size: 128GB Style: WiFi Color: Space Gray","","Yes","Joan L. Brock","4.0","2020 Apple iPad (10.2-inch, Wi-Fi, 32GB) - Space Gray (8th Generation)","https://www.amazon.com/Apple-iPad-10-2-inch-Wi-Fi-32GB/product-reviews/B08J65DST5/ref=cm_cr_dp_d_show_all_btm?ie=UTF8&reviewerType=all_reviews&pageNumber=2"
"Perfect!","I am loving this IPad already! Although it did get held  back for shipping for a couple extra days I’m so happy to have it now! super easy to set up and only needed a couple things to update and clarify when starting it up, came fully charged and ready to go!","26 Oct 2020","Size: 32GB Style: WiFi Color: Space Gray","https://images-na.ssl-images-amazon.com/images/I/711DpTnAD8L._SY88.jpg
https://images-na.ssl-images-amazon.com/images/I/71GMRnmsSsL._SY88.jpg","Yes","Michael Ferguson","5.0","2020 Apple iPad (10.2-inch, Wi-Fi, 32GB) - Space Gray (8th Generation)","https://www.amazon.com/Apple-iPad-10-2-inch-Wi-Fi-32GB/product-reviews/B08J65DST5/ref=cm_cr_dp_d_show_all_btm?ie=UTF8&reviewerType=all_reviews&pageNumber=2"
"sold by amazon a used one , can not return like other products  cry.","see the photo, it takes me ten days to connect to wifi, after two hrs taling to apple technical lady.i see it says""verehs"". so it is used one then amazon sell as new one. so urgely amazon","02 Nov 2020","Size: 128GB Style: WiFi Color: Space Gray","https://images-na.ssl-images-amazon.com/images/I/51oRfJf-RuL._SY88.jpg","Yes","leo","1.0","2020 Apple iPad (10.2-inch, Wi-Fi, 32GB) - Space Gray (8th Generation)","https://www.amazon.com/Apple-iPad-10-2-inch-Wi-Fi-32GB/product-reviews/B08J65DST5/ref=cm_cr_dp_d_show_all_btm?ie=UTF8&reviewerType=all_reviews&pageNumber=2"
"It's an ipad","My old ipad was over 10 years old, still working on original battery but of course it could not be updated any longer and few of the apps that I wanted worked with the old ios.  So, you take your old ipad  (Apple offered $20), backup with password to your computer with itunes and restore to your new ipad with itunes. Using password keeps your stuff, make sure you know your passwords to apple ahead of time. Problems, some of my old apps were no longer available on app store even though they were paid apps. Not the end of the world. The latest ios was not on my ipad and when I tried to update with itunes the update failed. That was a first for me. I let the ipad update by wifi and that updated but never had an itunes update fail. So far satisfied, battery life very long, safari works better on this than the old ipad. Fingerprint thing works. All in all a good ipad. Hope it lasts as long as the old one. Old one still works but can't update ios and therefore newer apps don't work.","10 Nov 2020","Size: 128GB Style: WiFi Color: Space Gray","","Yes","Amazon Customer","5.0","2020 Apple iPad (10.2-inch, Wi-Fi, 32GB) - Space Gray (8th Generation)","https://www.amazon.com/Apple-iPad-10-2-inch-Wi-Fi-32GB/product-reviews/B08J65DST5/ref=cm_cr_dp_d_show_all_btm?ie=UTF8&reviewerType=all_reviews&pageNumber=3"
"4th iPad ..as expected","I do have a gripe too buying the newest model with no facial recognition and losing the space required for the old thumb button . But I am laughing some at the other negative review that it came with no instruction . No apple devices ever come with instructions. It’s so easy to setup , please apple , do not waste the paper or resources to do this .  And these devices never come with a separate keyboard . It’s digital or buy a separate one. Oy ... ","27 Sep 2020","Size: 32GB Style: WiFi Color: Space Gray","","No","kjunreb","4.0","2020 Apple iPad (10.2-inch, Wi-Fi, 32GB) - Space Gray (8th Generation)","https://www.amazon.com/Apple-iPad-10-2-inch-Wi-Fi-32GB/product-reviews/B08J65DST5/ref=cm_cr_dp_d_show_all_btm?ie=UTF8&reviewerType=all_reviews&pageNumber=3"
"What's not to love?","I have now had the iPad for 3 days. I bought it with the intention of transitioning into doing digital art. Might I say, it did not disappoint. Overall, the graphics are good, it speedily gets everything done that I need. Purchased the apple pencil with if and a screen protector and im glad about the purchase. I'd say anyone on a budget, don't be afraid to buy the iPad it's great and is def. Helping me in the place of having to do mundane tasks I'd be doing on. Laptop. Within a year, I'll be upgrading to the pro.","30 Sep 2020","Size: 32GB Style: WiFi Color: Space Gray","","Yes","Jeffrey","5.0","2020 Apple iPad (10.2-inch, Wi-Fi, 32GB) - Space Gray (8th Generation)","https://www.amazon.com/Apple-iPad-10-2-inch-Wi-Fi-32GB/product-reviews/B08J65DST5/ref=cm_cr_dp_d_show_all_btm?ie=UTF8&reviewerType=all_reviews&pageNumber=3"
"Bricked","awful, bricked on delivery! $350 on a product I cant even activate","30 Sep 2020","Size: 32GB Style: WiFi Color: Space Gray","","Yes","Amazon Customer","1.0","2020 Apple iPad (10.2-inch, Wi-Fi, 32GB) - Space Gray (8th Generation)","https://www.amazon.com/Apple-iPad-10-2-inch-Wi-Fi-32GB/product-reviews/B08J65DST5/ref=cm_cr_dp_d_show_all_btm?ie=UTF8&reviewerType=all_reviews&pageNumber=3"
"IF AMAZON WANTS TO STAY IN BUSINESS SELL MADE IN USA ONLY!","14 Nov 2020, I purchase this New Apple iPad Air (8th generation) from Amazon.  Already it has a malfunctioning charging cord.  The iPad works well, as long as I can find a charger which will work with it.  For years I have purchased electronic/digital products from Amazon, almost all of which have been MADE IN CHINA, and they malfunction.  In Jan 2021, I purchase from Amazon medical equipment GUARANTEED to be MADE IN THE USA!  The Chinese products are Pure Junk!  My 40 yr old equipment MADE IN THE USA works Far Better than Imported Junk! If Jeff Bezos hopes to keep Amazon in business, Amazon needs to reconsider its product line.  Hence forth, I buy Only Products MADE IN THE USA!!  Fed Up In TEXAS!","17 Jan 2021","Size: 128GB Style: WiFi Color: Silver","","Yes","Jorja Shannon","1.0","2020 Apple iPad (10.2-inch, Wi-Fi, 32GB) - Space Gray (8th Generation)","https://www.amazon.com/Apple-iPad-10-2-inch-Wi-Fi-32GB/product-reviews/B08J65DST5/ref=cm_cr_dp_d_show_all_btm?ie=UTF8&reviewerType=all_reviews&pageNumber=3"
"The best bang for your buck","Absolutely perfect! Great value for your money and a great starter tablet!","08 Oct 2020","Size: 32GB Style: WiFi Color: Space Gray","https://images-na.ssl-images-amazon.com/images/I/61tJs1LPbsL._SY88.jpg","Yes","Seanda","5.0","2020 Apple iPad (10.2-inch, Wi-Fi, 32GB) - Space Gray (8th Generation)","https://www.amazon.com/Apple-iPad-10-2-inch-Wi-Fi-32GB/product-reviews/B08J65DST5/ref=cm_cr_dp_d_show_all_btm?ie=UTF8&reviewerType=all_reviews&pageNumber=3"
"Be careful about getting an older ios version","Got the ipad but it took 3.5 hrs to get it working correctly with the latest ios; it was Apple's falt I endured Apple support hell. WARNING: Be aware this tablet may not have with the latest ios installed and you will have to update and spend a lot of time with Apple support to get the tablet working correctly. Apple does not respect you and is playing a game with Amazon regards to inventory.","16 Oct 2020","Size: 128GB Style: WiFi Color: Silver","","Yes","A. Meit","3.0","2020 Apple iPad (10.2-inch, Wi-Fi, 32GB) - Space Gray (8th Generation)","https://www.amazon.com/Apple-iPad-10-2-inch-Wi-Fi-32GB/product-reviews/B08J65DST5/ref=cm_cr_dp_d_show_all_btm?ie=UTF8&reviewerType=all_reviews&pageNumber=3"
"Elegant and very fast","I have the last generation and got this one for my other daughter that needed one for online classes and I'm very satisfied with the quality. Compared to the last year model is practically the same, the only difference is the cpu that is faster thanks to A12 Bionic. Games runs smoothly,apps open very fast and responsive and the display looks amazing. Apple still have the Free 1 year apple TV subscription with the purchase of any new device. Looking for a nice tablet and don't want to spend a lot of money you should go with the iPad.","15 Oct 2020","Size: 32GB Style: WiFi Color: Space Gray","https://images-na.ssl-images-amazon.com/images/I/61lXfcWQ7HL._SY88.jpg
https://images-na.ssl-images-amazon.com/images/I/61poxGHQNBL._SY88.jpg","Yes","luishiram51","5.0","2020 Apple iPad (10.2-inch, Wi-Fi, 32GB) - Space Gray (8th Generation)","https://www.amazon.com/Apple-iPad-10-2-inch-Wi-Fi-32GB/product-reviews/B08J65DST5/ref=cm_cr_dp_d_show_all_btm?ie=UTF8&reviewerType=all_reviews&pageNumber=3"
"This is not worth it","I bought this to help me edit videos and it worked fine up until I woke up in the morning and it no longer wanted to connect to WiFi and the fact that I can't even factory reset it now because I need to connect to WiFi is Bs. Also if you want it for gaming it's a big no games are horribly optimized for it and fps drops are common","10 Nov 2020","Size: 128GB Style: WiFi Color: Space Gray","","Yes","Gabriel","1.0","2020 Apple iPad (10.2-inch, Wi-Fi, 32GB) - Space Gray (8th Generation)","https://www.amazon.com/Apple-iPad-10-2-inch-Wi-Fi-32GB/product-reviews/B08J65DST5/ref=cm_cr_dp_d_show_all_btm?ie=UTF8&reviewerType=all_reviews&pageNumber=3"
"good for art, good for daily use, good price","This is a great value for what you're paying for. The display is bright, colorful, and reasonably sized. It is easy to use and has a wide array of applications to download upon setting up. The price is very reasonable for what is essentially a portable laptop. I purchased for art along with the apple pen, it works very well for art and art programs and is a good alternative for the ipad pro. The camera has an excellent quality. I would highly recommend.","14 Oct 2020","Size: 32GB Style: WiFi Color: Silver","https://images-na.ssl-images-amazon.com/images/I/61IT6bkUQfL._SY88.jpg","Yes","Sarah Pfefferle","5.0","2020 Apple iPad (10.2-inch, Wi-Fi, 32GB) - Space Gray (8th Generation)","https://www.amazon.com/Apple-iPad-10-2-inch-Wi-Fi-32GB/product-reviews/B08J65DST5/ref=cm_cr_dp_d_show_all_btm?ie=UTF8&reviewerType=all_reviews&pageNumber=3"
"Must have!","Love the speed, look and all the features. If I’d order this through the Apple store I would’ve had to wait a month, I got it on Prime for the same price and in 2 days! I highly recommend getting this iPad, so worth it!","05 Oct 2020","Size: 32GB Style: WiFi Color: Space Gray","","Yes","B. Flores","5.0","2020 Apple iPad (10.2-inch, Wi-Fi, 32GB) - Space Gray (8th Generation)","https://www.amazon.com/Apple-iPad-10-2-inch-Wi-Fi-32GB/product-reviews/B08J65DST5/ref=cm_cr_dp_d_show_all_btm?ie=UTF8&reviewerType=all_reviews&pageNumber=4"
"Great tablet for handicapped","This is the newest model (8th gen) but it still doesn’t have face recognition. Otherwise it is pretty awesome. I ordered it for my dad to use with his Parkinson's, and he can still use the fingerprint reader so it’s ok that it doesn’t do facial recognition. Maybe with a future update they will add it.","01 Oct 2020","Size: 32GB Style: WiFi Color: Space Gray","","Yes","Kevin","5.0","2020 Apple iPad (10.2-inch, Wi-Fi, 32GB) - Space Gray (8th Generation)","https://www.amazon.com/Apple-iPad-10-2-inch-Wi-Fi-32GB/product-reviews/B08J65DST5/ref=cm_cr_dp_d_show_all_btm?ie=UTF8&reviewerType=all_reviews&pageNumber=4"
"Bad camera, grainy photos - Update","My previous iPad died after less than three years of use, and aside of its early demise, I was very pleased with it. So, I immediately got the 2020 version of the same, which, however, it’s not the same at all. Many issues with it, but the worst is the camera - I haven’t seen such a poor quality photos and videos since the silent movies. People I chat with on Zoom and Messenger noticed that as well. I see on the forums people complaining of the same, even with the more expensive models. Apple, what’s up? Update: After half a day of hassle, I was able to persuade Amazon to authorize an exchange, so I returned it and got a new one. Well, the camera is slightly better, but still much, much worse than the cameras on my two old iPads I still use, one of them a really old one. It is more than clear that Apple are cutting corners. I am disappointed. On a brighter note, the display has gotten better than it used to be. Apple customers service and tech support is just dismal. If I continue using Apple products, I’ll buy directly from their outlets, so issues and returns are a bit easier to address. Good luck!","11 Jan 2021","Size: 32GB Style: WiFi Color: Space Gray","","Yes","SC","1.0","2020 Apple iPad (10.2-inch, Wi-Fi, 32GB) - Space Gray (8th Generation)","https://www.amazon.com/Apple-iPad-10-2-inch-Wi-Fi-32GB/product-reviews/B08J65DST5/ref=cm_cr_dp_d_show_all_btm?ie=UTF8&reviewerType=all_reviews&pageNumber=4"
"If you need more storage, don't buy this. Horrible slow and useless","Battery is awful, Storage non existent, use is pointless. These are built for children, not adults. Adding the external microSD card reader, doesn't help, its slow, it can takes minutes to pull up files, then those files can randomly disappear.  (using the fastest Toshiba MicroSD 128GB) I've been told over and over, how great apple ipads are. They're not. Apple Tablets, are for children, to watch Dora the explorer, while eating breakfast; not grown adults, to actually accomplish something of value. I've owned a Top shelf tablet from Apple, Microsoft, and Google, they're akin to children's coloring books, nothing more. I've read there isn't a SD card slot, because Steve Jobs didn't like ""the Look"" Because the SD card reader dangling from the bottom or wobbling on top looks amazing.","20 Jan 2021","Size: 32GB Style: WiFi Color: Space Gray","https://images-na.ssl-images-amazon.com/images/I/C10MAMj4V7S._SY88.jpg","Yes","Chris","1.0","2020 Apple iPad (10.2-inch, Wi-Fi, 32GB) - Space Gray (8th Generation)","https://www.amazon.com/Apple-iPad-10-2-inch-Wi-Fi-32GB/product-reviews/B08J65DST5/ref=cm_cr_dp_d_show_all_btm?ie=UTF8&reviewerType=all_reviews&pageNumber=4"
"Very Easy to Set Up","Talk about loving the new iPad!!!  It was so easy to set up, I just held the old iPad next to the new one and everything transferred over. HOW GREAT IS THAT!!!! The battery life is fantastic, I can play my games all day and still have life at the end of the day.  I haven't tried to watch a movie yet but my hubby has on his(it's new too) and he has not had any trouble with it buffering.  The price was reasonable. Highly recommend the new iPad to everyone!! Run out and get one, or simply order it, it didn't take that long to receive it!!!","29 Dec 2020","Size: 32GB Style: WiFi Color: Gold","","Yes","LeeAnn","5.0","2020 Apple iPad (10.2-inch, Wi-Fi, 32GB) - Space Gray (8th Generation)","https://www.amazon.com/Apple-iPad-10-2-inch-Wi-Fi-32GB/product-reviews/B08J65DST5/ref=cm_cr_dp_d_show_all_btm?ie=UTF8&reviewerType=all_reviews&pageNumber=4"
"Really Fast","This is quit a bit faster than the Gen 7. I am loving this one, and glad I waited.","29 Sep 2020","Size: 32GB Style: WiFi Color: Space Gray","","Yes","stanley Riles","5.0","2020 Apple iPad (10.2-inch, Wi-Fi, 32GB) - Space Gray (8th Generation)","https://www.amazon.com/Apple-iPad-10-2-inch-Wi-Fi-32GB/product-reviews/B08J65DST5/ref=cm_cr_dp_d_show_all_btm?ie=UTF8&reviewerType=all_reviews&pageNumber=4"
"Solid multitasking device","The base level iPad is a surprisingly competent device for casual use and the occasional work session. I have a gaming laptop for my regular machine so this is a welcome addition to my desk, especially with the Apple Pencil. < Pros > Very fast A12 mobile chip, it powers through websites like they're nothing. The screen is sharp and clear - I'm not sure what 2160x1620 is considered, but I'd say somewhere between 1080p and Quad HD. Colors are super bright, but blacks are lackluster. 3GB RAM allows for some multitasking! Apple Pencil is absolutely necessary (and fantastic) for artists or people who prefer to hand-write their notes. Build quality is fantastic, but this is Apple. Did you expect anything else? The speakers are great. Bass is prevalent. The rear camera is pretty high-quality and useful for taking pictures of documents to electronically write on. < Cons > 10.2"" screen/4:3 ratio and the aforementioned 3GB RAM limits how much you can multitask. 32GB of storage is unacceptable in today's world. Consider getting more Google Drive or iCloud storage, or buying the 128GB model. Accessories are WILDLY expensive. I ended up getting the Apple Pencil used and an off-brand keyboard called Typecase. (BTW, Typecase is more versatile, better, and cheaper than any Apple keyboard.) There's no convenient place to store the Apple Pencil like on the newer iPads. Lightning charging is the bane of my existence. I wish they'd just go with USB-C. The webcam is atrocious and badly placed. Landscape mode would be ideal for teleconferencing. This may seem like a lot of cons, but the pros outweigh them, especially for the price. If you can afford the Air, go for the Air, but if you're strapped for cash like me, definitely check this out.","22 Feb 2021","Size: 32GB Style: WiFi Color: Space Gray","","Yes","Chris Capaccio","4.0","2020 Apple iPad (10.2-inch, Wi-Fi, 32GB) - Space Gray (8th Generation)","https://www.amazon.com/Apple-iPad-10-2-inch-Wi-Fi-32GB/product-reviews/B08J65DST5/ref=cm_cr_dp_d_show_all_btm?ie=UTF8&reviewerType=all_reviews&pageNumber=4"
"Didn't work, Amazon made refund almost impossible","Would not connect to bluetooth, software update froze, Apple was no help, and Amazon put me through a 45-minute chat session of nonsense questions and idiocy in order to get a refund. I don't think I'll buy another Apple product and I will never buy anything like this through Amazon again.","06 Dec 2020","Size: 128GB Style: WiFi Color: Silver","","Yes","Ken Ficara","1.0","2020 Apple iPad (10.2-inch, Wi-Fi, 32GB) - Space Gray (8th Generation)","https://www.amazon.com/Apple-iPad-10-2-inch-Wi-Fi-32GB/product-reviews/B08J65DST5/ref=cm_cr_dp_d_show_all_btm?ie=UTF8&reviewerType=all_reviews&pageNumber=4"
"Totally locked up/un-usable on first day","This iPad locked up within 5 hours with a split screen that was impossible to fix. I tried everything suggested by on-line Apple help sites. Impossible to restart because the lightning cable included did not match any port on my MacBookAir","07 Dec 2020","Size: 128GB Style: WiFi Color: Silver","","Yes","Betty","1.0","2020 Apple iPad (10.2-inch, Wi-Fi, 32GB) - Space Gray (8th Generation)","https://www.amazon.com/Apple-iPad-10-2-inch-Wi-Fi-32GB/product-reviews/B08J65DST5/ref=cm_cr_dp_d_show_all_btm?ie=UTF8&reviewerType=all_reviews&pageNumber=4"
"Poor quality","Keys do not work, I would recommend that you but from brick and mortar store where you can try it before you buy it","25 Oct 2020","Size: 128GB Style: WiFi Color: Silver","","Yes","gaw","1.0","2020 Apple iPad (10.2-inch, Wi-Fi, 32GB) - Space Gray (8th Generation)","https://www.amazon.com/Apple-iPad-10-2-inch-Wi-Fi-32GB/product-reviews/B08J65DST5/ref=cm_cr_dp_d_show_all_btm?ie=UTF8&reviewerType=all_reviews&pageNumber=4"
"Best tablet for the price","Not sure why anyone would need more than this out of a tablet. If you want high-end computing power, get a computer. For tablet use (reading, watching videos, browsing, taking notes, etc), this does it all with no drama. Just wish Apple would increase the base storage. 32GB in 2020 is just laughable.","16 Oct 2020","Size: 32GB Style: WiFi Color: Space Gray","","Yes","Chewie7","5.0","2020 Apple iPad (10.2-inch, Wi-Fi, 32GB) - Space Gray (8th Generation)","https://www.amazon.com/Apple-iPad-10-2-inch-Wi-Fi-32GB/product-reviews/B08J65DST5/ref=cm_cr_dp_d_show_all_btm?ie=UTF8&reviewerType=all_reviews&pageNumber=5"
"Much anticipated","The last ipad that I had was the 3rd generation, so I was really looking forward to this newer and better model. The first thing that I noticed is the lack of the facial recognition feature. Being the newest addition tot he apple “family”, you’d think it’d be one of the first features that they’ll make sure to add. Touch ID is so iphone 8! so why have Touch ID on a brand new apple product when they already have it in an iphone 11?!","28 Sep 2020","Size: 128GB Style: WiFi Color: Gold","","Yes","Albaney","4.0","2020 Apple iPad (10.2-inch, Wi-Fi, 32GB) - Space Gray (8th Generation)","https://www.amazon.com/Apple-iPad-10-2-inch-Wi-Fi-32GB/product-reviews/B08J65DST5/ref=cm_cr_dp_d_show_all_btm?ie=UTF8&reviewerType=all_reviews&pageNumber=5"
"Terrible experience","Received the product with a defective screen missing pixels. Amazon would not let me return the product and exchange it for a new one. Even tho I notified immediately of the issue. Had to call Amazon, got no where. I hat to call the manufactures spent over one hour on the phone. I had to go to the UPS store in a snow storm since I had 10 days to get it returned. Took another week to get a new product repaired. Just received it back with the SAME EXACT ISSUE. I needed this item to be used weeks ago. The product was received with a defect and its still defective. I cannot afford to wait and waste any more of MY time. Things do happen, but this is when you should exchange the product and step in. You have done none of that now I have a brand new defective item I'm stuck with.","23 Feb 2021","Size: 32GB Style: WiFi + Cellular Color: Space Gray","","Yes","Sara Tyrrell","1.0","2020 Apple iPad (10.2-inch, Wi-Fi, 32GB) - Space Gray (8th Generation)","https://www.amazon.com/Apple-iPad-10-2-inch-Wi-Fi-32GB/product-reviews/B08J65DST5/ref=cm_cr_dp_d_show_all_btm?ie=UTF8&reviewerType=all_reviews&pageNumber=5"
"great but slightly weird","AMAZING!! i loved it a lot!! i’ll keep the review simple i needed something that would have arrived by christmas cause if i ordered it any where else it wouldn’t arrive till mid january. it’s nice, it’s big battery life is amazing!! i love it to use the procreate app. although i will say it sucks it wouldn’t let me create an apple id, it kept saying there were to many attempts or users something along those lines but i just had to make another apple id on my phone then use it on the ipad. but other than that it’s very nice it had no scratches or anything!!","03 Jan 2021","Size: 32GB Style: WiFi Color: Space Gray","","Yes","ilvstudios","4.0","2020 Apple iPad (10.2-inch, Wi-Fi, 32GB) - Space Gray (8th Generation)","https://www.amazon.com/Apple-iPad-10-2-inch-Wi-Fi-32GB/product-reviews/B08J65DST5/ref=cm_cr_dp_d_show_all_btm?ie=UTF8&reviewerType=all_reviews&pageNumber=5"
"Apple (still) needs to get its act together","I hate this thing.  I “upgraded” from an iPad mini 2. At first I activated it from a back up from the mini2, it was slow and had issues staying connected to wifi. Then I did a factory reset and rebuilt all of my apps and data from scratch. It still randomly drops the WiFi connection. After searching, it seems this is a known issue with iOS 14.3. Of course Apple doesn’t acknowledge it. I can only hope that a future update fixes the problem. Update 5/5/2021 Still the same, will not hold WiFi connection, tried multiple networks, updated to latest iOS, nothing. I HATE this thing. It’s a constant source of frustration.","05 Feb 2021","Size: 128GB Style: WiFi Color: Space Gray","","Yes","The Wrench","1.0","2020 Apple iPad (10.2-inch, Wi-Fi, 32GB) - Space Gray (8th Generation)","https://www.amazon.com/Apple-iPad-10-2-inch-Wi-Fi-32GB/product-reviews/B08J65DST5/ref=cm_cr_dp_d_show_all_btm?ie=UTF8&reviewerType=all_reviews&pageNumber=5"
"Poor color description","The low rating is for the poor product color description. Advertised as gold, it is actually a rose gold. Bought it as a gift. They were excited to have it but could see the disappointed look when they saw the color. Device itself - no known issues.","31 Oct 2020","Size: 128GB Style: WiFi Color: Gold","","Yes","Review","1.0","2020 Apple iPad (10.2-inch, Wi-Fi, 32GB) - Space Gray (8th Generation)","https://www.amazon.com/Apple-iPad-10-2-inch-Wi-Fi-32GB/product-reviews/B08J65DST5/ref=cm_cr_dp_d_show_all_btm?ie=UTF8&reviewerType=all_reviews&pageNumber=5"
"Under a month and already broken","The head phone jack went out about a week ago. I haven’t even had it a whole month when this happened. I trouble shot everything and it isn’t the headphones, the case, or debris in the port. They just stopped working. I don’t use wireless headphones for medical reasons and need wired so I’m not happy with this. I got this for work as a third screen and to watch tv at night when I can’t sleep without bugging my boyfriend. Update 1/24/2021 The home button went out in it as well. Tried to get a replacement since Amazon states that is an option and they do not have any iPads and cannot issue any replacements. They suggested I buy Apple care and make a claim with them. You only get two claims so making one when I received the iPad Dec 20 and Jan 10 or so things started getting buggy and by Jan 18 the headphone jack was shot but wireless did work, so audio wasn’t an issue. My daughter used her AirPods on it just fine. I factory reset it so many times and resigned into so many streaming services just to check audio it was frustrating and a waste of my time. So I can return the iPad and keep my case and Apple Pencil and hope that I can find the same iPad with the same storage for the same price as I did before, which was a Christmas time sale so highly unlikely, or keep the defective product and hope Apple is a better company than Amazon, or return the item and buy a different iPad and buy new accessories wasting even more money. Very frustrated and disappointed. My daughter has the previous generation of this iPad and it has been wonderful and Apple is my go to product for tech, so I know it’s just a dud but holy hell this is ridiculous!  Don’t say you offer replacements then not honor it. I’d be willing to wait and take a voucher for when they come back in but that was not offered. The rep who talked with me was kind, especially with Amazon failing on epic proportions lately with me. So, good for her but oh my gosh this iPad fails so hard . Update: Apple cannot fix the iPad. So it will not have sound unless I buy wireless headphones. Which I find worthless since they won’t work right for me and they don’t have very long battery lifespans yet. I do it think 5 hours is a long time when I’m using them for my job and for streaming, audible, and music. So bumped it to a one star. Because not even the manufacturer can fix the damage done at Amazon facilities. ","22 Jan 2021","Size: 128GB Style: WiFi Color: Silver","","Yes","Natasha","1.0","2020 Apple iPad (10.2-inch, Wi-Fi, 32GB) - Space Gray (8th Generation)","https://www.amazon.com/Apple-iPad-10-2-inch-Wi-Fi-32GB/product-reviews/B08J65DST5/ref=cm_cr_dp_d_show_all_btm?ie=UTF8&reviewerType=all_reviews&pageNumber=5"
"Finally upgraded and couldn’t be happier.","Finally upgraded from a ipad4 and couldn’t be happier with the current models performance.  Apple is still playing the the ridiculous storage option game. Base model should definitely be 64GB. Other than the storage options the device is a fantastic media consumption device and productivity device.  It will suit any need you have aside from a few professional use case scenarios.  Even for those professional use cases it can be an excellent mobile device to get some basics done while away from a more powerful setup.  iOS finally feels like I’m not always looking for a work around to achieve certain basics on desktop setups.  While lightning is not my favorite connector it serves its purpose okay with a few dongles.  If you’ve used Apple products at all in the last 20 years you should be used to it. Long story short. For the money you really can’t get a better all around mobile device. Great form factor, deep app ecosystem, fantastic battery life.","20 Oct 2020","Size: 128GB Style: WiFi Color: Space Gray","","Yes","Shiloh","5.0","2020 Apple iPad (10.2-inch, Wi-Fi, 32GB) - Space Gray (8th Generation)","https://www.amazon.com/Apple-iPad-10-2-inch-Wi-Fi-32GB/product-reviews/B08J65DST5/ref=cm_cr_dp_d_show_all_btm?ie=UTF8&reviewerType=all_reviews&pageNumber=5"
"Fast, fast, fast","I've owned several Ipads and this one is clearly the fastest one ever.  My general purpose Ipad Air isn't even close to the quickness of this model.  A few months ago the 7th gen version of this model sold on sale for $249.  I missed that opportunity and am now glad I did, although that version was supposedly almost as fast. The setup takes a little while if you intend to use the fingerprint verification option.  I did, but it doesn't seem to recognize my fingerprint so I still have to enter a passcode.  If you choose to automatically setup from your old Ipad, beware that you'll have to get a validation number on that model to complete the process.  I really don't like the two factor id system and intend to disable it as soon as I can figure out how to do so.  Otherwise, you'll be needing to keep both Ipads near each other so you can quickly see the passcode it wants you to enter. Nonetheless, performance is top notch.","10 Nov 2020","Size: 32GB Style: WiFi Color: Gold","","Yes","Larry L. Hoffman","5.0","2020 Apple iPad (10.2-inch, Wi-Fi, 32GB) - Space Gray (8th Generation)","https://www.amazon.com/Apple-iPad-10-2-inch-Wi-Fi-32GB/product-reviews/B08J65DST5/ref=cm_cr_dp_d_show_all_btm?ie=UTF8&reviewerType=all_reviews&pageNumber=5"
"Great for the money","Came in pretty fast, works great. I'm usually not an apple person but I really like this device","10 Oct 2020","Size: 32GB Style: WiFi Color: Silver","","Yes","Leilani Hughes","5.0","2020 Apple iPad (10.2-inch, Wi-Fi, 32GB) - Space Gray (8th Generation)","https://www.amazon.com/Apple-iPad-10-2-inch-Wi-Fi-32GB/product-reviews/B08J65DST5/ref=cm_cr_dp_d_show_all_btm?ie=UTF8&reviewerType=all_reviews&pageNumber=5"
"Pass on this","Immediately had to have it serviced by apple because the ringer and sound didn’t work","12 Nov 2020","Size: 32GB Style: WiFi Color: Silver","","Yes","Anthony H.","1.0","2020 Apple iPad (10.2-inch, Wi-Fi, 32GB) - Space Gray (8th Generation)","https://www.amazon.com/Apple-iPad-10-2-inch-Wi-Fi-32GB/product-reviews/B08J65DST5/ref=cm_cr_dp_d_show_all_btm?ie=UTF8&reviewerType=all_reviews&pageNumber=6"
"Not too much upgrade","I can give it a 3 star because it is an Apple product so I still have good user experience in IOS ecosystem. But compared to previous gen, I really don't see too much improvement except for the chip. Still 32GB - making no sense to me.","07 Oct 2020","Size: 32GB Style: WiFi Color: Space Gray","","Yes","Super Saiya","3.0","2020 Apple iPad (10.2-inch, Wi-Fi, 32GB) - Space Gray (8th Generation)","https://www.amazon.com/Apple-iPad-10-2-inch-Wi-Fi-32GB/product-reviews/B08J65DST5/ref=cm_cr_dp_d_show_all_btm?ie=UTF8&reviewerType=all_reviews&pageNumber=6"
"Amazing value for 299!","Awesome - first one I ordered came with a dead pixel. Amazon replaced in 2 days no problem. Loving all the functionality and the Apple Pencil is great for sketching and writing down quick ideas. Apps have come a long way since I touched an iPad (ipad 2). Glad I upgraded. Awesome piece of tech!","11 Oct 2020","Size: 32GB Style: WiFi Color: Space Gray","","Yes","Nicholas A.","5.0","2020 Apple iPad (10.2-inch, Wi-Fi, 32GB) - Space Gray (8th Generation)","https://www.amazon.com/Apple-iPad-10-2-inch-Wi-Fi-32GB/product-reviews/B08J65DST5/ref=cm_cr_dp_d_show_all_btm?ie=UTF8&reviewerType=all_reviews&pageNumber=6"
"Best IPad Ever","I just got this iPad yesterday and I love it. I came from an iPad Pro 9.7 to this iPad 10.2. It’s not a huge difference in size. The setup was really easy and everything transferred over with no issues.  Total time took about 20 min. The picture quality is amazing and the speed is fast. I can be on this iPad all day and still have a good battery life left towards the end of day. I would highly recommend this to anyone who is looking for a new iPad.","02 Mar 2021","Size: 128GB Style: WiFi Color: Space Gray","","Yes","Stacey","5.0","2020 Apple iPad (10.2-inch, Wi-Fi, 32GB) - Space Gray (8th Generation)","https://www.amazon.com/Apple-iPad-10-2-inch-Wi-Fi-32GB/product-reviews/B08J65DST5/ref=cm_cr_dp_d_show_all_btm?ie=UTF8&reviewerType=all_reviews&pageNumber=6"
"New Apple iPad (10.2-inch, Wi-Fi, 128GB)","Been using it for about a week now. I purchased it to replace my iPad Air 2 which is still in great shape. Wish I would of gotten it at the time with more then 16 GB when I purchased it. Too bad Apple has no provision for adding more memory to a iPad. It is one thing I hate about Apple iPads and iPhones. So this time I purchased a iPad with 128 GB in it more then enough for me. Actually I would of purchased a 64GB but the new Generation 8 is only available in 32 and 128 GB. Other then that I don't see much different from my iPad Air 2. The 8 Gen is just a little faster but I would of been satisfied with a iPad Air 2 that I have had a number of years with more Memory in it.","21 Oct 2020","Size: 128GB Style: WiFi Color: Space Gray","","Yes","Fred Y","5.0","2020 Apple iPad (10.2-inch, Wi-Fi, 32GB) - Space Gray (8th Generation)","https://www.amazon.com/Apple-iPad-10-2-inch-Wi-Fi-32GB/product-reviews/B08J65DST5/ref=cm_cr_dp_d_show_all_btm?ie=UTF8&reviewerType=all_reviews&pageNumber=6"
"Simple to use","I've been an iphone user since they were first introduced and have had Samsung and Amazon tablets, but never an ipad.  Decided to buy into the basic model.  It's designed like an old iphone, but super light and thin.  There's a home button and touch but no face scanner.  It's a pretty basic model, but I knew that when I purchased it.  So far it's been easy to use and I do like the feel of it compared to a Samsung or Amazon tablet.","05 Nov 2020","Size: 32GB Style: WiFi Color: Gold","","Yes","ang thomas","5.0","2020 Apple iPad (10.2-inch, Wi-Fi, 32GB) - Space Gray (8th Generation)","https://www.amazon.com/Apple-iPad-10-2-inch-Wi-Fi-32GB/product-reviews/B08J65DST5/ref=cm_cr_dp_d_show_all_btm?ie=UTF8&reviewerType=all_reviews&pageNumber=6"
"Typical I-Pad failure","It's an I-Pad with very little ability to connect to the rest of the PC world. I'm a Geek and bought this new I-Pad to see where they are at now. Not impressed! I have over 30 Windows or Android devices and all of them can connect by various methods other the the over hyped  I-Cloud.","13 Oct 2020","Size: 32GB Style: WiFi Color: Space Gray","","Yes","Todd Tracey","3.0","2020 Apple iPad (10.2-inch, Wi-Fi, 32GB) - Space Gray (8th Generation)","https://www.amazon.com/Apple-iPad-10-2-inch-Wi-Fi-32GB/product-reviews/B08J65DST5/ref=cm_cr_dp_d_show_all_btm?ie=UTF8&reviewerType=all_reviews&pageNumber=6"
"Great product","The speed is fantastic. I loved the ease of all the transfers from my iPhone to the iPad which even copied all my apps over very seamlessly.","03 Oct 2020","Size: 128GB Style: WiFi Color: Gold","","Yes","Debra","5.0","2020 Apple iPad (10.2-inch, Wi-Fi, 32GB) - Space Gray (8th Generation)","https://www.amazon.com/Apple-iPad-10-2-inch-Wi-Fi-32GB/product-reviews/B08J65DST5/ref=cm_cr_dp_d_show_all_btm?ie=UTF8&reviewerType=all_reviews&pageNumber=6"
"My annual splurge for myself.","I purchased this on Prime Day and selected the 128 memory.  I have a gen 6 with only 32 and I had to be careful how much I downloaded.  7+ months ago I leased  a  32 7th gen from Sprint. Imagine my surprise to find hat in addition to the lease fee I was also charged $40/month for the data connection which I never use.  I use WiFi only.  I never took it out of the box.  I am so pleased to not be tethered to any carrier. The improved speed on this 8th gen is wonderful.  Be sure to buy the affordable 2 year warranty with it at time of purchase.","23 Oct 2020","Size: 128GB Style: WiFi Color: Gold","","Yes","Margo Watson","5.0","2020 Apple iPad (10.2-inch, Wi-Fi, 32GB) - Space Gray (8th Generation)","https://www.amazon.com/Apple-iPad-10-2-inch-Wi-Fi-32GB/product-reviews/B08J65DST5/ref=cm_cr_dp_d_show_all_btm?ie=UTF8&reviewerType=all_reviews&pageNumber=6"
"Great Ipad But Not Overly Impressed","Not bad. I upgraded from an iPad mini (1st gen). To me, it seems huge and has some weight to it. I actually miss the finger sensor (since I regularly use my XS Max). I’m just not a fan of facial recognition. To me, the finger sensor feature was great to continue on this gen. Display is bright and crisp but nothing I haven’t seen on an iPhone or even a kindle. Whereas I love apple products, not as impressed as I thought I would be. Still, highly recommend since apple offers everything one would need to be both entertained and productive.","04 Oct 2020","Size: 32GB Style: WiFi Color: Space Gray","","Yes","BA","4.0","2020 Apple iPad (10.2-inch, Wi-Fi, 32GB) - Space Gray (8th Generation)","https://www.amazon.com/Apple-iPad-10-2-inch-Wi-Fi-32GB/product-reviews/B08J65DST5/ref=cm_cr_dp_d_show_all_btm?ie=UTF8&reviewerType=all_reviews&pageNumber=6"
"Great for playing video games, but Apple makes it a pain to use","This device is really fast and great for video games. This can handle high graphic games like Asphalt 9. The battery life is ok, it doesn't seem like 10 hrs as advertised but it is ok.  I don't know if this is my ipad's problem or my mouse but it says my mouse is always at 51% battery even it was just charged.  My ipad randomly shuts off the music when i use some apps. I have to restart the music every time I enter an app. It automatically changes brightness and i have no clue how to shut it off. My $200 Samsung device from 2016 has more and better features than this, It is also smarter than this ipad. I also dont like that it doesn't have a permanent back and windows button. I am sooooo happy this still has a home button. Good for playing video games, but beware that it can be frustrating at times","25 Jan 2021","Size: 128GB Style: WiFi Color: Space Gray","","Yes","Gabe the Great","3.0","2020 Apple iPad (10.2-inch, Wi-Fi, 32GB) - Space Gray (8th Generation)","https://www.amazon.com/Apple-iPad-10-2-inch-Wi-Fi-32GB/product-reviews/B08J65DST5/ref=cm_cr_dp_d_show_all_btm?ie=UTF8&reviewerType=all_reviews&pageNumber=7"
"Great handleing","Love it bit to much money","07 Oct 2020","Size: 32GB Style: WiFi Color: Silver","https://images-na.ssl-images-amazon.com/images/I/71FbFRNdY1L._SY88.jpg","Yes","PZ23","5.0","2020 Apple iPad (10.2-inch, Wi-Fi, 32GB) - Space Gray (8th Generation)","https://www.amazon.com/Apple-iPad-10-2-inch-Wi-Fi-32GB/product-reviews/B08J65DST5/ref=cm_cr_dp_d_show_all_btm?ie=UTF8&reviewerType=all_reviews&pageNumber=7"
"Whats not to love about these iPads","So I bought a few of these for the lab I work in. We were using some Huawei tablets we received as part of an equipment purchase. These are light years better. Office 365 works great on them and the pencil support is a nice bonus for note taking. While there is no native app to monitor some of our test equipment, we are able to do it threw the web browser so no biggy there. Aside from that my team and I have found a ton of value in this tablet for $299. Well worth the money.","20 Oct 2020","Size: 32GB Style: WiFi Color: Space Gray","","Yes","D2da","5.0","2020 Apple iPad (10.2-inch, Wi-Fi, 32GB) - Space Gray (8th Generation)","https://www.amazon.com/Apple-iPad-10-2-inch-Wi-Fi-32GB/product-reviews/B08J65DST5/ref=cm_cr_dp_d_show_all_btm?ie=UTF8&reviewerType=all_reviews&pageNumber=7"
"Very disappointed","This was gift from my parents I was very excited about it. So it was working fine and all the sudden all I see was Apple logo and it just stuck. Tried to restore but nothing showed up on computer. Also there was black big dots on the screen it's weird new i pad coming with all this problems. I'm returning but Amazon costumer service was very helpful.","26 Dec 2020","Size: 32GB Style: WiFi Color: Gold","https://images-na.ssl-images-amazon.com/images/I/81CXdvKY5IL._SY88.jpg
https://images-na.ssl-images-amazon.com/images/I/91bGDQXMfBL._SY88.jpg","Yes","Badamgarav Dashzeveg","1.0","2020 Apple iPad (10.2-inch, Wi-Fi, 32GB) - Space Gray (8th Generation)","https://www.amazon.com/Apple-iPad-10-2-inch-Wi-Fi-32GB/product-reviews/B08J65DST5/ref=cm_cr_dp_d_show_all_btm?ie=UTF8&reviewerType=all_reviews&pageNumber=7"
"I only use the iPad for Procreate but it's perfect for this.","I usually prefer windows and android products but being that I wanted to play around with procreate, I was strong armed into purchasing an Apple product. This little tablet is worth the purchase, and if any artists are curious about procreate... The program is a very 'user friendly' interface to work with in contrast to Adobe Illustrator... the only down side is that Procreate can't save work as SVG files. Good little tablet.","23 Dec 2020","Size: 128GB Style: WiFi Color: Space Gray","","Yes","Bishop Phonix","5.0","2020 Apple iPad (10.2-inch, Wi-Fi, 32GB) - Space Gray (8th Generation)","https://www.amazon.com/Apple-iPad-10-2-inch-Wi-Fi-32GB/product-reviews/B08J65DST5/ref=cm_cr_dp_d_show_all_btm?ie=UTF8&reviewerType=all_reviews&pageNumber=7"
"Not even able to turn it on!","I am unable to even turn the device on. After countless hours with support we were unable to get device to work and by that time return window had closed. RIPOFF!!","14 Nov 2020","Size: 32GB Style: WiFi Color: Space Gray","","Yes","Andrew Reinwald","1.0","2020 Apple iPad (10.2-inch, Wi-Fi, 32GB) - Space Gray (8th Generation)","https://www.amazon.com/Apple-iPad-10-2-inch-Wi-Fi-32GB/product-reviews/B08J65DST5/ref=cm_cr_dp_d_show_all_btm?ie=UTF8&reviewerType=all_reviews&pageNumber=7"
"LOVE IT","It is faster than my PC to start, upload, and download. I enjoy using it throughout the house. I also use my Kindle app and enjoy reading on it, as it is larger and brighter than my Kindle. I just wish the battery life were longer as I like to play a few games which knocks the battery down. The negative seems to be that it takes a longer time to charge and also the cord is too short..","28 Jan 2021","Size: 32GB Style: WiFi Color: Space Gray","","Yes","ARNELLE","5.0","2020 Apple iPad (10.2-inch, Wi-Fi, 32GB) - Space Gray (8th Generation)","https://www.amazon.com/Apple-iPad-10-2-inch-Wi-Fi-32GB/product-reviews/B08J65DST5/ref=cm_cr_dp_d_show_all_btm?ie=UTF8&reviewerType=all_reviews&pageNumber=7"
"Nice tablet, but Apple sure doesn't make it easy on their customers...","Because I got tired of replacing my Kindle Fires every time they get slow, I opted to give iPad a try. It's not easy to set-up unless you're an ""Apple person"" and already have an Apple ID, credit card on file, etc. The ""go back"" arrow is always at the very top of the screen in any app, so you've got to take your hand off holding the thing to touch the arrow--it should have been on the bottom. Using the Kindle app is almost impossible unless every ebook you own was purchased from Amazon. You cannot load ebooks from your PC to the iPad's Kindle app because Apple has taken the ""Apps"" button off iTunes. In years past, clicking on Apps in iTunes would open up an iPad Kindle window and you could drag your books to the Kindle App. Not anymore. The only way to do it is to email the book to the kindle address assigned to your Kindle App by Amazon and I don't think it's any of Amazon's business what ebooks I have that didn't come from them. Likewise, Calibre E-book Management software doesn't work with the iPad's build-in e-book reader unless you want to convert every book you want to read to EPUB format. Calibre cannot move a MOBI book to the Kindle App on the iPad. Additionally, while you CAN connect the iPad to a PC, all you're going to have access to is the DCIM folder, so you cannot move any files where they need to go. Apple also forces you to use iTunes to move any music to the iPad--you can't just drag and drop from Windows Explorer. Again, nice tablet, but Apple does their level best to make it hard on you if you use a PC instead of a Mac.","03 Jun 2021","Size: 128GB Style: WiFi Color: Space Gray","","Yes","Donald Gillette","4.0","2020 Apple iPad (10.2-inch, Wi-Fi, 32GB) - Space Gray (8th Generation)","https://www.amazon.com/Apple-iPad-10-2-inch-Wi-Fi-32GB/product-reviews/B08J65DST5/ref=cm_cr_dp_d_show_all_btm?ie=UTF8&reviewerType=all_reviews&pageNumber=7"
"Ipad for studies","I bought this iPad to study and to organize my studies. I waited a while to review because the I would have a complete experience of the whole device. If you're looking for an iPad to study just like me, its really a great way out! However the wisdom of writing with digital pen on the screen is being a challenge. I don't think its so easy and in the middle of the studies I leave him aside. Something that made it much easier is that I can open documents on it! The light on the iPad is very aggressive to the eyes, which makes me tire a lot to read. He's a little too heavy for me, which gets a little tired when it comes to reading. My evaluation for this product will not be one of the highest because for my use was not 100% satisfactory. If you use iPhone you will adapt quickly and its battery lasts a long time!","25 Nov 2020","Size: 128GB Style: WiFi Color: Space Gray","","Yes","Julia Lacerda","3.0","2020 Apple iPad (10.2-inch, Wi-Fi, 32GB) - Space Gray (8th Generation)","https://www.amazon.com/Apple-iPad-10-2-inch-Wi-Fi-32GB/product-reviews/B08J65DST5/ref=cm_cr_dp_d_show_all_btm?ie=UTF8&reviewerType=all_reviews&pageNumber=7"
"I guess I’m hard to please","Battery life is horrid. I even messaged support about having to charge it every day from merely playing scrabble. That’s it. I was playing scrabble and had to charge every day. I was disappointed that it doesn’t unlock with facial ID. Should’ve read closer. Naturally assume a new version would have that feature but I guess I needed PRO for that. It just feels like I have a bigger version of my phone and I can still do far more with my phone than I can with this iPad. I like Apple but I’m not feeling this iPad. Should’ve stuck with my mini.","07 Jan 2021","Size: 128GB Style: WiFi Color: Gold","","Yes","Santacular","2.0","2020 Apple iPad (10.2-inch, Wi-Fi, 32GB) - Space Gray (8th Generation)","https://www.amazon.com/Apple-iPad-10-2-inch-Wi-Fi-32GB/product-reviews/B08J65DST5/ref=cm_cr_dp_d_show_all_btm?ie=UTF8&reviewerType=all_reviews&pageNumber=7"
"This is a good product but ipad has newer models now!","I recently bought this iPad. I also have an iphone 11 pro. In my first week of using it, i realized that I should get a newer ipad model. Some of the apps don't update for this version of ipad. Also, the app responsiveness, ease in switching applications etc is drastically different on my phone vs the iPad. I returned this item and bought an iPad Air instead. I instantly knew, i had made the correct decision. Ipad Air not just looks great, it has the same touch controls I get on my iphone. App switching is frustration free. Personally, I also like that the touch sensor is on the top, instead of the bottom center in the older versions. I am not trashing ipad older models, they are great products also. There are just better/newer products in the market. If you can afford to spend a few hundred bucks more, I would strongly suggest you to go for ipad air instead!","23 Mar 2021","Size: 32GB Style: WiFi Color: Space Gray","","Yes","Ankit Gangal","3.0","2020 Apple iPad (10.2-inch, Wi-Fi, 32GB) - Space Gray (8th Generation)","https://www.amazon.com/Apple-iPad-10-2-inch-Wi-Fi-32GB/product-reviews/B08J65DST5/ref=cm_cr_dp_d_show_all_btm?ie=UTF8&reviewerType=all_reviews&pageNumber=8"
"The BOOK OF ANSWERS in one word.......","This a beautiful iPad! It’s my fourth one since 2012. I still have an iPad Pro and iPad Air and use them all. Have an old 2014 iPad that is showing it’s age...the earphone jack quit working and the charge entry is wonky. So I treated myself to the 8th gen iPad. It’s sleep and works like a dream. Seller shipped it promptly and securely, and I am a happy camper at 74 years young. . Also, I love the four digit passcode because I hate the thumbprint I.d. And I don’t want the face recognition one either.","16 Jan 2021","Size: 128GB Style: WiFi Color: Gold","","Yes","Carol T.","5.0","2020 Apple iPad (10.2-inch, Wi-Fi, 32GB) - Space Gray (8th Generation)","https://www.amazon.com/Apple-iPad-10-2-inch-Wi-Fi-32GB/product-reviews/B08J65DST5/ref=cm_cr_dp_d_show_all_btm?ie=UTF8&reviewerType=all_reviews&pageNumber=8"
"this ipad is a rip-off","after you receive it, and find out it has no sim card, they try to tell you that you have to order that separately.  they say that it says that in the ""grey shaded box at the bottom of the picture of 4 ipads"".  I cannot find that anywhere on the page i ordered this ipad from, from amazon.  When i try to tell amazon that there is no grey shaded area with the information that i have to order a sim card separately, they just keep saying there is!  i finally gave up and returning it on prinicpal.","04 Dec 2020","Size: 128GB Style: WiFi + Cellular Color: Silver","","Yes","happy bunny","1.0","2020 Apple iPad (10.2-inch, Wi-Fi, 32GB) - Space Gray (8th Generation)","https://www.amazon.com/Apple-iPad-10-2-inch-Wi-Fi-32GB/product-reviews/B08J65DST5/ref=cm_cr_dp_d_show_all_btm?ie=UTF8&reviewerType=all_reviews&pageNumber=8"
"Pleased","I don’t buy everything Apple but I do have an Apple phone and purchased this iPad. I enjoy how the phone and iPad link together and while I’m using the iPad I can read/send my text messages or take a call. However, while speaking on my iPad to a friend, she complained that she couldn’t hear me very well so I switched to my phone. I may have to try the phone feature again to mess with the volume and see if I speak with someone, I can be heard better. Purchased the 128 gig iPad just to make sure I have space. I was close to buying the 32 gig and did read that many people did just fine with the 32 gigs. Nice overall, I’m easily pleased. Not needing this iPad much just for personal and entertainment use (streaming movies, listening to music, games, artistic apps, taking notes). Having both an iPhone and iPad, the Airdrop feature is a plus. iPad arrived with no issues and brand new/not tampered with. Did not run into any issues for set up.","28 Apr 2021","Size: 128GB Style: WiFi Color: Silver","","Yes","Sea","5.0","2020 Apple iPad (10.2-inch, Wi-Fi, 32GB) - Space Gray (8th Generation)","https://www.amazon.com/Apple-iPad-10-2-inch-Wi-Fi-32GB/product-reviews/B08J65DST5/ref=cm_cr_dp_d_show_all_btm?ie=UTF8&reviewerType=all_reviews&pageNumber=8"
"Great main line iPad not perfect.","I downgraded from a 12.9” iPad Pro and have no regrets except that I do miss the Face ID. I intended to use the 12.9 at the desk a lot but ended up carrying it around always. It was just too big for that. This one is nice and light in comparison and the performance is just what you would expect. I would have to say the lack of flash for the rear camera, and the just OK quality of the front camera is a definite let down. Would have given 5 stars if not for this. Much thinner and lighter feeling than the chunkier Pro model though it is pretty much identical to last few generation iPads.","27 Jan 2021","Size: 32GB Style: WiFi Color: Silver","","Yes","( )","4.0","2020 Apple iPad (10.2-inch, Wi-Fi, 32GB) - Space Gray (8th Generation)","https://www.amazon.com/Apple-iPad-10-2-inch-Wi-Fi-32GB/product-reviews/B08J65DST5/ref=cm_cr_dp_d_show_all_btm?ie=UTF8&reviewerType=all_reviews&pageNumber=8"
"Solid tablet for the kids","We got this for my son so he would stop stealing our phones to play among us and Roblox. It is quick! This thing runs app so much better than my wife’s iPhone 7, it’s not as quick as the iPhone 12 of course but it’s solid. He loves it and the screen is a good size. What else would you expect from an apple product. Overall we are happy with it, no problems plus it can with a 20w charger which will fast charge my phone as well. That’s a plus for me. I would recommend this over other tablets. He had a relatively new fire and that thing was just so slow. This is much better.","27 Dec 2020","Size: 128GB Style: WiFi Color: Space Gray","","Yes","R Carter","5.0","2020 Apple iPad (10.2-inch, Wi-Fi, 32GB) - Space Gray (8th Generation)","https://www.amazon.com/Apple-iPad-10-2-inch-Wi-Fi-32GB/product-reviews/B08J65DST5/ref=cm_cr_dp_d_show_all_btm?ie=UTF8&reviewerType=all_reviews&pageNumber=8"
"Good Tablet","Bought this for my aunt. She loves it - uses it every day to watch news, youtube, and to chat with her family from another country. Battery life is great, typically lasting a day and a half of extreme usage. Construction is top notch. I'm not a huge fan of Apple (I own a Galaxy Tab S7), and I have to give it to Apple for making nice tablets as well. It's very light before adding a case. She also purchased a folio case which adds a little bit of weight and some good protection. We also added a screen protector, since she'll be tossing it into her purse or shoulder bag during her travels. Another thing about Apple is it's very easy when it comes to finding accessories for their devices. Overall a great tablet.","25 Apr 2021","Size: 128GB Style: WiFi Color: Gold","","Yes","Les","5.0","2020 Apple iPad (10.2-inch, Wi-Fi, 32GB) - Space Gray (8th Generation)","https://www.amazon.com/Apple-iPad-10-2-inch-Wi-Fi-32GB/product-reviews/B08J65DST5/ref=cm_cr_dp_d_show_all_btm?ie=UTF8&reviewerType=all_reviews&pageNumber=8"
"Not the newest model","It’s an iPad but once the new iPad came out it hurt the value","14 Nov 2020","Size: 32GB Style: WiFi Color: Space Gray","","Yes","Joseph ades","1.0","2020 Apple iPad (10.2-inch, Wi-Fi, 32GB) - Space Gray (8th Generation)","https://www.amazon.com/Apple-iPad-10-2-inch-Wi-Fi-32GB/product-reviews/B08J65DST5/ref=cm_cr_dp_d_show_all_btm?ie=UTF8&reviewerType=all_reviews&pageNumber=8"
"Amazing the Apple store on Amazon isn't wiping the refurbished iPads correctly","I'm now having to go through a huge process to get access back to the iPad I bought because it was still linked to the previous owner.  My daughter accidently locked and the only way to get it back was to wipe it clean.  Once I started signing back in the activation lock was still assigned to the previous owner.","04 Feb 2021","Size: 32GB Style: WiFi Color: Gold","","Yes","MATTHEW HARRISON","3.0","2020 Apple iPad (10.2-inch, Wi-Fi, 32GB) - Space Gray (8th Generation)","https://www.amazon.com/Apple-iPad-10-2-inch-Wi-Fi-32GB/product-reviews/B08J65DST5/ref=cm_cr_dp_d_show_all_btm?ie=UTF8&reviewerType=all_reviews&pageNumber=8"
"Latest iPad","Just purchased this as an upgrade for my daughter. It’s a new iPad it’s quite nice. I definitely notice an increase in speed from the new processor all in all another good Apple product","02 Oct 2020","Size: 32GB Style: WiFi Color: Gold","","Yes","Bhan","5.0","2020 Apple iPad (10.2-inch, Wi-Fi, 32GB) - Space Gray (8th Generation)","https://www.amazon.com/Apple-iPad-10-2-inch-Wi-Fi-32GB/product-reviews/B08J65DST5/ref=cm_cr_dp_d_show_all_btm?ie=UTF8&reviewerType=all_reviews&pageNumber=8"
"AWESOME ENTERTAINMENT HUB","Love the speed and battery life of this iPad. Phenomenal for delivering all my email, streaming entertainment, online shopping, and all-around browsing in a really convenient package. And combined with the Apple keyboard, it’s like another little Mac.","16 Nov 2020","Size: 128GB Style: WiFi Color: Space Gray","","Yes","wallyjabbers","5.0","2020 Apple iPad (10.2-inch, Wi-Fi, 32GB) - Space Gray (8th Generation)","https://www.amazon.com/Apple-iPad-10-2-inch-Wi-Fi-32GB/product-reviews/B08J65DST5/ref=cm_cr_dp_d_show_all_btm?ie=UTF8&reviewerType=all_reviews&pageNumber=9"
"Easy to use and last a long time.","Apple may cost more but are easy to use. Software is updates for the future are only limited to how Gig of memory you have for future updates. Android my only be updated for 2 years. Battery life is about 9 hrs. I still have two Ipad air 2's that are at least 4 years old. Replacing the one with only 16 Gig of memory. The other has 64 Gig and still is working great.","14 Nov 2020","Size: 128GB Style: WiFi Color: Gold","","Yes","Airmanchambers","5.0","2020 Apple iPad (10.2-inch, Wi-Fi, 32GB) - Space Gray (8th Generation)","https://www.amazon.com/Apple-iPad-10-2-inch-Wi-Fi-32GB/product-reviews/B08J65DST5/ref=cm_cr_dp_d_show_all_btm?ie=UTF8&reviewerType=all_reviews&pageNumber=9"
"Very similar to the previous iPad","My wife loved her 5th generation iPad so wanted to upgrade to the latest 8th generation after nearly three years of use.  She likes it but doesn't notice much difference, which is mostly streaming netflix and sending emails.  While the screen is slightly larger it is hardly noticeable when placing the two side by side.  The faster processor has also gone unnoticed.","27 Oct 2020","Size: 32GB Style: WiFi Color: Space Gray","","Yes","Fishin' Fool","5.0","2020 Apple iPad (10.2-inch, Wi-Fi, 32GB) - Space Gray (8th Generation)","https://www.amazon.com/Apple-iPad-10-2-inch-Wi-Fi-32GB/product-reviews/B08J65DST5/ref=cm_cr_dp_d_show_all_btm?ie=UTF8&reviewerType=all_reviews&pageNumber=9"
"Great value for an 8th generation iPad","I purchased this for my husband for Christmas. He had a mini iPad, but I wanted to buy him a bigger and newer one, plus the battery was not lasting long. I sure had trouble finding an 8th generation iPad. Finally, I found one and immediately purchased it because it was a great price, plus it is 10.2”, which is much larger than his mini iPad. I was pleased because it came a week earlier than was expected. Of course, I could not wait to give it to him. He really was happy with it and has been using it all the time, since he received it. With this iPad, he is able to use an Apple pen. This feature is great when you want to write notes and not have to type them. The pen is also good for drawing, and who does not draw or scribble, now and then. The battery was already partly charged when it arrived, but I put it on the charger to finish charging. It seems to hold a charge for quite a long time. I am very pleased that I found this 8th generation 2020, version iPad. It does everything that a good iPad should do and more and I highly recommend the new 8th generation one","18 Dec 2020","Size: 32GB Style: WiFi Color: Space Gray","","Yes","Charlie H","5.0","2020 Apple iPad (10.2-inch, Wi-Fi, 32GB) - Space Gray (8th Generation)","https://www.amazon.com/Apple-iPad-10-2-inch-Wi-Fi-32GB/product-reviews/B08J65DST5/ref=cm_cr_dp_d_show_all_btm?ie=UTF8&reviewerType=all_reviews&pageNumber=9"
"Reliable and very easy to use.","I use my iPad a lot and find that the battery life is not quite what I had expected.  However, it does charge quickly with the lightening charger included.  It is very user friendly and pairs perfectly with my BOSE speaker which is also the audio for my smart TV.f I love the cast feature and use it often and with multiple apps.  It syncs with my iPhone 8+ Very well and I use it as a second  cell phone.  I am able to receive phone calls and FaceTime and Zoom easily It also pairs nicely with my portable keyboard (I have ordered a mouse and assume that will pair as well).","01 Mar 2021","Size: 32GB Style: WiFi Color: Space Gray","","Yes","Kathleen Korner","5.0","2020 Apple iPad (10.2-inch, Wi-Fi, 32GB) - Space Gray (8th Generation)","https://www.amazon.com/Apple-iPad-10-2-inch-Wi-Fi-32GB/product-reviews/B08J65DST5/ref=cm_cr_dp_d_show_all_btm?ie=UTF8&reviewerType=all_reviews&pageNumber=9"
"Locked out","During setup of new I-pad I was locked out because of a passcode error.  TWO days of trying to work with Customer support left me totally confused and irate.  I was able to restore device to factory settings, but still unable to set it up.  Problem would have been easily solved with the prompt ""forgot your password"".  Now I have to erase all data before I can return the device.  IMPOSSIBLE to do when I am locked out!!","09 Feb 2021","Size: 32GB Style: WiFi Color: Gold","","Yes","Maureen McAuley","1.0","2020 Apple iPad (10.2-inch, Wi-Fi, 32GB) - Space Gray (8th Generation)","https://www.amazon.com/Apple-iPad-10-2-inch-Wi-Fi-32GB/product-reviews/B08J65DST5/ref=cm_cr_dp_d_show_all_btm?ie=UTF8&reviewerType=all_reviews&pageNumber=9"
"I would love to have a refund and possibly wait and get a laptop this product is too complicated","It’s too complicated I have a disability and it won’t allow me enough practical choices and using it successfully","05 Dec 2020","Size: 32GB Style: WiFi Color: Gold","","Yes","Gail Crawford","1.0","2020 Apple iPad (10.2-inch, Wi-Fi, 32GB) - Space Gray (8th Generation)","https://www.amazon.com/Apple-iPad-10-2-inch-Wi-Fi-32GB/product-reviews/B08J65DST5/ref=cm_cr_dp_d_show_all_btm?ie=UTF8&reviewerType=all_reviews&pageNumber=9"
"Love it!","I’ve had my iPad about a week or so now, and I’m very satisfied. I love my iPad. I love the size. I love that this one doesn’t cost an arm and a leg. I love how the battery lasts. When I made the purchase it said it wouldn’t be here until mid to end February. I received it at least a month and a half early. I was shocked it came as early as it did. Extremely happy! Thank you!","12 Jan 2021","Size: 32GB Style: WiFi Color: Space Gray","","Yes","Jen","5.0","2020 Apple iPad (10.2-inch, Wi-Fi, 32GB) - Space Gray (8th Generation)","https://www.amazon.com/Apple-iPad-10-2-inch-Wi-Fi-32GB/product-reviews/B08J65DST5/ref=cm_cr_dp_d_show_all_btm?ie=UTF8&reviewerType=all_reviews&pageNumber=9"
"Absolutely wonderful tablet","When I was looking to find a tablet to buy for art, I watched a lot of review videos trying to find the right one for me, this one being my top choice because it was the cheapest I could manage that was still compatible with many applications and tools. Maybe I was watching the wrong videos, but a lot of the reviews I've seen criticized this tablet way too harshly and I just want to say that, if you're looking for a nice tablet on a budget, this is the one for you. If you don't care about specs or minor details, I'm 99% sure you'll be happy with this tablet. If you're capable of spending a lot of money on a really nice tablet and being very critical, buy an iPad Pro! But if you're like me just looking for something that works well enough, this is the perfect choice. I was a little worried about buying it from Amazon instead of Apple, but it arrived faster than its estimated date, came in all of its original packaging, and works wonderful! It's what you'd expect from Apple: it runs very smoothly and it's user friendly. The camera quality is mediocre at best but I doubt you're looking at tablets for stellar camera action. The speakers are quite impressive in my opinion, there's touch ID on the home button, and the fact it has a headphone jack makes me very happy. All and all, highly recommend this tablet! It works great for making art and just general entertainment :]","25 Jan 2021","Size: 32GB Style: WiFi Color: Gold","","Yes","Summer","5.0","2020 Apple iPad (10.2-inch, Wi-Fi, 32GB) - Space Gray (8th Generation)","https://www.amazon.com/Apple-iPad-10-2-inch-Wi-Fi-32GB/product-reviews/B08J65DST5/ref=cm_cr_dp_d_show_all_btm?ie=UTF8&reviewerType=all_reviews&pageNumber=9"
"Oooh!!","Thin and light. I started using it for college yesterday and it's been a great experience so far! Fingerprint recognition and 2 step verification.","02 Oct 2020","Size: 32GB Style: WiFi Color: Gold","","Yes","Ashley Baker","5.0","2020 Apple iPad (10.2-inch, Wi-Fi, 32GB) - Space Gray (8th Generation)","https://www.amazon.com/Apple-iPad-10-2-inch-Wi-Fi-32GB/product-reviews/B08J65DST5/ref=cm_cr_dp_d_show_all_btm?ie=UTF8&reviewerType=all_reviews&pageNumber=9"
"Great product","Value for the money is great and it is authentic ofcourse!!! Cheaper than Walmart and shipped fast","07 Oct 2020","Size: 32GB Style: WiFi Color: Space Gray","","Yes","marc32","5.0","2020 Apple iPad (10.2-inch, Wi-Fi, 32GB) - Space Gray (8th Generation)","https://www.amazon.com/Apple-iPad-10-2-inch-Wi-Fi-32GB/product-reviews/B08J65DST5/ref=cm_cr_dp_d_show_all_btm?ie=UTF8&reviewerType=all_reviews&pageNumber=10"
"Do not buy","Received my product damaged. Had a good size dent on the left side of the iPad. Contacted data vision and they were not helpful. Sent it back and waited over a month for a return. Do not recommend at all.","22 Jan 2021","Size: 32GB Style: WiFi Color: Gold","","Yes","Katie","1.0","2020 Apple iPad (10.2-inch, Wi-Fi, 32GB) - Space Gray (8th Generation)","https://www.amazon.com/Apple-iPad-10-2-inch-Wi-Fi-32GB/product-reviews/B08J65DST5/ref=cm_cr_dp_d_show_all_btm?ie=UTF8&reviewerType=all_reviews&pageNumber=10"
"Why did I wait so long","I’m a big Apple fan from way back. I’m pretty frugal, so I hesitated to but one of these for years, feeling the MacBook and iPhone provided everything I needed. I’m sorry I waited so long. The price was right. Wasn’t sure if I should go for. Cellular or just wireless, 32Gs or more. Happy went with the frugal choice. 95% of the time I want to use it, I have wireless. I ended up deleting a few apps I never use on my iPhone to get within the memory allocation. I can access all my documents and photos from the iCloud. I’m only using 25 of the 32 GB and an very happy. I’m using 55 of my 64GB on my iPhone. One day I’ll have to figure out why I am using so much on the iPhone. I’m guessing most of it is wasted","20 Feb 2021","Size: 32GB Style: WiFi Color: Space Gray","","Yes","Trekker","5.0","2020 Apple iPad (10.2-inch, Wi-Fi, 32GB) - Space Gray (8th Generation)","https://www.amazon.com/Apple-iPad-10-2-inch-Wi-Fi-32GB/product-reviews/B08J65DST5/ref=cm_cr_dp_d_show_all_btm?ie=UTF8&reviewerType=all_reviews&pageNumber=10"
"Perfect purchase!!!","Looove this product!!! It came beautifully secured with charger and guide. Will buy again...as gifts!!!","10 Oct 2020","Size: 32GB Style: WiFi Color: Space Gray","","Yes","Anna","5.0","2020 Apple iPad (10.2-inch, Wi-Fi, 32GB) - Space Gray (8th Generation)","https://www.amazon.com/Apple-iPad-10-2-inch-Wi-Fi-32GB/product-reviews/B08J65DST5/ref=cm_cr_dp_d_show_all_btm?ie=UTF8&reviewerType=all_reviews&pageNumber=10"
"Love my purchase for school!!!","I recently decided to purchase an Apple iPad (10.2-inch, Wi-Fi, 128GB) - Gold (Latest Model, 8th Generation). This purchase was important because it is planned to be my new form of note taking for my college classes. After watching many review videos and reviews made by other people who went ahead and purchased it from apple on the amazon website, I felt confident that this model was the one for me and for the use I will be needing out of it. I ended up spending $395 on this purchase and it was money well spent and at a very good price whereas at BestBuy the same iPad with 128 GB was much more expensive. The order came swiftly and was well placed and safely packaged. There were no dents, scratches, or marks on the initial iPads box which seemed like good news. After opening the box and giving the iPad a good look down everything seemed clear and I proceeded to plug the iPad in and start the process of signing into my apple account. The process was quick and painless which made me very happy as I hate signing into things. Overall, I am so satisfied with the iPad so far. No issues whatsoever and very convenient note taking with the apple pencil I also purchased.","09 Apr 2021","Size: 128GB Style: WiFi Color: Gold","","Yes","Sara McFerrin","5.0","2020 Apple iPad (10.2-inch, Wi-Fi, 32GB) - Space Gray (8th Generation)","https://www.amazon.com/Apple-iPad-10-2-inch-Wi-Fi-32GB/product-reviews/B08J65DST5/ref=cm_cr_dp_d_show_all_btm?ie=UTF8&reviewerType=all_reviews&pageNumber=10"
"I scored it at a sales price which made it better","I'm a devout pc computer user but when I'm not at my computer, this is great to use as a laptop when on the couch or in bed. I use it mostly for playing games. Then the internet. Then emails. Then FitBit. I'm learning how to do art on it. So all things considered, I really like it. I can still use my first generation iPad Air so I'm very happy with the Apple survival rate. I expect the 8th gen version will last me long into my old age.","07 Jan 2021","Size: 32GB Style: WiFi Color: Space Gray","","Yes","Valerie","5.0","2020 Apple iPad (10.2-inch, Wi-Fi, 32GB) - Space Gray (8th Generation)","https://www.amazon.com/Apple-iPad-10-2-inch-Wi-Fi-32GB/product-reviews/B08J65DST5/ref=cm_cr_dp_d_show_all_btm?ie=UTF8&reviewerType=all_reviews&pageNumber=10"
"Just go for it","Great iPad, this's actually my first apple device and it's awesome. Note that I've written this review using the scribble feature and using an alternative pen for 30 $ which's great also.","06 Oct 2020","Size: 32GB Style: WiFi Color: Space Gray","","Yes","Omar","5.0","2020 Apple iPad (10.2-inch, Wi-Fi, 32GB) - Space Gray (8th Generation)","https://www.amazon.com/Apple-iPad-10-2-inch-Wi-Fi-32GB/product-reviews/B08J65DST5/ref=cm_cr_dp_d_show_all_btm?ie=UTF8&reviewerType=all_reviews&pageNumber=10"
"8th Generation","This is the first iPad I've purchased, and for the price I was happy, I am on my 4th iPhone and I am used to them and in fact love them.  This iPad was so easy to set up, I just put my phone near it and Wella set up.  I am not a techie person by any means, I'm a 65 year old woman with good common sense, lol so of course having an iPhone is what makes this so easy to upload all your favorite apps, and everything.","30 Nov 2020","Size: 32GB Style: WiFi Color: Space Gray","","Yes","Tina M. Anthony","5.0","2020 Apple iPad (10.2-inch, Wi-Fi, 32GB) - Space Gray (8th Generation)","https://www.amazon.com/Apple-iPad-10-2-inch-Wi-Fi-32GB/product-reviews/B08J65DST5/ref=cm_cr_dp_d_show_all_btm?ie=UTF8&reviewerType=all_reviews&pageNumber=10"
"Best Price in Town...","Love my new Ipad.  I last one i had was a 1st gen so this is quite an improvement.  Great picture, great speed great price.  Couldn't ask for a better tablet.","30 Sep 2020","Size: 128GB Style: WiFi Color: Space Gray","","Yes","ESW","5.0","2020 Apple iPad (10.2-inch, Wi-Fi, 32GB) - Space Gray (8th Generation)","https://www.amazon.com/Apple-iPad-10-2-inch-Wi-Fi-32GB/product-reviews/B08J65DST5/ref=cm_cr_dp_d_show_all_btm?ie=UTF8&reviewerType=all_reviews&pageNumber=10"
"Returned!","It took around 30 minutes for first time installation, so I have to return it. Not sure what is wrong, but it didn’t take that long time for my other iPads.","02 Dec 2020","Size: 128GB Style: WiFi Color: Silver","","Yes","Pan Garcia","1.0","2020 Apple iPad (10.2-inch, Wi-Fi, 32GB) - Space Gray (8th Generation)","https://www.amazon.com/Apple-iPad-10-2-inch-Wi-Fi-32GB/product-reviews/B08J65DST5/ref=cm_cr_dp_d_show_all_btm?ie=UTF8&reviewerType=all_reviews&pageNumber=10"
"Portable, lightweight great graphics and audio","Easy to use, lightweight and great way to access information quickly. Great for watching movies or tv shows.","14 Nov 2020","Size: 32GB Style: WiFi Color: Gold","","Yes","Joyful1","5.0","2020 Apple iPad (10.2-inch, Wi-Fi, 32GB) - Space Gray (8th Generation)","https://www.amazon.com/Apple-iPad-10-2-inch-Wi-Fi-32GB/product-reviews/B08J65DST5/ref=cm_cr_dp_d_show_all_btm?ie=UTF8&reviewerType=all_reviews&pageNumber=11"
"Defective IPad Lightning charging port","I gave this as a Christmas gift.  IPad is supposedly the best tablet in the world.  Please. Not when it's defective.  After just three months the unit stopped charging.  When we took it in for support the verdict was that the lightning cable port was ""corroded"" and therefore liquid damage was proclaimed by the geniuses at the Genius Bar.  Nonsense.  Not a drop of liquid touched this unit.  Apple is a >$2 trillion market cap company that refuses responsibility to support it's products under warranty. Gold plated connectors don't corrode, certainly not in three months.","12 Apr 2021","Size: 32GB Style: WiFi Color: Silver","","Yes","Amazon Customer","1.0","2020 Apple iPad (10.2-inch, Wi-Fi, 32GB) - Space Gray (8th Generation)","https://www.amazon.com/Apple-iPad-10-2-inch-Wi-Fi-32GB/product-reviews/B08J65DST5/ref=cm_cr_dp_d_show_all_btm?ie=UTF8&reviewerType=all_reviews&pageNumber=11"
"Very good purchase but compatible accessories are extra $$","It was a gift, ideal size, and is mostly use to download music from YouTube, if you already have an iPhone, place it close to the iPad and it will copy and transfer your photos. Great to watch tv from your provider (we have dish anywhere). I would also recommend downloading tubi tv, it’s similar to Netflix but free, stream it from your iPad and redirect it to your smart tv. The only thing is the listing should mention that the purchase is for the iPad only. People tend to think all the optional accessories come with it because of the pictures and are at extra costs","03 Jun 2021","Size: 128GB Style: WiFi Color: Gold","","Yes","Victor Barac","5.0","2020 Apple iPad (10.2-inch, Wi-Fi, 32GB) - Space Gray (8th Generation)","https://www.amazon.com/Apple-iPad-10-2-inch-Wi-Fi-32GB/product-reviews/B08J65DST5/ref=cm_cr_dp_d_show_all_btm?ie=UTF8&reviewerType=all_reviews&pageNumber=11"
"If you know you know.","I have never been a fan of Apple products as they are always too expensive. After years of Android loyalty I finally decided to give the iPad a shot. Boy was I in for a shock. Everything about this tablet is professional. I love it. Battery life is amazing, the speed is out of this world and the 10.5 inch screen is like no android I have ever used. I am hooked and it is less than a week I am using this device. I bought the cheaper 32 gig model but I will certainly be upgrading to the 168 by the end of the year. Awaiting my apple pencil to start drawing.","13 Jun 2021","Size: 32GB Style: WiFi Color: Silver","https://images-na.ssl-images-amazon.com/images/I/C1EQVC6bjYS._SY88.jpg
https://images-na.ssl-images-amazon.com/images/I/C1OlM-DZh8S._SY88.jpg","Yes","Rudy,NY.","5.0","2020 Apple iPad (10.2-inch, Wi-Fi, 32GB) - Space Gray (8th Generation)","https://www.amazon.com/Apple-iPad-10-2-inch-Wi-Fi-32GB/product-reviews/B08J65DST5/ref=cm_cr_dp_d_show_all_btm?ie=UTF8&reviewerType=all_reviews&pageNumber=11"
"Meets Expectations","This is a great product and although it is considered an entry level ipad, it matches up with what I was wanting and what I'm going to use it for.  It integrates with my iphone and it was easy to set up by migrating my iphone settings to my ipad.  I'm glad that I went ahead and got 128gb of storage as I've already used that much space setting it up similar to my phone with all my apps.","04 May 2021","Size: 128GB Style: WiFi Color: Space Gray","","Yes","AmaPhot","5.0","2020 Apple iPad (10.2-inch, Wi-Fi, 32GB) - Space Gray (8th Generation)","https://www.amazon.com/Apple-iPad-10-2-inch-Wi-Fi-32GB/product-reviews/B08J65DST5/ref=cm_cr_dp_d_show_all_btm?ie=UTF8&reviewerType=all_reviews&pageNumber=11"
"Item is good","But I returned as I was sold on higher price by Amazon Chat rep, on promise of discount once item is delivered. When I reached back chat post delivery, they denied to adjust. Mr Jeff needs to know what kind of ppl he has hired so also wrote to his email.","08 Oct 2020","Size: 32GB Style: WiFi Color: Space Gray","","Yes","G","5.0","2020 Apple iPad (10.2-inch, Wi-Fi, 32GB) - Space Gray (8th Generation)","https://www.amazon.com/Apple-iPad-10-2-inch-Wi-Fi-32GB/product-reviews/B08J65DST5/ref=cm_cr_dp_d_show_all_btm?ie=UTF8&reviewerType=all_reviews&pageNumber=11"
"Nice Upgrade","I had a much older iPad that belonged to the company I retired from. I ordered this one without the cellular option. It is faster than the one I previously had and the battery lasts much longer. The screen clarity is great and so far the new IOS seems to work flawlessly. I have had no issues with the apps I run and moving information from my old iPad to this one was not an issue. Having just the WIFI option has not been an issue for me since 95% of the time I am hooked up at home anyway. Worth the purchase to get the new 8th edition version.","27 Jan 2021","Size: 128GB Style: WiFi Color: Space Gray","","Yes","Ed Deese","5.0","2020 Apple iPad (10.2-inch, Wi-Fi, 32GB) - Space Gray (8th Generation)","https://www.amazon.com/Apple-iPad-10-2-inch-Wi-Fi-32GB/product-reviews/B08J65DST5/ref=cm_cr_dp_d_show_all_btm?ie=UTF8&reviewerType=all_reviews&pageNumber=11"
"Love it.","I made the mistake of buying an Amazon Fire 10 to save a little money. It's very proprietary and won't load apps I like.  I saved and waited for the 10.2 inch iPad to come down to $299.00. Ordered it and came in a few days, actually sooner than original delivery date.  To sum it up, I love it. I had it for 5 days before I had to recharge battery. Color and graphics on screen are perfect.  I just ordered the stylus for it. Buy it if you're looking for a good iPad that's reasonably priced and does just about everything a more expensive one does","21 Feb 2021","Size: 32GB Style: WiFi Color: Gold","","Yes","W. Ward","5.0","2020 Apple iPad (10.2-inch, Wi-Fi, 32GB) - Space Gray (8th Generation)","https://www.amazon.com/Apple-iPad-10-2-inch-Wi-Fi-32GB/product-reviews/B08J65DST5/ref=cm_cr_dp_d_show_all_btm?ie=UTF8&reviewerType=all_reviews&pageNumber=11"
"Well Built","I owned an Ipad when they first came out and I thought it sucked.  Terrible performance and limited functionality.  This model is the difference between light and day.  Extremely fast, very stable and functions like a combination mac-book and tablet.  Slap on a leather case, and you have a rugged device that is a workhorse.  Well done Apple !","13 Mar 2021","Size: 128GB Style: WiFi Color: Space Gray","","Yes","Shawn Richeson","5.0","2020 Apple iPad (10.2-inch, Wi-Fi, 32GB) - Space Gray (8th Generation)","https://www.amazon.com/Apple-iPad-10-2-inch-Wi-Fi-32GB/product-reviews/B08J65DST5/ref=cm_cr_dp_d_show_all_btm?ie=UTF8&reviewerType=all_reviews&pageNumber=11"
"Better quality to buy direct from Apple","We bought two identical iPads from Amazon in the same week for Christmas. My son’s is fantastic. My daughter’s is terrible. It’s slow and struggles to connect to games and FaceTime, etc. I am so disappointed. I plan to contact both Amazon and Apple. We pushed through for 3 months hoping it was just a wifi or user error issue, but we are confident now that it is not.","04 Apr 2021","Size: 128GB Style: WiFi Color: Space Gray","","Yes","Dawn H.","1.0","2020 Apple iPad (10.2-inch, Wi-Fi, 32GB) - Space Gray (8th Generation)","https://www.amazon.com/Apple-iPad-10-2-inch-Wi-Fi-32GB/product-reviews/B08J65DST5/ref=cm_cr_dp_d_show_all_btm?ie=UTF8&reviewerType=all_reviews&pageNumber=11"
"Worth every penny","I'd had my eye on an iPad for a long time and finally splurged and got this one, price was lower then I'd expected, quality is high like I expected using other apple products. I'm mainly using this to download and watch streaming services off line and it's been wonderful. I'll continue finding more ways to use it as we get used to it. The sound is nice and loud, the picture quality is great and I really like that it has a separate spot to plug head phones in but will also work with my special Apple headphones plugged into the charging spot.","09 Jun 2021","Size: 128GB Style: WiFi Color: Gold","","Yes","Leonna Elam","5.0","2020 Apple iPad (10.2-inch, Wi-Fi, 32GB) - Space Gray (8th Generation)","https://www.amazon.com/Apple-iPad-10-2-inch-Wi-Fi-32GB/product-reviews/B08J65DST5/ref=cm_cr_dp_d_show_all_btm?ie=UTF8&reviewerType=all_reviews&pageNumber=12"
"It's a tablet","Battery does last pretty well for the most part but I only use this for for my personal business and not for leisure use. The item is easy to use setup and add pretty much everything you need (iOS still does not allow for 3rd party sources stock) did turn off or delete everything that I wouldn't be using also. For the most part it will do what you need it to. As for value for the money I'm not sure, you could probably find another tablet for another company that has the same features or more for the same price or maybe less, but hey it's Apple.","19 Jan 2021","Size: 32GB Style: WiFi Color: Space Gray","","Yes","Points West","4.0","2020 Apple iPad (10.2-inch, Wi-Fi, 32GB) - Space Gray (8th Generation)","https://www.amazon.com/Apple-iPad-10-2-inch-Wi-Fi-32GB/product-reviews/B08J65DST5/ref=cm_cr_dp_d_show_all_btm?ie=UTF8&reviewerType=all_reviews&pageNumber=12"
"nice tablet","Happy with the overall condition of tablet. The price was good, and delivery was quick. The only thing I was disappointed with, it was not set to manufacturer's setting.  The screen is locked with a passcode which was not provided. I will have to have someone help. Other items like this that I have ordered, it was  - take it out of the box and start having fun setting it up. After seeking help from Apple and Amazon, neither one could/would resolve the locked disabled tablet issue.  The tablet is being returned.","10 Apr 2021","Size: 32GB Style: WiFi Color: Space Gray","","Yes","Bonnie B","5.0","2020 Apple iPad (10.2-inch, Wi-Fi, 32GB) - Space Gray (8th Generation)","https://www.amazon.com/Apple-iPad-10-2-inch-Wi-Fi-32GB/product-reviews/B08J65DST5/ref=cm_cr_dp_d_show_all_btm?ie=UTF8&reviewerType=all_reviews&pageNumber=12"
"Great value for the price","My husband has the iPad mini and wanted something bigger so I got him the iPad 8gen and he loves it. It’s very easy to use everything transferred over from the mini to the new one with ease, very user friendly and the price was awesome and the battery life is way better then the mini. Over all I’m very pleased with my purchase and would recommend this to everyone","05 Jan 2021","Size: 32GB Style: WiFi Color: Space Gray","","Yes","Wendy Lynem","5.0","2020 Apple iPad (10.2-inch, Wi-Fi, 32GB) - Space Gray (8th Generation)","https://www.amazon.com/Apple-iPad-10-2-inch-Wi-Fi-32GB/product-reviews/B08J65DST5/ref=cm_cr_dp_d_show_all_btm?ie=UTF8&reviewerType=all_reviews&pageNumber=12"
"Amazing deal!","Box came in a little banged up, overall the iPad was in great shape though, brand new, set it up in less than 10 minutes. This was to upgrade my daughters older iPad she had the 2012 version for the last 5 years. And it did great and still works, but won’t download any new apps because the system only updates to a certain software. This new one was the iPad 2020 version, she loves it, a much bigger screen & faster overall. I will be getting her the stylus pen soon for her to do drawing and writing on the education apps.","29 Dec 2020","Size: 32GB Style: WiFi Color: Gold","https://images-na.ssl-images-amazon.com/images/I/816sz0WckfL._SY88.jpg
https://images-na.ssl-images-amazon.com/images/I/B1TVdxN63FS._SY88.jpg
https://images-na.ssl-images-amazon.com/images/I/B1rHXX-IWYS._SY88.jpg","Yes","MelissaH","5.0","2020 Apple iPad (10.2-inch, Wi-Fi, 32GB) - Space Gray (8th Generation)","https://www.amazon.com/Apple-iPad-10-2-inch-Wi-Fi-32GB/product-reviews/B08J65DST5/ref=cm_cr_dp_d_show_all_btm?ie=UTF8&reviewerType=all_reviews&pageNumber=12"
"Sleek and powerful","The iPad is great.  It allows you to keep tabs on the weather, time and date, as well as allow you to use apps for entertainment and other purposes.  One of the things I've come to enjoy is its Books feature: you can actually read books on the iPad.  And, of course, if you want to take a look at your accounts, that is accomplished easily also.  The iPad also keeps your information safe and secure.  Apple does a great job in designing products, such as the iPad, that are tough, good-looking, and easy to use.  It's a great investment.","20 Jan 2021","Size: 32GB Style: WiFi Color: Space Gray","","Yes","David R. Steele","5.0","2020 Apple iPad (10.2-inch, Wi-Fi, 32GB) - Space Gray (8th Generation)","https://www.amazon.com/Apple-iPad-10-2-inch-Wi-Fi-32GB/product-reviews/B08J65DST5/ref=cm_cr_dp_d_show_all_btm?ie=UTF8&reviewerType=all_reviews&pageNumber=12"
"I'm sooo glad Apple developed this model","I've wanted to get my wife an Ipad for quite some tome and when Apple came out with this model for $329.00 USD I got it!  Was sooo easy to set up, and transfer all her stuff from her Iphone.  Only complaint is that it isn't internally capable of memory upgrades.  I got the 32 Gb model when found this little IOS to USB dongle... the memory problem was solved.  the set up is designed to ask you to subscribe to a bunch of stuff, so read your screens carefully before clicking OK.  I'm quite happy with my purchase,","27 Dec 2020","Size: 32GB Style: WiFi Color: Space Gray","https://images-na.ssl-images-amazon.com/images/I/91ooccDfdAL._SY88.jpg","Yes","ChIzlock","5.0","2020 Apple iPad (10.2-inch, Wi-Fi, 32GB) - Space Gray (8th Generation)","https://www.amazon.com/Apple-iPad-10-2-inch-Wi-Fi-32GB/product-reviews/B08J65DST5/ref=cm_cr_dp_d_show_all_btm?ie=UTF8&reviewerType=all_reviews&pageNumber=12"
"Great value, Great Performance","It's an iPad, one of the best tablets out there so there's not much to say. Performs well with excellent battery life and beautiful display. You can't go wrong with an iPad if you're unsure of which tablet to buy. 32gb is best value for the money too if you're casual user like using it for taking notes, browsing the web, and streaming movies. I was debating whether to buy the 128gb but I'm extremely happy with the 32gb. In hindsight, I would have regretted spending an extra $100 on more memory.","03 Jan 2021","Size: 32GB Style: WiFi Color: Space Gray","https://images-na.ssl-images-amazon.com/images/I/81wqeICaZPL._SY88.jpg","Yes","Psalm","5.0","2020 Apple iPad (10.2-inch, Wi-Fi, 32GB) - Space Gray (8th Generation)","https://www.amazon.com/Apple-iPad-10-2-inch-Wi-Fi-32GB/product-reviews/B08J65DST5/ref=cm_cr_dp_d_show_all_btm?ie=UTF8&reviewerType=all_reviews&pageNumber=12"
"There are some software issues that still need to be resolved","I order tickets from American Airlines. When I get to the page where I am asked to click to go to the credit card field, clicking that link brings up an ‘hour glass’ for a moment and takes me back to the previous field where I can stay in that loop forever. I have to order ticks over my iPhone. When I look at Fox News, as an example, I will be scrolling the window upward and frequently I am taken to the desktop. I will be in messenger and will not be able to scroll to the end of the message. It springs back. If it contains a link, I am not able to select the link that slips out of view. I am on OS 14.2. I am sure I am not the only one who has these issues. Any help there?","19 Nov 2020","Size: 128GB Style: WiFi Color: Space Gray","","Yes","Amazon Customer","4.0","2020 Apple iPad (10.2-inch, Wi-Fi, 32GB) - Space Gray (8th Generation)","https://www.amazon.com/Apple-iPad-10-2-inch-Wi-Fi-32GB/product-reviews/B08J65DST5/ref=cm_cr_dp_d_show_all_btm?ie=UTF8&reviewerType=all_reviews&pageNumber=12"
"Seriously?","My wife and I wanted to get a tablet for the household.  I was leaning toward an Android, and my wife wanted an iPad.  She insisted I'd be a convert once I started using the iPad.  It's been about a month, and I still hate it.  The audio and visual qualities are just fine.  However, the touch interface sucks.  It frequently doesn't register when I'm trying to interact with it, and the fingerprint unlock doesn't work well at all. Save your money and go with something else.","14 Jun 2021","Size: 128GB Style: WiFi Color: Space Gray","","Yes","From Detroit","1.0","2020 Apple iPad (10.2-inch, Wi-Fi, 32GB) - Space Gray (8th Generation)","https://www.amazon.com/Apple-iPad-10-2-inch-Wi-Fi-32GB/product-reviews/B08J65DST5/ref=cm_cr_dp_d_show_all_btm?ie=UTF8&reviewerType=all_reviews&pageNumber=12"
"Not impressed so far","I've never owned an Apple product. This came. No manual, nothing pointing out what is what on the thing. I couldn't figure out how to turn in on at first. I pushed buttons on the side and then the dot on the front. I don't know what I'm doing with it. Got it to download fitness app for my treadmill. I got locked out within the first hour. I didn't write down what I used for which password. Now I have a $400 dark screen that is useless. Yippie.","01 Apr 2021","Size: 128GB Style: WiFi Color: Gold","","Yes","islander","2.0","2020 Apple iPad (10.2-inch, Wi-Fi, 32GB) - Space Gray (8th Generation)","https://www.amazon.com/Apple-iPad-10-2-inch-Wi-Fi-32GB/product-reviews/B08J65DST5/ref=cm_cr_dp_d_show_all_btm?ie=UTF8&reviewerType=all_reviews&pageNumber=13"
"Apple's the best","As always, Apple's products always come with good quality, the 8th gen Ipad is the next one, i got it, and everything so good, the screen, the size, perfect, thanks!","09 Oct 2020","Size: 32GB Style: WiFi Color: Gold","","Yes","Kira Tran","5.0","2020 Apple iPad (10.2-inch, Wi-Fi, 32GB) - Space Gray (8th Generation)","https://www.amazon.com/Apple-iPad-10-2-inch-Wi-Fi-32GB/product-reviews/B08J65DST5/ref=cm_cr_dp_d_show_all_btm?ie=UTF8&reviewerType=all_reviews&pageNumber=13"
"Good but not impressed so much","Well, not my first ipad. Just fulfill my expectation. I really think 32GB is quite enough as I only use it for youtube or emails. No need to go with 128GB. Still highly recommend since ""every ipad is claimed by Cook to be perfect so far"". lol.","10 Oct 2020","Size: 128GB Style: WiFi Color: Space Gray","","Yes","Angela Chi","3.0","2020 Apple iPad (10.2-inch, Wi-Fi, 32GB) - Space Gray (8th Generation)","https://www.amazon.com/Apple-iPad-10-2-inch-Wi-Fi-32GB/product-reviews/B08J65DST5/ref=cm_cr_dp_d_show_all_btm?ie=UTF8&reviewerType=all_reviews&pageNumber=13"
"Can I exchange this iPad for another one better?","I’m not happy with this product, it is very heavy, after few minutes using my hands are very painful. I’m not able to return this iPad and exchange for another one because my return window closed January 31 2021. The purchase date was November 2020 but the give to me February 8 2021 for my birthday. What can I do.?","02 Mar 2021","Size: 128GB Style: WiFi Color: Space Gray","","Yes","Amalia Dolcemascolo","1.0","2020 Apple iPad (10.2-inch, Wi-Fi, 32GB) - Space Gray (8th Generation)","https://www.amazon.com/Apple-iPad-10-2-inch-Wi-Fi-32GB/product-reviews/B08J65DST5/ref=cm_cr_dp_d_show_all_btm?ie=UTF8&reviewerType=all_reviews&pageNumber=13"
"Beautiful graphics, rich colors","This is my first Apple product and I LOVE IT! The graphics are beautiful and app choices are mindboggling. Will never be without an iPad again.","14 Mar 2021","Size: 32GB Style: WiFi Color: Gold","","Yes","Miss Pisces","5.0","2020 Apple iPad (10.2-inch, Wi-Fi, 32GB) - Space Gray (8th Generation)","https://www.amazon.com/Apple-iPad-10-2-inch-Wi-Fi-32GB/product-reviews/B08J65DST5/ref=cm_cr_dp_d_show_all_btm?ie=UTF8&reviewerType=all_reviews&pageNumber=13"
"Great buy!!!!","I bought this iPad for my friend as a Christmas gift and I couldn’t believe how low the price was for the generation 8 model. I ended up setting it up for him and it’s beautiful. It came in its original Apple sealed packaged box. Everything was in there. I would highly recommend buying one.","17 Mar 2021","Size: 32GB Style: WiFi Color: Space Gray","","Yes","Michelle Saoud","5.0","2020 Apple iPad (10.2-inch, Wi-Fi, 32GB) - Space Gray (8th Generation)","https://www.amazon.com/Apple-iPad-10-2-inch-Wi-Fi-32GB/product-reviews/B08J65DST5/ref=cm_cr_dp_d_show_all_btm?ie=UTF8&reviewerType=all_reviews&pageNumber=13"
"Sze","Could not even get it on----so I could not honestly evaluate its quality-----made for children????","04 Nov 2020","Size: 32GB Style: WiFi Color: Silver","","Yes","Corky","1.0","2020 Apple iPad (10.2-inch, Wi-Fi, 32GB) - Space Gray (8th Generation)","https://www.amazon.com/Apple-iPad-10-2-inch-Wi-Fi-32GB/product-reviews/B08J65DST5/ref=cm_cr_dp_d_show_all_btm?ie=UTF8&reviewerType=all_reviews&pageNumber=13"
"This was/is a used phone I paid $300 for garbage","This phone is garbage. I want my money back. When people call me they cannot understand a word that I am saying. Most of the time they cannot even hear me. And most of the time I cannot hear them. I really would like my money back.A friend gave me his iPhone and the phone that I bought from you is in a corner somewhere. I want my money back I feel like I’ve been scammed. I called a couple of times and spoke to a couple people and they wanna send me through all of these processes that I don’t have a clue what to do. I want my money back,And you can have your garbage phone back.It’s not even worth three dollars let alone 300","12 Apr 2021","Size: 32GB Style: WiFi Color: Space Gray","","Yes","Ms Poe","1.0","2020 Apple iPad (10.2-inch, Wi-Fi, 32GB) - Space Gray (8th Generation)","https://www.amazon.com/Apple-iPad-10-2-inch-Wi-Fi-32GB/product-reviews/B08J65DST5/ref=cm_cr_dp_d_show_all_btm?ie=UTF8&reviewerType=all_reviews&pageNumber=13"
"Don’t expect the automatic data restores to work","I love Apple products, but the constant failures to transfer data, always takes the fun out of getting a brand new device. Allow your iPhone to setup your new iPad, failure. Try your old iPad, failure. Setup manually, maybe some day it will finish, but I’m guessing that will be tomorrow. Right now it’s stick on the passcode. I hate to sound like an old timer, but I miss the days when Apple products worked right out of the box abd didn’t act like PCs.","14 Dec 2020","Size: 32GB Style: WiFi Color: Gold","","Yes","Tiffany","5.0","2020 Apple iPad (10.2-inch, Wi-Fi, 32GB) - Space Gray (8th Generation)","https://www.amazon.com/Apple-iPad-10-2-inch-Wi-Fi-32GB/product-reviews/B08J65DST5/ref=cm_cr_dp_d_show_all_btm?ie=UTF8&reviewerType=all_reviews&pageNumber=13"
"Read everything before doing anything","Apple is a different kind of store. They do not at concern themselves with how the general public thinks or reasons. Thus the complaints,ie. “didn’t come with the keypad.” Most adds will tell you up front that a particular accessory is “sold separately “ like batteries. I was expecting at least the Apple Pen for it is all over the add on Amazon. Not until I scrolled all the way to the bottom of the add did it say accessories sol separately. The add should have at least offered the keypad and pen but that wasn’t an option in this add. Disappointed? Yes, but lesson learned. However I refuse to think like Apple. I prefer to think logically and at least attempt to understand the consumers way of thinking.","15 May 2021","Size: 128GB Style: WiFi Color: Space Gray","","Yes","Dana G. Lazzareschi","3.0","2020 Apple iPad (10.2-inch, Wi-Fi, 32GB) - Space Gray (8th Generation)","https://www.amazon.com/Apple-iPad-10-2-inch-Wi-Fi-32GB/product-reviews/B08J65DST5/ref=cm_cr_dp_d_show_all_btm?ie=UTF8&reviewerType=all_reviews&pageNumber=13"
"Excelente producto","Excelente, muy utili para mis apuntes de trabajo y estudios, registre la fecha de compra y activo la garantía vigente, 1 año gratis de Apple TV+ y 3 meses de gratis de Apple Arcade.","17 Dec 2020","Size: 32GB Style: WiFi Color: Space Gray","","Yes","Xavier M.","5.0","2020 Apple iPad (10.2-inch, Wi-Fi, 32GB) - Space Gray (8th Generation)","https://www.amazon.com/Apple-iPad-10-2-inch-Wi-Fi-32GB/product-reviews/B08J65DST5/ref=cm_cr_dp_d_show_all_btm?ie=UTF8&reviewerType=all_reviews&pageNumber=14"
"Pricing is much better than iPad Pro which I don’t need","This is 8th generation and I had a 6th generation that I passed on to family member. They are fantastic for my needs as I don’t need an iPad Pro as would rarely use feature differences. Pricing is reasonable and the Apple family of features is what you really want as I have had Androids before. The ability to link between devices like phone is great. I can answer calls on iPad as is set up to do even though it is wi-fi only.","18 Feb 2021","Size: 32GB Style: WiFi Color: Gold","","Yes","J Whitmer","5.0","2020 Apple iPad (10.2-inch, Wi-Fi, 32GB) - Space Gray (8th Generation)","https://www.amazon.com/Apple-iPad-10-2-inch-Wi-Fi-32GB/product-reviews/B08J65DST5/ref=cm_cr_dp_d_show_all_btm?ie=UTF8&reviewerType=all_reviews&pageNumber=14"
"Love it, but slow","This was a good buy and I don't regret buying it, but it is the slowest iPad I have ever owned. That is my only complaint.","10 Mar 2021","Size: 32GB Style: WiFi Color: Space Gray","","Yes","Queen Jaw Jaw","4.0","2020 Apple iPad (10.2-inch, Wi-Fi, 32GB) - Space Gray (8th Generation)","https://www.amazon.com/Apple-iPad-10-2-inch-Wi-Fi-32GB/product-reviews/B08J65DST5/ref=cm_cr_dp_d_show_all_btm?ie=UTF8&reviewerType=all_reviews&pageNumber=14"
"Impressive Device with a Real Home Button","Responsive and good graphics.  Having a physical Home button is very nice. It would have been nice to use a USB-C charging port. The only other disappointment are the poor iPad apps.  No Apple weather, calculator, or alarm clock app is shameful.  Still, an impressive piece of hardware.","03 Nov 2020","Size: 32GB Style: WiFi Color: Gold","","Yes","Camera Shy","5.0","2020 Apple iPad (10.2-inch, Wi-Fi, 32GB) - Space Gray (8th Generation)","https://www.amazon.com/Apple-iPad-10-2-inch-Wi-Fi-32GB/product-reviews/B08J65DST5/ref=cm_cr_dp_d_show_all_btm?ie=UTF8&reviewerType=all_reviews&pageNumber=14"
"Much better than the original","I bought this to replace one of the original IPads that I have had for many years that was unable to connect with my Router anymore.  This one works faster and has more memory. Because of the age of the old one, transferring data was not easy and I'm actually still working on it, but I'll get there eventually.  Fortunately the old one works except no internet so I'll eventually get all my old data from it.  just slowly.","25 Mar 2021","Size: 128GB Style: WiFi Color: Silver","","Yes","GaryN","5.0","2020 Apple iPad (10.2-inch, Wi-Fi, 32GB) - Space Gray (8th Generation)","https://www.amazon.com/Apple-iPad-10-2-inch-Wi-Fi-32GB/product-reviews/B08J65DST5/ref=cm_cr_dp_d_show_all_btm?ie=UTF8&reviewerType=all_reviews&pageNumber=14"
"A GREAT PRODUCT","As much as I hate Apple's staff arrogance and the company not being behind their product when something goes wrong (Think Iphone 6 + build too thin and the screen would break - 3 times for me). This being said, the 8th generation Ipad is a wonderful machine. Easy to load all the info from your phone, clear picture, good sound etc...","25 Jan 2021","Size: 32GB Style: WiFi Color: Gold","","Yes","Bernard","5.0","2020 Apple iPad (10.2-inch, Wi-Fi, 32GB) - Space Gray (8th Generation)","https://www.amazon.com/Apple-iPad-10-2-inch-Wi-Fi-32GB/product-reviews/B08J65DST5/ref=cm_cr_dp_d_show_all_btm?ie=UTF8&reviewerType=all_reviews&pageNumber=14"
"Love my new 8th generation ipad","This was a Christmas gift from family as my older 3rd generation ipads external speakers had died and had to use headphones to hear it. New ipad has better sound, better screen picture, and new features which honestly I might never use but it's great.  Using my old one as backup to watch movies or on dock to play music. Also have Amazon Fire for reading and also backup so I'm covered and happy with all my devices.","30 Jan 2021","Size: 128GB Style: WiFi Color: Space Gray","","Yes","Amazon Customer","5.0","2020 Apple iPad (10.2-inch, Wi-Fi, 32GB) - Space Gray (8th Generation)","https://www.amazon.com/Apple-iPad-10-2-inch-Wi-Fi-32GB/product-reviews/B08J65DST5/ref=cm_cr_dp_d_show_all_btm?ie=UTF8&reviewerType=all_reviews&pageNumber=14"
"It’s made it BEFORE the delivery date","First, I was suppose to get this on the 23rd this month, but it came today! A-mazing  It is new and fresh in the box. I can’t fully leave a review because I just received the iPad and haven’t had a chance to fully use it. I’ll come back and update my review :)","06 Jan 2021","Size: 32GB Style: WiFi Color: Gold","https://images-na.ssl-images-amazon.com/images/I/B1CJAYw5OkS._SY88.jpg
https://images-na.ssl-images-amazon.com/images/I/B1RLbIBHVdS._SY88.jpg","Yes","JAZ","5.0","2020 Apple iPad (10.2-inch, Wi-Fi, 32GB) - Space Gray (8th Generation)","https://www.amazon.com/Apple-iPad-10-2-inch-Wi-Fi-32GB/product-reviews/B08J65DST5/ref=cm_cr_dp_d_show_all_btm?ie=UTF8&reviewerType=all_reviews&pageNumber=14"
"Ineligible for adding Apple care but great product for a fantastic price!","Overall a great deal! Bought for family use and We all love it ages  7-47!!! Unfortunately it looks as though I can’t add Apple care plus as the serial number is “ineligible”.( Thinking a big purchase was made over 60 days ago...and now they’re selling?!) hence the four stars review. Anyway, this is a great upgrade and still has a home button so very familiar to our iPad mini from years ago!","26 Dec 2020","Size: 32GB Style: WiFi Color: Gold","","Yes","annonymous NH","4.0","2020 Apple iPad (10.2-inch, Wi-Fi, 32GB) - Space Gray (8th Generation)","https://www.amazon.com/Apple-iPad-10-2-inch-Wi-Fi-32GB/product-reviews/B08J65DST5/ref=cm_cr_dp_d_show_all_btm?ie=UTF8&reviewerType=all_reviews&pageNumber=14"
"Love it!","Disappointed at 1st that it wasn’t in stock until after my anniversary but then it came 4 days before anniversary! Gift to my husband, we both love it! Do yourself a favor and also buy the flexbook 6-in-1 keyboard case by TYPECASE for it. And yes it also fits 8th generation. Like having a very versatile mini laptop as well as being able to use it as an tablet! Absolutely Love the 2 together! Both good purchases","13 Dec 2020","Size: 128GB Style: WiFi Color: Space Gray","","Yes","wendy","5.0","2020 Apple iPad (10.2-inch, Wi-Fi, 32GB) - Space Gray (8th Generation)","https://www.amazon.com/Apple-iPad-10-2-inch-Wi-Fi-32GB/product-reviews/B08J65DST5/ref=cm_cr_dp_d_show_all_btm?ie=UTF8&reviewerType=all_reviews&pageNumber=14"
"IPad wrks fine 4 me","Very nice I already had one purchased for me and I didn't know. Oops My hubby fixed me up with the very same one! The one I received that I ordered from Amazon was very nice but sent it back. I can tell you though it is worth the money very easy to use the battery last about 8-10 hrs on me course I will turn off when I'm not using it which helps also. I don't think you can go wrong with purchasing this iPad.  I know I'm loving mine.","11 Feb 2021","Size: 32GB Style: WiFi Color: Space Gray","","Yes","Deb","5.0","2020 Apple iPad (10.2-inch, Wi-Fi, 32GB) - Space Gray (8th Generation)","https://www.amazon.com/Apple-iPad-10-2-inch-Wi-Fi-32GB/product-reviews/B08J65DST5/ref=cm_cr_dp_d_show_all_btm?ie=UTF8&reviewerType=all_reviews&pageNumber=15"
"Wife Loves her Christmas present","Bought this for my wife for Christmas to replace her older android tablet since she has an iphone. The rose gold color is beautiful and she loves it. This is a tablet and a little large to carry around as a camera, but when you want a camera and it is thwre it is better than having to dig out your phone and I have to say that the quality is even better than expected and the photo display on the tablet is excellent, bright and clear.","01 Jan 2021","Size: 128GB Style: WiFi Color: Gold","","Yes","Dennis Dahne","5.0","2020 Apple iPad (10.2-inch, Wi-Fi, 32GB) - Space Gray (8th Generation)","https://www.amazon.com/Apple-iPad-10-2-inch-Wi-Fi-32GB/product-reviews/B08J65DST5/ref=cm_cr_dp_d_show_all_btm?ie=UTF8&reviewerType=all_reviews&pageNumber=15"
"i would not buy again","Bought this apple ipad gen 8 and after 4 hours of trying to establish a Apple account kept getting look at my e mail for verification number several times it came back not the right number and hit resend and the same thing so I sent it back","06 May 2021","Size: 128GB Style: WiFi Color: Space Gray","","Yes","Wayne E Kean","1.0","2020 Apple iPad (10.2-inch, Wi-Fi, 32GB) - Space Gray (8th Generation)","https://www.amazon.com/Apple-iPad-10-2-inch-Wi-Fi-32GB/product-reviews/B08J65DST5/ref=cm_cr_dp_d_show_all_btm?ie=UTF8&reviewerType=all_reviews&pageNumber=15"
"Great value!!!!!","This was a great value for the money, I was so happy to find this deal. My daughter loves her Ipad and wouldn't have been able to get one otherwise. It was delivered earlier than expected and just in time for Christmas! Set up was simple and it's easy to use overall. The battery life is long, storage is good and the appearance is sleek. I bought rose gold, which looks beautiful! Very pleased with this purchase!","26 Dec 2020","Size: 32GB Style: WiFi Color: Gold","","Yes","Andrea Irizarry","5.0","2020 Apple iPad (10.2-inch, Wi-Fi, 32GB) - Space Gray (8th Generation)","https://www.amazon.com/Apple-iPad-10-2-inch-Wi-Fi-32GB/product-reviews/B08J65DST5/ref=cm_cr_dp_d_show_all_btm?ie=UTF8&reviewerType=all_reviews&pageNumber=15"
"Good tablet, mediocre camera","Nothing I can say that hasn’t been said, but despite great functionality and reliability otherwise, the camera sucks. Not sure why that’s even a thing this far into the digital camera age, but it’s just not a very good camera. It looks grainy on the preview screen and after taking a shot. My old iPhone 7 is clearer, so I just don’t understand the purpose of neglecting that on a $450 tablet.","30 Mar 2021","Size: 128GB Style: WiFi Color: Space Gray","","Yes","Randy F. Stallion","4.0","2020 Apple iPad (10.2-inch, Wi-Fi, 32GB) - Space Gray (8th Generation)","https://www.amazon.com/Apple-iPad-10-2-inch-Wi-Fi-32GB/product-reviews/B08J65DST5/ref=cm_cr_dp_d_show_all_btm?ie=UTF8&reviewerType=all_reviews&pageNumber=15"
"Great deal!","I bought 2 of these before.  I gave my Ipad to my mom so I have been waiting to get another with the price lower again. I use it for my JW app, as well as a couple games like Words and Gardenscapes.  Everything downloaded fast. holds a very long charge. I got the used one, damaged box item.  for a dent on a box and a perfectly good Ipadand only paying $350? i think it was.. totally worth it.  I didnt buy it for the box.  Just whats inside.","01 Nov 2020","Size: 32GB Style: WiFi Color: Silver","","Yes","IB","5.0","2020 Apple iPad (10.2-inch, Wi-Fi, 32GB) - Space Gray (8th Generation)","https://www.amazon.com/Apple-iPad-10-2-inch-Wi-Fi-32GB/product-reviews/B08J65DST5/ref=cm_cr_dp_d_show_all_btm?ie=UTF8&reviewerType=all_reviews&pageNumber=15"
"GREAT PURCHASE","This iPad is worth every penny. I use it for work and watchign videos, reading, etc. It's great for light use, and can even support heavier use, though the battery life would be shorter.","15 Nov 2020","Size: 32GB Style: WiFi Color: Space Gray","","Yes","Raquel da Cunha","5.0","2020 Apple iPad (10.2-inch, Wi-Fi, 32GB) - Space Gray (8th Generation)","https://www.amazon.com/Apple-iPad-10-2-inch-Wi-Fi-32GB/product-reviews/B08J65DST5/ref=cm_cr_dp_d_show_all_btm?ie=UTF8&reviewerType=all_reviews&pageNumber=15"
"Not Gold-Rose Gold.","This.is.not.gold. I really wish Apple would get their colors straight. They know what Rose Gold is..they sell both colors with previous models. So irritating that they can’t market it correctly.","04 Dec 2020","Size: 128GB Style: WiFi Color: Gold","","Yes","Yellowrose","4.0","2020 Apple iPad (10.2-inch, Wi-Fi, 32GB) - Space Gray (8th Generation)","https://www.amazon.com/Apple-iPad-10-2-inch-Wi-Fi-32GB/product-reviews/B08J65DST5/ref=cm_cr_dp_d_show_all_btm?ie=UTF8&reviewerType=all_reviews&pageNumber=15"
"Doesnt work","It doesnt work","19 Dec 2020","Size: 32GB Style: WiFi Color: Gold","","Yes","Jon C.","1.0","2020 Apple iPad (10.2-inch, Wi-Fi, 32GB) - Space Gray (8th Generation)","https://www.amazon.com/Apple-iPad-10-2-inch-Wi-Fi-32GB/product-reviews/B08J65DST5/ref=cm_cr_dp_d_show_all_btm?ie=UTF8&reviewerType=all_reviews&pageNumber=15"
"POOR quality. MALA calidad del software o de la BATERIA, esta que se agota en 1 hora o menos","the battery runs out very quickly, it is frustrating that something new and so expensive, does not work, I have a month with the ipad !!! ..la bateria se le agota rapidisimo, es frustrante que algo nuevo y tan caro, no sirve, tengo un mes con la ipad!!!","10 Feb 2021","Size: 32GB Style: WiFi Color: Space Gray","","Yes","delia","1.0","2020 Apple iPad (10.2-inch, Wi-Fi, 32GB) - Space Gray (8th Generation)","https://www.amazon.com/Apple-iPad-10-2-inch-Wi-Fi-32GB/product-reviews/B08J65DST5/ref=cm_cr_dp_d_show_all_btm?ie=UTF8&reviewerType=all_reviews&pageNumber=15"
"love the ipad - but the gold is more pink and white","I got the gold color because this is my second purchase and I want to tell them apart. LOVE  THE PRODUCT...but do not like the color.  It is not 'gold' but more pink and what I really hate is that the white in the front 'folds' over the top and is a big white stripe on the back. Looks trashy and cheap.  Front should be white, back should be 'gold'  with no white.  That's my opinion","25 May 2021","Size: 128GB Style: WiFi + Cellular Color: Gold","","Yes","Pat Davis","5.0","2020 Apple iPad (10.2-inch, Wi-Fi, 32GB) - Space Gray (8th Generation)","https://www.amazon.com/Apple-iPad-10-2-inch-Wi-Fi-32GB/product-reviews/B08J65DST5/ref=cm_cr_dp_d_show_all_btm?ie=UTF8&reviewerType=all_reviews&pageNumber=16"
"Impresive for the price","I wasn't expecting such great performance from a 2020 model. I cannot see the difference between the latest model and this one. I was going to gift it to my daughter but decided to keep it and buy her the same model.","01 Jun 2021","Size: 32GB Style: WiFi Color: Gold","","Yes","David Priede, PhD.","5.0","2020 Apple iPad (10.2-inch, Wi-Fi, 32GB) - Space Gray (8th Generation)","https://www.amazon.com/Apple-iPad-10-2-inch-Wi-Fi-32GB/product-reviews/B08J65DST5/ref=cm_cr_dp_d_show_all_btm?ie=UTF8&reviewerType=all_reviews&pageNumber=16"
"Nice compact to carry","I really like this compact tablet. With the Amazon Kindle reader it is perfect for my use. The surfing the net for specific data is handled very well. AS a 30 year Windows user, the operating system takes much to getting use to. It gradually happens. There are plenty of applications to keep me busy. I bought the pencil and found I do not need a mouse, or keyboard. I like it.","23 Dec 2020","Size: 32GB Style: WiFi Color: Silver","","Yes","mykecusa","5.0","2020 Apple iPad (10.2-inch, Wi-Fi, 32GB) - Space Gray (8th Generation)","https://www.amazon.com/Apple-iPad-10-2-inch-Wi-Fi-32GB/product-reviews/B08J65DST5/ref=cm_cr_dp_d_show_all_btm?ie=UTF8&reviewerType=all_reviews&pageNumber=16"
"Poorly explained","After getting this and transferring my data, worked fine until. Tried to set up a data plan and kept getting error messages. Called Verizon and was told that the units from Amazon do not ship with any Sim Card. That only took two hours with Verizon. Not one word on the Amazon site mentions anything about needing the Sim Card. I guess with Greed the management figures were all stupid and will put up with anything!!!","07 Apr 2021","Size: 32GB Style: WiFi + Cellular Color: Gold","","Yes","Saltglass","3.0","2020 Apple iPad (10.2-inch, Wi-Fi, 32GB) - Space Gray (8th Generation)","https://www.amazon.com/Apple-iPad-10-2-inch-Wi-Fi-32GB/product-reviews/B08J65DST5/ref=cm_cr_dp_d_show_all_btm?ie=UTF8&reviewerType=all_reviews&pageNumber=16"
"Great for price","I was skeptical to buy an Apple product off Amazon, but I'm so glad I did! $30 cheaper and arrived almost two weeks earlier than expected. The iPad itself is amazing. Perfect size and does everything I'd expect it to. Definitely recommend this!","31 Oct 2020","Size: 32GB Style: WiFi Color: Gold","","Yes","Amazon Customer","5.0","2020 Apple iPad (10.2-inch, Wi-Fi, 32GB) - Space Gray (8th Generation)","https://www.amazon.com/Apple-iPad-10-2-inch-Wi-Fi-32GB/product-reviews/B08J65DST5/ref=cm_cr_dp_d_show_all_btm?ie=UTF8&reviewerType=all_reviews&pageNumber=16"
"Wonderful Product","I am thoroughly enjoying this product, especially the long battery life, fast processor speed and excellent image quality. The manual is not quite as intuitive for a lifelong Android user to understand, but I'm slowly learning the Apple language and can now find things more easily. It is fairly lightweight and easy to carry around while on the stand I purchased for it.","22 Mar 2021","Size: 32GB Style: WiFi Color: Gold","","Yes","Amazon Customer","5.0","2020 Apple iPad (10.2-inch, Wi-Fi, 32GB) - Space Gray (8th Generation)","https://www.amazon.com/Apple-iPad-10-2-inch-Wi-Fi-32GB/product-reviews/B08J65DST5/ref=cm_cr_dp_d_show_all_btm?ie=UTF8&reviewerType=all_reviews&pageNumber=16"
"It is on the expensive side, but works very well for facetime with MIL at the nursing home","We bought two. One to upgrade my MIL's and one for us so we can Facetime with her during Covid since she was stuck at the nursing home. The units are relatively easy to set up with some help from YouTube. Picture quality is very good. Wi-fi works well. Not to heavy. Even with the protective cover, my wife, with arthritis, can hold the unit for reading most of the day.","29 Jan 2021","Size: 32GB Style: WiFi Color: Gold","","Yes","Mac11b20","5.0","2020 Apple iPad (10.2-inch, Wi-Fi, 32GB) - Space Gray (8th Generation)","https://www.amazon.com/Apple-iPad-10-2-inch-Wi-Fi-32GB/product-reviews/B08J65DST5/ref=cm_cr_dp_d_show_all_btm?ie=UTF8&reviewerType=all_reviews&pageNumber=16"
"Not as good as I hoped","Not happy with this version of the iPad. I can see why they moved on. Too many software “improvements” that aren’t really. I had hoped that by upgrading to a newer version, it would be better. My mistake! A few good things, however, now that I am stuck with it.I can go in an out of programs without losing thrm. The screen is slightly larger. Longer battery life. Can change color background. That’s about it.","16 May 2021","Size: 32GB Style: WiFi Color: Gold","","Yes","Kathi Wright","3.0","2020 Apple iPad (10.2-inch, Wi-Fi, 32GB) - Space Gray (8th Generation)","https://www.amazon.com/Apple-iPad-10-2-inch-Wi-Fi-32GB/product-reviews/B08J65DST5/ref=cm_cr_dp_d_show_all_btm?ie=UTF8&reviewerType=all_reviews&pageNumber=16"
"Good","Good product and easy to use and strong quality","14 Oct 2020","Size: 128GB Style: WiFi Color: Space Gray","","Yes","R Sheikh","4.0","2020 Apple iPad (10.2-inch, Wi-Fi, 32GB) - Space Gray (8th Generation)","https://www.amazon.com/Apple-iPad-10-2-inch-Wi-Fi-32GB/product-reviews/B08J65DST5/ref=cm_cr_dp_d_show_all_btm?ie=UTF8&reviewerType=all_reviews&pageNumber=16"
"IPad is so much easier than IPhone.","This IPad is a replacement for one I bought in 2014. Have been without one for a few years and forgot how nice it is to use. I purchased the WiFi version because use it almost exclusively at home. Much easier to peruse the internet and use as a reader for books. Battery life is amazing and especially enjoy the addition of the Printer interface built into the unit which negates the requirement for a third party app. Only had it for a short time but love it.","01 Apr 2021","Size: 128GB Style: WiFi Color: Space Gray","","Yes","Amazon Customer","5.0","2020 Apple iPad (10.2-inch, Wi-Fi, 32GB) - Space Gray (8th Generation)","https://www.amazon.com/Apple-iPad-10-2-inch-Wi-Fi-32GB/product-reviews/B08J65DST5/ref=cm_cr_dp_d_show_all_btm?ie=UTF8&reviewerType=all_reviews&pageNumber=16"
"Awesome iPad, pay for the extra storage","Apple fan through and through. Bought to replace a 7th gen I gave to my mom. Really only difference I can tell is processor. Might be a bit faster than 7th. I bought a 32gig and wish I spent the extra money for more storage. Nowadays 32 gigs goes fast!!!","18 Oct 2020","Size: 32GB Style: WiFi Color: Space Gray","","Yes","Bryan Berry","5.0","2020 Apple iPad (10.2-inch, Wi-Fi, 32GB) - Space Gray (8th Generation)","https://www.amazon.com/Apple-iPad-10-2-inch-Wi-Fi-32GB/product-reviews/B08J65DST5/ref=cm_cr_dp_d_show_all_btm?ie=UTF8&reviewerType=all_reviews&pageNumber=17"
"iPad - worth the money","We love our iPad. We bought this so we could FaceTime on a bigger screen than my iPhone and also so we could watch YouTube tv while cooking in the kitchen. We have a kindle fire and you cannot download YouTube tv app on it. The kindle seemed to work fine for us, but now compare it to the iPad it seems like the kindle is SO slow. The iPad is so fast, the screen is larger and the battery life lasts longer. Great purchase. Also got a free year of Apple TV to try which is great.","24 Mar 2021","Size: 32GB Style: WiFi Color: Space Gray","","Yes","C. Ouellette","5.0","2020 Apple iPad (10.2-inch, Wi-Fi, 32GB) - Space Gray (8th Generation)","https://www.amazon.com/Apple-iPad-10-2-inch-Wi-Fi-32GB/product-reviews/B08J65DST5/ref=cm_cr_dp_d_show_all_btm?ie=UTF8&reviewerType=all_reviews&pageNumber=17"
"Good","It’s good. It’s probably my fault that I missed this but it’s textured a little bit. So my husband feels it detracts from the screen clarity when streaming. Just FYI for those that use their iPad to do mostly streaming.","13 Jan 2021","Size: 32GB Style: WiFi Color: Gold","","Yes","Erin","4.0","2020 Apple iPad (10.2-inch, Wi-Fi, 32GB) - Space Gray (8th Generation)","https://www.amazon.com/Apple-iPad-10-2-inch-Wi-Fi-32GB/product-reviews/B08J65DST5/ref=cm_cr_dp_d_show_all_btm?ie=UTF8&reviewerType=all_reviews&pageNumber=17"
"Legitimate Apple Product! 1 year warranty with Apple","Do not be afraid to order this Apple product. It came perfectly sealed. I immediately took it to the Apple store and confirmed that the serial number was legit therefore it is eligible for the 1 year warranty. Way to go Amazon!","14 Nov 2020","Size: 32GB Style: WiFi Color: Gold","","Yes","Amazon Customer","5.0","2020 Apple iPad (10.2-inch, Wi-Fi, 32GB) - Space Gray (8th Generation)","https://www.amazon.com/Apple-iPad-10-2-inch-Wi-Fi-32GB/product-reviews/B08J65DST5/ref=cm_cr_dp_d_show_all_btm?ie=UTF8&reviewerType=all_reviews&pageNumber=17"
"Great value and amazingly durable for everyone","This is a very very good tablet and for the price it can't be beat especially for all that it does and the brand name. The storage capacity is awesome and the battery life is great! I bought this for my daughter for Christmas because I knew IOS has lots of good drawing and art programs and that's what she uses it for is artwork. Very pleased and she is absolutely in love with it!","05 Apr 2021","Size: 128GB Style: WiFi Color: Space Gray","","Yes","Pretty Brown Eyes","5.0","2020 Apple iPad (10.2-inch, Wi-Fi, 32GB) - Space Gray (8th Generation)","https://www.amazon.com/Apple-iPad-10-2-inch-Wi-Fi-32GB/product-reviews/B08J65DST5/ref=cm_cr_dp_d_show_all_btm?ie=UTF8&reviewerType=all_reviews&pageNumber=17"
"Must buy","This is the third iPad possibly the fourth I bought bought off Amazon and the first one that I did not have some kind of Problem with this iPad is exactly what it should be however the three dollar a month insurance is totally worth it if you’re looking at this because you’re unsure if it’s a good purchase take my word for it it is definitely a good purchase","10 May 2021","Size: 32GB Style: WiFi Color: Silver","","Yes","Amazon Customer","5.0","2020 Apple iPad (10.2-inch, Wi-Fi, 32GB) - Space Gray (8th Generation)","https://www.amazon.com/Apple-iPad-10-2-inch-Wi-Fi-32GB/product-reviews/B08J65DST5/ref=cm_cr_dp_d_show_all_btm?ie=UTF8&reviewerType=all_reviews&pageNumber=17"
"It's my first Ipad and I really like it","I bought this thing for one purpose. To watch T.V. when I go camping or just out in the woods on my SXS. Verizon didn't have them and they just about insisted on me adding a line for this. So, I bought it here and a way better price. I've been using and after years of only using an Iphone for damn near everything, I'm already spoiled by the size of it and ease of use.","15 Mar 2021","Size: 32GB Style: WiFi Color: Space Gray","","Yes","Joseph M. Guydosh","5.0","2020 Apple iPad (10.2-inch, Wi-Fi, 32GB) - Space Gray (8th Generation)","https://www.amazon.com/Apple-iPad-10-2-inch-Wi-Fi-32GB/product-reviews/B08J65DST5/ref=cm_cr_dp_d_show_all_btm?ie=UTF8&reviewerType=all_reviews&pageNumber=17"
"Love it!!","Honest review. I was scared to buy this after reading the reviews, but I’m glad that I did. This is my first iPad ever and I’ve instantly fallen in love. No dents, scratches, etc. it’s perfect, like it came straight from Apple. Will definitely recommend this item.","26 Mar 2021","Size: 128GB Style: WiFi Color: Gold","https://images-na.ssl-images-amazon.com/images/I/C12Oqz7VWVS._SY88.jpg","Yes","Tiffany McQueen","5.0","2020 Apple iPad (10.2-inch, Wi-Fi, 32GB) - Space Gray (8th Generation)","https://www.amazon.com/Apple-iPad-10-2-inch-Wi-Fi-32GB/product-reviews/B08J65DST5/ref=cm_cr_dp_d_show_all_btm?ie=UTF8&reviewerType=all_reviews&pageNumber=17"
"Amazon stands behind their product!!! Thank you ","The tablet is amazing and quick but had white vertical lines appear and distortion like everything is doubled.  Amazon has sent a replacement quickly and will see what happens.  Tablet was in a case and never dropped or wet. Is it possibly the magnetic case? Don't know. Amazon said probably not the case.","25 Feb 2021","Size: 32GB Style: WiFi Color: Gold","","Yes","firedawg","4.0","2020 Apple iPad (10.2-inch, Wi-Fi, 32GB) - Space Gray (8th Generation)","https://www.amazon.com/Apple-iPad-10-2-inch-Wi-Fi-32GB/product-reviews/B08J65DST5/ref=cm_cr_dp_d_show_all_btm?ie=UTF8&reviewerType=all_reviews&pageNumber=17"
"Love my iPad! And its protective case!","I finally splurged and got myself an iPad! I love it! I have no regrets. It links up with my iPhone and Apple Watch of course but when my sister called me on my phone and it also rang on my iPad it hit home how cool that was! I also purchased a protective case for it because I’m rough on things without meaning to be. I love the case too!","27 Nov 2020","Size: 32GB Style: WiFi Color: Gold","https://images-na.ssl-images-amazon.com/images/I/71QcZrLr3WL._SY88.jpg
https://images-na.ssl-images-amazon.com/images/I/81NhN4rIgaL._SY88.jpg","Yes","K. Goyette","5.0","2020 Apple iPad (10.2-inch, Wi-Fi, 32GB) - Space Gray (8th Generation)","https://www.amazon.com/Apple-iPad-10-2-inch-Wi-Fi-32GB/product-reviews/B08J65DST5/ref=cm_cr_dp_d_show_all_btm?ie=UTF8&reviewerType=all_reviews&pageNumber=17"
"Really nice","My wife loves this, she needed a new one as the older one she couldn't do any updates and it's one of the first ones that came out. She had a  little trouble setting it up but she figured it out . It has nice bright screen, light weight, Great camera, everything about it she loves. Nice product. Fast shipping also. Thanks","21 Mar 2021","Size: 128GB Style: WiFi Color: Space Gray","","Yes","Zachary","5.0","2020 Apple iPad (10.2-inch, Wi-Fi, 32GB) - Space Gray (8th Generation)","https://www.amazon.com/Apple-iPad-10-2-inch-Wi-Fi-32GB/product-reviews/B08J65DST5/ref=cm_cr_dp_d_show_all_btm?ie=UTF8&reviewerType=all_reviews&pageNumber=18"
"I recommend this!","Honestly I was a little skeptical getting electronics online but I’m so happy I bought this! I use it everyday and it’s so useful, especially for digital art. I mainly use procreate and the iPad sometimes suddenly takes me out of the app and it doesn’t have too much space so I have to be careful how much storage I have, but other than that I love it! I definitely would recommend this!","19 Mar 2021","Size: 32GB Style: WiFi Color: Silver","","Yes","Sarah McClenaghan","5.0","2020 Apple iPad (10.2-inch, Wi-Fi, 32GB) - Space Gray (8th Generation)","https://www.amazon.com/Apple-iPad-10-2-inch-Wi-Fi-32GB/product-reviews/B08J65DST5/ref=cm_cr_dp_d_show_all_btm?ie=UTF8&reviewerType=all_reviews&pageNumber=18"
"Broken","iPad was not boxed in a sealed iPad box, battery charger was after market, broken and cracked screen","25 Dec 2020","Size: 32GB Style: WiFi Color: Space Gray","","Yes","Cole Waterfall","1.0","2020 Apple iPad (10.2-inch, Wi-Fi, 32GB) - Space Gray (8th Generation)","https://www.amazon.com/Apple-iPad-10-2-inch-Wi-Fi-32GB/product-reviews/B08J65DST5/ref=cm_cr_dp_d_show_all_btm?ie=UTF8&reviewerType=all_reviews&pageNumber=18"
"Great value!!","We purchased 2 of these for my kids. They were so happy to have their own ones since they always got our hand me downs before. I'm impressed with this version. Nice fluid movement within the system. I've used android tablets but they don't compare to the iPad.  Plus, all of their prior apps transferred from the cloud.  The best part is we were driving somewhere and I forgot they were in the car because they were so quiet using these. Parents of pre-teens will understand. Can't go wrong with an iPad!!","29 Dec 2020","Size: 128GB Style: WiFi Color: Silver","","Yes","cgilbert1000","5.0","2020 Apple iPad (10.2-inch, Wi-Fi, 32GB) - Space Gray (8th Generation)","https://www.amazon.com/Apple-iPad-10-2-inch-Wi-Fi-32GB/product-reviews/B08J65DST5/ref=cm_cr_dp_d_show_all_btm?ie=UTF8&reviewerType=all_reviews&pageNumber=18"
"Love it!","Just got it.  Works like a charm.  Thanks!","04 Oct 2020","Size: 32GB Style: WiFi Color: Space Gray","","Yes","Michelle Desrocheswalker","5.0","2020 Apple iPad (10.2-inch, Wi-Fi, 32GB) - Space Gray (8th Generation)","https://www.amazon.com/Apple-iPad-10-2-inch-Wi-Fi-32GB/product-reviews/B08J65DST5/ref=cm_cr_dp_d_show_all_btm?ie=UTF8&reviewerType=all_reviews&pageNumber=18"
"Good product","While it took Amazon quite a bit longer to get it to me, I have been satisfied with this replacement for my old 3rd generation iPad. It holds a charge very well. I am still exploring the features, but feel it is fairly easy to use. I had a problem trying to figure some things out, as it is different from my older model.","19 Nov 2020","Size: 32GB Style: WiFi Color: Space Gray","","Yes","Jesse Lynne","5.0","2020 Apple iPad (10.2-inch, Wi-Fi, 32GB) - Space Gray (8th Generation)","https://www.amazon.com/Apple-iPad-10-2-inch-Wi-Fi-32GB/product-reviews/B08J65DST5/ref=cm_cr_dp_d_show_all_btm?ie=UTF8&reviewerType=all_reviews&pageNumber=18"
"Better than any entry level laptop or PC","At this price point, it’s hard to beat.  iPadOS 14 is very fast and almost Windows comparable. I can edit photos and videos like a pro and much faster than any equivalent price point PC or laptop.  I have a Ryzen 5 PC  with Magix Vegas Pro and my new iPad 8th with LumaFusion render a 4k videos much faster than my PC. It’s insame!.","14 Feb 2021","Size: 128GB Style: WiFi Color: Space Gray","","Yes","Carlos Algarin","5.0","2020 Apple iPad (10.2-inch, Wi-Fi, 32GB) - Space Gray (8th Generation)","https://www.amazon.com/Apple-iPad-10-2-inch-Wi-Fi-32GB/product-reviews/B08J65DST5/ref=cm_cr_dp_d_show_all_btm?ie=UTF8&reviewerType=all_reviews&pageNumber=18"
"Amazon had it in stock!","This 8th Gen is a bit tricky to purchase from just about everyone.  But I was able to receive it in just over a week through Amazon.  Like all Apple products it paired up seamlessly with all my Apple products.  The display is awesome and so easy to navigate.  Personally, I think Apple has the best tablet on the market.","01 Feb 2021","Size: 32GB Style: WiFi Color: Space Gray","","Yes","AZCAMERA REVIEWS","5.0","2020 Apple iPad (10.2-inch, Wi-Fi, 32GB) - Space Gray (8th Generation)","https://www.amazon.com/Apple-iPad-10-2-inch-Wi-Fi-32GB/product-reviews/B08J65DST5/ref=cm_cr_dp_d_show_all_btm?ie=UTF8&reviewerType=all_reviews&pageNumber=18"
"WASTE OF MONEY.  GONNA SUE. PERIOD","JERK OFF SESSION  WASTE OF TIME.  OF COURSE MY FAULT.  RIGHT. FOR BUYING APPLE  YEAH  I GUESS.","21 Jan 2021","Size: 128GB Style: WiFi + Cellular Color: Gold","","Yes","Amazon Customer","1.0","2020 Apple iPad (10.2-inch, Wi-Fi, 32GB) - Space Gray (8th Generation)","https://www.amazon.com/Apple-iPad-10-2-inch-Wi-Fi-32GB/product-reviews/B08J65DST5/ref=cm_cr_dp_d_show_all_btm?ie=UTF8&reviewerType=all_reviews&pageNumber=18"
"Buy ipad air 4th generation instead","I would say do not buy this get an ipad air 4th generation instead. I had to send it back. It froze a lot. Several apps like Amazon and words with friends etc would lose either the bottom or to part of screen. Video streaming was not so clear. Everything was updated but still there were too many issues unfortunately.","02 Apr 2021","Size: 128GB Style: WiFi Color: Space Gray","","Yes","SHARKHEAD50","2.0","2020 Apple iPad (10.2-inch, Wi-Fi, 32GB) - Space Gray (8th Generation)","https://www.amazon.com/Apple-iPad-10-2-inch-Wi-Fi-32GB/product-reviews/B08J65DST5/ref=cm_cr_dp_d_show_all_btm?ie=UTF8&reviewerType=all_reviews&pageNumber=18"
"My first tablet","I’ve had iPhones for years but this is my first tablet, and I’m glad I bought this instead of the air or pro. It does everything I need it to!","08 Nov 2020","Size: 32GB Style: WiFi Color: Gold","","Yes","Aiyana Woodall","5.0","2020 Apple iPad (10.2-inch, Wi-Fi, 32GB) - Space Gray (8th Generation)","https://www.amazon.com/Apple-iPad-10-2-inch-Wi-Fi-32GB/product-reviews/B08J65DST5/ref=cm_cr_dp_d_show_all_btm?ie=UTF8&reviewerType=all_reviews&pageNumber=19"
"Stellar Product","This is an upgrade for me. Everything about the product is significantly better than two generations earlier. Faster, clearer, longer battery life.  Very much enjoying the upgrade.  Best part is the simplicity of transferring all functionality (including apps) from the old iPad to the new one.  Apple has it down!!","15 Mar 2021","Size: 32GB Style: WiFi Color: Space Gray","","Yes","SPEK","5.0","2020 Apple iPad (10.2-inch, Wi-Fi, 32GB) - Space Gray (8th Generation)","https://www.amazon.com/Apple-iPad-10-2-inch-Wi-Fi-32GB/product-reviews/B08J65DST5/ref=cm_cr_dp_d_show_all_btm?ie=UTF8&reviewerType=all_reviews&pageNumber=19"
"Love my iPad","I love my apple iPad love the size of it, I order the 10,2 128GB and it’s perfect for what I need it for, I meanly use it to read, this is my second iPad the first one is a 2 generation but unfortunately it only has 14GB and it got to be too slow, and it wasn’t updating anymore, and I waited till I found what I needed, I’m very satisfied with it.","22 Nov 2020","Size: 128GB Style: WiFi Color: Gold","","Yes","Anngie","5.0","2020 Apple iPad (10.2-inch, Wi-Fi, 32GB) - Space Gray (8th Generation)","https://www.amazon.com/Apple-iPad-10-2-inch-Wi-Fi-32GB/product-reviews/B08J65DST5/ref=cm_cr_dp_d_show_all_btm?ie=UTF8&reviewerType=all_reviews&pageNumber=19"
"I like this.","Make sure you look at the issue date.  You can buy a new old stock unit.  This was the latest model, we were not aware of that when we bought the previous one.","10 Dec 2020","Size: 128GB Style: WiFi Color: Gold","","Yes","SOLDIER280","5.0","2020 Apple iPad (10.2-inch, Wi-Fi, 32GB) - Space Gray (8th Generation)","https://www.amazon.com/Apple-iPad-10-2-inch-Wi-Fi-32GB/product-reviews/B08J65DST5/ref=cm_cr_dp_d_show_all_btm?ie=UTF8&reviewerType=all_reviews&pageNumber=19"
"Good so far.","I had an earlier version of the IPad Air with64 gb of memory but it kept crashing and trying to reboot. I tried several different times to fix this problem using methods recommended by IT experts to no avail. This 8 gen IPad.  Seems to be working much better with no problems so far. It’s very responsive and fast. I don’t know if I need the apple pen but it’s nice to know that’s an option.","11 Jan 2021","Size: 128GB Style: WiFi Color: Gold","","Yes","Brian D Bessey","5.0","2020 Apple iPad (10.2-inch, Wi-Fi, 32GB) - Space Gray (8th Generation)","https://www.amazon.com/Apple-iPad-10-2-inch-Wi-Fi-32GB/product-reviews/B08J65DST5/ref=cm_cr_dp_d_show_all_btm?ie=UTF8&reviewerType=all_reviews&pageNumber=19"
"Perfect for my needs","I love my 8th generation iPad. The screen and picture quality are great for what I use it for and the battery life is excellent. I don’t use it for extended periods of time. I’m basically using it for procreate and learning to letter on it. It’s perfect for my needs at a fraction of the price of an iPad Pro.","08 Mar 2021","Size: 128GB Style: WiFi Color: Gold","","Yes","NMHulett","5.0","2020 Apple iPad (10.2-inch, Wi-Fi, 32GB) - Space Gray (8th Generation)","https://www.amazon.com/Apple-iPad-10-2-inch-Wi-Fi-32GB/product-reviews/B08J65DST5/ref=cm_cr_dp_d_show_all_btm?ie=UTF8&reviewerType=all_reviews&pageNumber=19"
"If you can, get it","I am a university student, and had not much money to spend on a tablet. But, you can't go wrong for this price at all. I have used a samsung a7 2020, and have used ipad 8th gen, side by side. Ipad maybe $100 bucks more, but this thing is worth it for me. The screen resolution and the sound quality of the speakers, just what I was looking for at this price point. I found samsung's tablet slower during heavy usage, however this thing can take everything that a lazy student like me throws at it. You will have to decide what you want from a tablet.","04 Feb 2021","Size: 32GB Style: WiFi Color: Space Gray","","Yes","B. Karki","5.0","2020 Apple iPad (10.2-inch, Wi-Fi, 32GB) - Space Gray (8th Generation)","https://www.amazon.com/Apple-iPad-10-2-inch-Wi-Fi-32GB/product-reviews/B08J65DST5/ref=cm_cr_dp_d_show_all_btm?ie=UTF8&reviewerType=all_reviews&pageNumber=19"
"Great iPad Great value","My new iPad is very sleek and so easy to use. I just started using Apple products again with my phone and now my iPad and I’m very pleased. Some of their products like the iPod were very shotty and broke all the time and my iPhone wasn’t much better. The two devices work well together I’m not really a computer gay but it’s so easy to maneuver around both the phone and the iPad.","18 Nov 2020","Size: 32GB Style: WiFi Color: Gold","","Yes","TH ScanAmazon Customer","5.0","2020 Apple iPad (10.2-inch, Wi-Fi, 32GB) - Space Gray (8th Generation)","https://www.amazon.com/Apple-iPad-10-2-inch-Wi-Fi-32GB/product-reviews/B08J65DST5/ref=cm_cr_dp_d_show_all_btm?ie=UTF8&reviewerType=all_reviews&pageNumber=19"
"This is the best gift that we ever gave for our salon customer","We didnt buy the extra case for this tablet, WE DID NOT. They all came together with my package, that's my first thing I like about this produced. Second, we thought it gonna be really slow in some apps but it wasn't ! 2020 is a critical year, so we dedicated to do something for our old customer :) Thank you Amazon, thank you for all worker and this seller can bring happy for us and our customer.","12 Jan 2021","Size: 128GB Style: WiFi Color: Space Gray","https://images-na.ssl-images-amazon.com/images/I/81O+Kf-0mpL._SY88.jpg
https://images-na.ssl-images-amazon.com/images/I/81fyE1AT1EL._SY88.jpg","Yes","DaVi Nails","5.0","2020 Apple iPad (10.2-inch, Wi-Fi, 32GB) - Space Gray (8th Generation)","https://www.amazon.com/Apple-iPad-10-2-inch-Wi-Fi-32GB/product-reviews/B08J65DST5/ref=cm_cr_dp_d_show_all_btm?ie=UTF8&reviewerType=all_reviews&pageNumber=19"
"A got to have for me!","I’ve updated my ipad about every three years and this one is great as were the others. The color quality of pictures, etc. and ease of use are a plus. It’s great for traveling as it is small enough to carry easily in my purse.  I haven’t had it long enough to learn all the new tricks but I plan on checking out the new features over the holidays. I love web camming with my grandson on it!","03 Dec 2020","Size: 32GB Style: WiFi Color: Space Gray","https://images-na.ssl-images-amazon.com/images/I/81GPh+xt5jL._SY88.jpg","Yes","P Crume","5.0","2020 Apple iPad (10.2-inch, Wi-Fi, 32GB) - Space Gray (8th Generation)","https://www.amazon.com/Apple-iPad-10-2-inch-Wi-Fi-32GB/product-reviews/B08J65DST5/ref=cm_cr_dp_d_show_all_btm?ie=UTF8&reviewerType=all_reviews&pageNumber=19"
"Good Choice for Basic Tasks","My husband wanted a replacement for an old iPad that he could use as a reader and to play a few games. He has no interest in the bells and whistles most people use an iPad for. This serves his needs well, and Amazon had a discount so I ordered it here rather than from Apple. He is a happy camper.","12 Dec 2020","Size: 128GB Style: WiFi Color: Silver","","Yes","Book Lover","5.0","2020 Apple iPad (10.2-inch, Wi-Fi, 32GB) - Space Gray (8th Generation)","https://www.amazon.com/Apple-iPad-10-2-inch-Wi-Fi-32GB/product-reviews/B08J65DST5/ref=cm_cr_dp_d_show_all_btm?ie=UTF8&reviewerType=all_reviews&pageNumber=20"
"Its very nice, its an Apple","No complaints, it does what I asked it to do, because I looked at the specs and determined what i wanted.  I also know the day I bought this, the replacement that is faster, better stronger with more capability was waiting until I purchased to come out so, for the rest of you buyers, your welcome.","17 Mar 2021","Size: 128GB Style: WiFi Color: Gold","","Yes","Tina Trudeau","5.0","2020 Apple iPad (10.2-inch, Wi-Fi, 32GB) - Space Gray (8th Generation)","https://www.amazon.com/Apple-iPad-10-2-inch-Wi-Fi-32GB/product-reviews/B08J65DST5/ref=cm_cr_dp_d_show_all_btm?ie=UTF8&reviewerType=all_reviews&pageNumber=20"
"Another great one from Apple","I received one of these with smaller memory for my birthday and my son loved it so much he saved to buy his own with the bigger memory option. He absolutely loves it. The picture is amazing and the memory storage great for his games. I am enjoying the Apple pencil with mine - nice product!","06 Apr 2021","Size: 128GB Style: WiFi Color: Space Gray","","Yes","Jen","5.0","2020 Apple iPad (10.2-inch, Wi-Fi, 32GB) - Space Gray (8th Generation)","https://www.amazon.com/Apple-iPad-10-2-inch-Wi-Fi-32GB/product-reviews/B08J65DST5/ref=cm_cr_dp_d_show_all_btm?ie=UTF8&reviewerType=all_reviews&pageNumber=20"
"This is my third iPad","I enjoy my iPad, but I should have ordered the 128k model. While I have learned to conserve space on this unit, the larger iPad would be less concerning. Michael Strear","26 Mar 2021","Size: 32GB Style: WiFi Color: Space Gray","","Yes","Michael E Strear","3.0","2020 Apple iPad (10.2-inch, Wi-Fi, 32GB) - Space Gray (8th Generation)","https://www.amazon.com/Apple-iPad-10-2-inch-Wi-Fi-32GB/product-reviews/B08J65DST5/ref=cm_cr_dp_d_show_all_btm?ie=UTF8&reviewerType=all_reviews&pageNumber=20"
"Incredible Bargain","I do not usually think of Apple products as being bargains, but this 8th generation iPad is a terrific deal.  It is fast, has a beautiful screen, great sound and 128GB of memory.  It is does everything better than the 2017 Ipad Pro it replaces.  For less than $400, this iPad is a great value.","28 May 2021","Size: 128GB Style: WiFi Color: Silver","","Yes","dynamos","5.0","2020 Apple iPad (10.2-inch, Wi-Fi, 32GB) - Space Gray (8th Generation)","https://www.amazon.com/Apple-iPad-10-2-inch-Wi-Fi-32GB/product-reviews/B08J65DST5/ref=cm_cr_dp_d_show_all_btm?ie=UTF8&reviewerType=all_reviews&pageNumber=20"
"love it","Updated from an iPad Air 1st gen, and mostly purchased this for college studies. You won't regret purchasing this device. Great if you are on a budget or if you don't really need that much technology. I purchased directly from Amazon, delivery speed was great and it was packaged really well. No issues until now.","26 May 2021","Size: 32GB Style: WiFi Color: Space Gray","","Yes","kari m","5.0","2020 Apple iPad (10.2-inch, Wi-Fi, 32GB) - Space Gray (8th Generation)","https://www.amazon.com/Apple-iPad-10-2-inch-Wi-Fi-32GB/product-reviews/B08J65DST5/ref=cm_cr_dp_d_show_all_btm?ie=UTF8&reviewerType=all_reviews&pageNumber=20"
"Great screen size. It’s not a small iPad. Buy the mini if you are looking for something small.","My LO loves this iPad. Nice and sleek. I thought it was a good price. So far it’s working perfectly and love the pencil feature on it.","26 Dec 2020","Size: 32GB Style: WiFi Color: Space Gray","https://images-na.ssl-images-amazon.com/images/I/A141gXwefHL._SY88.jpg","Yes","Savvymom","5.0","2020 Apple iPad (10.2-inch, Wi-Fi, 32GB) - Space Gray (8th Generation)","https://www.amazon.com/Apple-iPad-10-2-inch-Wi-Fi-32GB/product-reviews/B08J65DST5/ref=cm_cr_dp_d_show_all_btm?ie=UTF8&reviewerType=all_reviews&pageNumber=20"
"For the most part...","For the most part, I cannot complain. The only true issue I have is that the data collection of Apple anything products should be illegal. I am pretty sure I had to give my first born child's name??? And everything has to touch the cloud??? I have watched everything trying to stop or limit some of this, but to no avail.( Shipping was good, packaged well, and no other issues.","05 May 2021","Size: 32GB Style: WiFi Color: Space Gray","","Yes","Timothy D. Swarthout","4.0","2020 Apple iPad (10.2-inch, Wi-Fi, 32GB) - Space Gray (8th Generation)","https://www.amazon.com/Apple-iPad-10-2-inch-Wi-Fi-32GB/product-reviews/B08J65DST5/ref=cm_cr_dp_d_show_all_btm?ie=UTF8&reviewerType=all_reviews&pageNumber=20"
"Got this fast and love it","Perfect condition. Delivered fast. As advertised. I was hasty about ordering an iPad online but it worked out great I got I what I wanted .good deal. Thank you. I love my new iPad. I got it to edit my YouTube videos and it works great for that better than using my phone I love this. It’s my first apple product I’ve ever owned so glad I got this.","01 Apr 2021","Size: 128GB Style: WiFi Color: Gold","","Yes","Tamara","5.0","2020 Apple iPad (10.2-inch, Wi-Fi, 32GB) - Space Gray (8th Generation)","https://www.amazon.com/Apple-iPad-10-2-inch-Wi-Fi-32GB/product-reviews/B08J65DST5/ref=cm_cr_dp_d_show_all_btm?ie=UTF8&reviewerType=all_reviews&pageNumber=20"
"Difficult for me to set up.","You're supposed to be able to set this up manually but it isn't working. I am updating from one that I already have, but the only instructions I had to get from the internet. I will try one more time and then if it doesn't work I'll go to the Apple store. It's probably just me. I thought this was a good value.","08 Nov 2020","Size: 32GB Style: WiFi Color: Silver","","Yes","desert dweller","4.0","2020 Apple iPad (10.2-inch, Wi-Fi, 32GB) - Space Gray (8th Generation)","https://www.amazon.com/Apple-iPad-10-2-inch-Wi-Fi-32GB/product-reviews/B08J65DST5/ref=cm_cr_dp_d_show_all_btm?ie=UTF8&reviewerType=all_reviews&pageNumber=20"
"Best iPad of any brand on the market.","Bought it for my 12-year-old girl as a gift for her birthday. She’s been using my 9.7-inch generation iPad air 2 and by the way, for five years old still works perfectly so I decided to get her this one as she deserves it before her birthday. I bought her 128 GB and got this one on sale I believe I paid $100 less than Apple’s price. You can’t go wrong with a new iPad 8th generation you can get a good six or seven years with it working with no lag unlike a regular iPad, I have a few that are about the same age and they lag playing a lot of games but not with the new iPad 8th generation money well spent.","05 Feb 2021","Size: 128GB Style: WiFi Color: Space Gray","","Yes","Felix L","5.0","2020 Apple iPad (10.2-inch, Wi-Fi, 32GB) - Space Gray (8th Generation)","https://www.amazon.com/Apple-iPad-10-2-inch-Wi-Fi-32GB/product-reviews/B08J65DST5/ref=cm_cr_dp_d_show_all_btm?ie=UTF8&reviewerType=all_reviews&pageNumber=21"
"Missing an ipad","Purchased 2 iPads and only received 1","19 Dec 2020","Size: 32GB Style: WiFi Color: Gold","","Yes","Lauren Ruddy","1.0","2020 Apple iPad (10.2-inch, Wi-Fi, 32GB) - Space Gray (8th Generation)","https://www.amazon.com/Apple-iPad-10-2-inch-Wi-Fi-32GB/product-reviews/B08J65DST5/ref=cm_cr_dp_d_show_all_btm?ie=UTF8&reviewerType=all_reviews&pageNumber=21"
"Low value for the money.","I bought this iPad for my daughter remote learning and I was not very happy with its value. This iPad is over killed for what my daughter is learning from school. I find out there are many other devices could do similar task for less money. The screen quality is average because remote learning screen quality from school is not good anyway. Battery life is about 1-2 hrs. max; luckily, I have a power source nearby to power it constantly. Picture quality is quite good but it does not help in the remote learning. In general, this iPad is for more more of professional level. I would not buy it again for remote learning or recommend it to others.","28 Feb 2021","Size: 32GB Style: WiFi Color: Gold","https://images-na.ssl-images-amazon.com/images/I/91COmAqwYeL._SY88.jpg
https://images-na.ssl-images-amazon.com/images/I/91f+h9bPPTL._SY88.jpg","Yes","zhenzhen zhang","3.0","2020 Apple iPad (10.2-inch, Wi-Fi, 32GB) - Space Gray (8th Generation)","https://www.amazon.com/Apple-iPad-10-2-inch-Wi-Fi-32GB/product-reviews/B08J65DST5/ref=cm_cr_dp_d_show_all_btm?ie=UTF8&reviewerType=all_reviews&pageNumber=21"
"Works like a dream.","Works like a dream. Even better it imported settings, apps etc from my iPad Mini so after 30 minutes or so it was ready to go.","06 Jan 2021","Size: 32GB Style: WiFi Color: Space Gray","","Yes","UK2CA2SD","5.0","2020 Apple iPad (10.2-inch, Wi-Fi, 32GB) - Space Gray (8th Generation)","https://www.amazon.com/Apple-iPad-10-2-inch-Wi-Fi-32GB/product-reviews/B08J65DST5/ref=cm_cr_dp_d_show_all_btm?ie=UTF8&reviewerType=all_reviews&pageNumber=21"
"Wife loves it as a replacement for a smaller Samsung tablet","With eyesight difficulties, this provides much better viewing than my wife's previous tablet.  The transition from Windows to iPad is not easy, but the iPad was able to easily import most of what was on the Samsung tablet very well, making the transition easier.  This is a keeper.","22 May 2021","Size: 128GB Style: WiFi Color: Silver","","Yes","Grits","4.0","2020 Apple iPad (10.2-inch, Wi-Fi, 32GB) - Space Gray (8th Generation)","https://www.amazon.com/Apple-iPad-10-2-inch-Wi-Fi-32GB/product-reviews/B08J65DST5/ref=cm_cr_dp_d_show_all_btm?ie=UTF8&reviewerType=all_reviews&pageNumber=21"
"Good value","I can’t complain too much about battery life since I’ve just started using it, but I really wanted to switch to digital note taking for my classes. I chose this iPad because of the cheap cost, hardware specks I like about Apple, and the perfect size- two inches bigger and it’s too much. The iPad mini is way too tiny for taking notes, IMO. Camera quality is okay, but I don’t expect to use it as much. I’m just waiting on my Apple Pencil to arrive so I can finally see what it’s all about.","21 Jan 2021","Size: 32GB Style: WiFi Color: Gold","","Yes","Isabella","5.0","2020 Apple iPad (10.2-inch, Wi-Fi, 32GB) - Space Gray (8th Generation)","https://www.amazon.com/Apple-iPad-10-2-inch-Wi-Fi-32GB/product-reviews/B08J65DST5/ref=cm_cr_dp_d_show_all_btm?ie=UTF8&reviewerType=all_reviews&pageNumber=21"
"ok I did not realize that it didn't have the life of after Christmas since it is a present.","ok so my daughter opened it on Christmas day and the tablet wont turn from a white screen. It is not doing anything.","27 Dec 2020","Size: 32GB Style: WiFi Color: Gold","","Yes","Teresa","1.0","2020 Apple iPad (10.2-inch, Wi-Fi, 32GB) - Space Gray (8th Generation)","https://www.amazon.com/Apple-iPad-10-2-inch-Wi-Fi-32GB/product-reviews/B08J65DST5/ref=cm_cr_dp_d_show_all_btm?ie=UTF8&reviewerType=all_reviews&pageNumber=21"
"Light weight and great battery life","My wife’s old iPad’s battery life was getting poor, so I got her a new iPad for Christmas. As expected the battery life is great, but the light weight of the new iPad is significantly lighter that the old iPad Air. This made the decision now to replace the battery on the old iPad the right choice.","08 Feb 2021","Size: 32GB Style: WiFi Color: Gold","","Yes","Chicago Reviewer","5.0","2020 Apple iPad (10.2-inch, Wi-Fi, 32GB) - Space Gray (8th Generation)","https://www.amazon.com/Apple-iPad-10-2-inch-Wi-Fi-32GB/product-reviews/B08J65DST5/ref=cm_cr_dp_d_show_all_btm?ie=UTF8&reviewerType=all_reviews&pageNumber=21"
"iPads are always great","No face recognition but a good basic iPad","29 Sep 2020","Size: 32GB Style: WiFi Color: Space Gray","","Yes","Candybooks","5.0","2020 Apple iPad (10.2-inch, Wi-Fi, 32GB) - Space Gray (8th Generation)","https://www.amazon.com/Apple-iPad-10-2-inch-Wi-Fi-32GB/product-reviews/B08J65DST5/ref=cm_cr_dp_d_show_all_btm?ie=UTF8&reviewerType=all_reviews&pageNumber=21"
"Great ipad, great price with Amazon Prime!","This is my first ipad and I love it. Amazon had a special price for Prime members so I signed up and also got an Amazon Prime Visa and saved a bunched. This ipad is so powerful and user friendly it makes my old android tablet look like an antique. Thank you Amazon Prime!","01 Apr 2021","Size: 32GB Style: WiFi Color: Space Gray","","Yes","Daryle t Boyd","5.0","2020 Apple iPad (10.2-inch, Wi-Fi, 32GB) - Space Gray (8th Generation)","https://www.amazon.com/Apple-iPad-10-2-inch-Wi-Fi-32GB/product-reviews/B08J65DST5/ref=cm_cr_dp_d_show_all_btm?ie=UTF8&reviewerType=all_reviews&pageNumber=21"
"So far so good","Got this for my kids. So far everything is fine. I can update later to see if anything changes. The battery life holds up as well as can be expected considering my kids play it.","12 Dec 2020","Size: 32GB Style: WiFi Color: Gold","","Yes","nikkitmr","5.0","2020 Apple iPad (10.2-inch, Wi-Fi, 32GB) - Space Gray (8th Generation)","https://www.amazon.com/Apple-iPad-10-2-inch-Wi-Fi-32GB/product-reviews/B08J65DST5/ref=cm_cr_dp_d_show_all_btm?ie=UTF8&reviewerType=all_reviews&pageNumber=22"
"I like it, probably going to be converted to an Apple fan.","It's my first apple product and I'm quite pleased. I've only just begun to explore it but the art programs I've downloaded run beautifully.bit communicates with the apple pencil and third party blue tooth keyboard I also bought very well. Don't miss out on the free Apple tv for a year that comes with the product. Because why not.","15 Dec 2020","Size: 32GB Style: WiFi Color: Gold","https://images-na.ssl-images-amazon.com/images/I/81baKGWZftL._SY88.jpg","Yes","Angel Kennedy","5.0","2020 Apple iPad (10.2-inch, Wi-Fi, 32GB) - Space Gray (8th Generation)","https://www.amazon.com/Apple-iPad-10-2-inch-Wi-Fi-32GB/product-reviews/B08J65DST5/ref=cm_cr_dp_d_show_all_btm?ie=UTF8&reviewerType=all_reviews&pageNumber=22"
"Isn't worth it","Bought this for christmas didn't even last me two months...not worth it","05 Feb 2021","Size: 32GB Style: WiFi Color: Space Gray","","Yes","B. D. Filla","1.0","2020 Apple iPad (10.2-inch, Wi-Fi, 32GB) - Space Gray (8th Generation)","https://www.amazon.com/Apple-iPad-10-2-inch-Wi-Fi-32GB/product-reviews/B08J65DST5/ref=cm_cr_dp_d_show_all_btm?ie=UTF8&reviewerType=all_reviews&pageNumber=22"
"Apple iPad","It’s Apple. It does everything you have come to expect from Apple. Great performance. Great features. Way too expensive and still minimal protection from the elements. Slight change in product size makes previous cases obsolete — ensure you purchase the correct replacement.","27 Apr 2021","Size: 128GB Style: WiFi + Cellular Color: Space Gray","","Yes","Skywriter","4.0","2020 Apple iPad (10.2-inch, Wi-Fi, 32GB) - Space Gray (8th Generation)","https://www.amazon.com/Apple-iPad-10-2-inch-Wi-Fi-32GB/product-reviews/B08J65DST5/ref=cm_cr_dp_d_show_all_btm?ie=UTF8&reviewerType=all_reviews&pageNumber=22"
"Received damaged","Purchased this IPad for my daughter birthday she opened it and turned it on to have a black screen and she cannot use it at all","06 Feb 2021","Size: 32GB Style: WiFi Color: Space Gray","","Yes","Tamika Maclin","1.0","2020 Apple iPad (10.2-inch, Wi-Fi, 32GB) - Space Gray (8th Generation)","https://www.amazon.com/Apple-iPad-10-2-inch-Wi-Fi-32GB/product-reviews/B08J65DST5/ref=cm_cr_dp_d_show_all_btm?ie=UTF8&reviewerType=all_reviews&pageNumber=22"
"Love my iPad","I’m very happy with my iPad.  Prior to this purchase I was using an iPad mini which I loved but after purchasing this iPad I did not know what I was missing.  The screen size is fantastic and the resolution is awesome.  I don’t know what I was waiting for this is the best purchase I have made in a long time.  I am extremely happy with my purchase and the price was pretty good too.","17 Feb 2021","Size: 128GB Style: WiFi Color: Space Gray","","Yes","Dawn Leopold","5.0","2020 Apple iPad (10.2-inch, Wi-Fi, 32GB) - Space Gray (8th Generation)","https://www.amazon.com/Apple-iPad-10-2-inch-Wi-Fi-32GB/product-reviews/B08J65DST5/ref=cm_cr_dp_d_show_all_btm?ie=UTF8&reviewerType=all_reviews&pageNumber=22"
"So Far So Good","This is my first ever Apple Product. I chose an Ipad mainly due to the supposed ""Ease of Use"" for Hobby Drawing (have yet to try it) but setting up wasn't as bad as I remembered Apple Products being and everything seems solid so far. I will update if anything happens","25 May 2021","Size: 128GB Style: WiFi Color: Silver","","Yes","BravefighterYT","5.0","2020 Apple iPad (10.2-inch, Wi-Fi, 32GB) - Space Gray (8th Generation)","https://www.amazon.com/Apple-iPad-10-2-inch-Wi-Fi-32GB/product-reviews/B08J65DST5/ref=cm_cr_dp_d_show_all_btm?ie=UTF8&reviewerType=all_reviews&pageNumber=22"
"Love it ","Review done the wife on husband's account— I absolutely love this I ordered this for my daughter for Christmas the WiFi only rose gold 128gb and this price was amazing, i got exactly what I ordered it was packaged well it came early than expected I couldn’t ask for better!","23 Nov 2020","Size: 128GB Style: WiFi Color: Gold","","Yes","Kevin","5.0","2020 Apple iPad (10.2-inch, Wi-Fi, 32GB) - Space Gray (8th Generation)","https://www.amazon.com/Apple-iPad-10-2-inch-Wi-Fi-32GB/product-reviews/B08J65DST5/ref=cm_cr_dp_d_show_all_btm?ie=UTF8&reviewerType=all_reviews&pageNumber=22"
"Great Device","I wasn't looking into spending another $300-500 on an iPad for now. This does the job perfectly, came in top notch condition, and no issues with the software and whatnot. I highly recommend it for those who aren't looking to spend a premium price for certain reasons.","03 Jun 2021","Size: 32GB Style: WiFi Color: Space Gray","","Yes","Jack Ortega","5.0","2020 Apple iPad (10.2-inch, Wi-Fi, 32GB) - Space Gray (8th Generation)","https://www.amazon.com/Apple-iPad-10-2-inch-Wi-Fi-32GB/product-reviews/B08J65DST5/ref=cm_cr_dp_d_show_all_btm?ie=UTF8&reviewerType=all_reviews&pageNumber=22"
"Wonderful Buy!","Love my new iPad! It was the lowest price in the iPad line however, who needs more...it has everything most need. Nice size screen, beautiful clear picture, easy pressure on touch screen, supports Apple Pencil (or a reasonable facsimile) separate keyboard and mouse. Totally satisfied !","15 Apr 2021","Size: 128GB Style: WiFi Color: Silver","","Yes","Nancy","5.0","2020 Apple iPad (10.2-inch, Wi-Fi, 32GB) - Space Gray (8th Generation)","https://www.amazon.com/Apple-iPad-10-2-inch-Wi-Fi-32GB/product-reviews/B08J65DST5/ref=cm_cr_dp_d_show_all_btm?ie=UTF8&reviewerType=all_reviews&pageNumber=22"
"Delivery","Delivery I was annoyed with delivery. I knew ipad was coming and always get a text with any Amazon package delivery. This time I didn’t and a $$$ new iPad was sitting on my front porch while I was gone which is exactly what I didn’t want. Luckily my surveillance camera I just installed alerted me to something at my door so I could immediately go home. Package was fine. Thankfully.","07 Apr 2021","Size: 128GB Style: WiFi Color: Space Gray","","Yes","Mary J","5.0","2020 Apple iPad (10.2-inch, Wi-Fi, 32GB) - Space Gray (8th Generation)","https://www.amazon.com/Apple-iPad-10-2-inch-Wi-Fi-32GB/product-reviews/B08J65DST5/ref=cm_cr_dp_d_show_all_btm?ie=UTF8&reviewerType=all_reviews&pageNumber=23"
"New Apple iPad","iPads are great and I’ve had one for several years, but bought a new one for better specifications and battery life.","11 Nov 2020","Size: 32GB Style: WiFi Color: Silver","","Yes","bassteezr","5.0","2020 Apple iPad (10.2-inch, Wi-Fi, 32GB) - Space Gray (8th Generation)","https://www.amazon.com/Apple-iPad-10-2-inch-Wi-Fi-32GB/product-reviews/B08J65DST5/ref=cm_cr_dp_d_show_all_btm?ie=UTF8&reviewerType=all_reviews&pageNumber=23"
"Great Buy","First things first, this iPad is awesome. You can’t go wrong for the money. As for the negative reviews others have left.  One, nowhere (and I do mean nowhere) does it say this iPad comes with a keyboard. It says it supports a keyboard and really does. Two, nowhere does it say it has the capability facial recognition. Not a big deal IMO and honestly, use your iPhone if that’s so important to you. It is accurately described and does exactly as advertised.","05 Dec 2020","Size: 128GB Style: WiFi Color: Space Gray","","Yes","Amazon Customer","5.0","2020 Apple iPad (10.2-inch, Wi-Fi, 32GB) - Space Gray (8th Generation)","https://www.amazon.com/Apple-iPad-10-2-inch-Wi-Fi-32GB/product-reviews/B08J65DST5/ref=cm_cr_dp_d_show_all_btm?ie=UTF8&reviewerType=all_reviews&pageNumber=23"
"Satisfied","My daughter is absolutely thrilled with the Apple iPad. She got it for Christmas and also received the sPen to draw. The combo together is awesome and she really enjoys being able to play new games, draw, and color all with the perks of Apple products. I’m happy this Seller was available as Amazon was sold out and this was only available in time for Christmas from him. I paid alittle more, but was worth it. Thanks so much!","31 Dec 2020","Size: 32GB Style: WiFi Color: Gold","","Yes","Jennifer","5.0","2020 Apple iPad (10.2-inch, Wi-Fi, 32GB) - Space Gray (8th Generation)","https://www.amazon.com/Apple-iPad-10-2-inch-Wi-Fi-32GB/product-reviews/B08J65DST5/ref=cm_cr_dp_d_show_all_btm?ie=UTF8&reviewerType=all_reviews&pageNumber=23"
"Grandma is happy with her new I Pad","My old I Pad was short on memory and was making its use less than pleasant I love this new one and can get all me needs with no limit on memory problems.  I use my I Pad for photo management, social networking and texting family members.  I love it!  My son picketed it out for me and my Grandson helped me set it up as I am over 80 years old and not Tech. Savey I feel very comfortable using it and happy with the purchase. It’s Awesome!","15 Dec 2020","Size: 128GB Style: WiFi Color: Gold","","Yes","Grandpa Tex","5.0","2020 Apple iPad (10.2-inch, Wi-Fi, 32GB) - Space Gray (8th Generation)","https://www.amazon.com/Apple-iPad-10-2-inch-Wi-Fi-32GB/product-reviews/B08J65DST5/ref=cm_cr_dp_d_show_all_btm?ie=UTF8&reviewerType=all_reviews&pageNumber=23"
"Nice","Nice screen. Nice battery. Highly recommend.","09 Oct 2020","Size: 32GB Style: WiFi + Cellular Color: Space Gray","","Yes","Dm","5.0","2020 Apple iPad (10.2-inch, Wi-Fi, 32GB) - Space Gray (8th Generation)","https://www.amazon.com/Apple-iPad-10-2-inch-Wi-Fi-32GB/product-reviews/B08J65DST5/ref=cm_cr_dp_d_show_all_btm?ie=UTF8&reviewerType=all_reviews&pageNumber=23"
"Works as I would expect an iPad should.","I do love my iPad, but they are so darn expensive.  The setup was also much more painful than I had expected to be too. First, it wouldn’t sync to my iPhone automatically even though I have the latest iPhone with the latest system updates.  Then, it wouldn’t take my manual setup or sync to my iCloud even though the password was confirmed correct. Finally, after several attempts and completely starting over several times I decided to reload the latest iOS on my iPhone again.  That finally did the trick and the new iPad was able to auto sync with my iPhone and complete the setup to be used.","30 Dec 2020","Size: 128GB Style: WiFi Color: Silver","","Yes","Amazon Customer","4.0","2020 Apple iPad (10.2-inch, Wi-Fi, 32GB) - Space Gray (8th Generation)","https://www.amazon.com/Apple-iPad-10-2-inch-Wi-Fi-32GB/product-reviews/B08J65DST5/ref=cm_cr_dp_d_show_all_btm?ie=UTF8&reviewerType=all_reviews&pageNumber=23"
"How to fix the iPad so it will work better","This computer will not stay charged it’s been this way ever since got it thank you for addressing the problem This was returned the same day as the other two items the ups store in Hamlin Wv is the one sent it out all together I told her not to but she did it anyway now what do I need to do about this","26 Jan 2021","Size: 32GB Style: WiFi Color: Space Gray","","Yes","Carolyn Neese","4.0","2020 Apple iPad (10.2-inch, Wi-Fi, 32GB) - Space Gray (8th Generation)","https://www.amazon.com/Apple-iPad-10-2-inch-Wi-Fi-32GB/product-reviews/B08J65DST5/ref=cm_cr_dp_d_show_all_btm?ie=UTF8&reviewerType=all_reviews&pageNumber=23"
"Great for watching movies on!","This is a great i-pad, but expensive. Its not to hard to figure out. I like it for watching movies now, better than the mini, i had before. Its a little big to hold unless you have a good cover for it, which i have now that helps with watching movies.","13 Dec 2020","Size: 128GB Style: WiFi Color: Silver","","Yes","Jenifer Sisseck","4.0","2020 Apple iPad (10.2-inch, Wi-Fi, 32GB) - Space Gray (8th Generation)","https://www.amazon.com/Apple-iPad-10-2-inch-Wi-Fi-32GB/product-reviews/B08J65DST5/ref=cm_cr_dp_d_show_all_btm?ie=UTF8&reviewerType=all_reviews&pageNumber=23"
"Got this iPad for mama","Got this iPad for my mama.  Was hoping she would stop watching YouTube on the small screen on her iPhone.  Not happening, she still prefers her phone.  I have an older generation iPad and I use it all the time at home.  Got price on Amazon, slight discount.","10 Apr 2021","Size: 32GB Style: WiFi Color: Gold","","Yes","CW","5.0","2020 Apple iPad (10.2-inch, Wi-Fi, 32GB) - Space Gray (8th Generation)","https://www.amazon.com/Apple-iPad-10-2-inch-Wi-Fi-32GB/product-reviews/B08J65DST5/ref=cm_cr_dp_d_show_all_btm?ie=UTF8&reviewerType=all_reviews&pageNumber=23"
"Mac Lover","I can’t believe how nice this iPad is! My old one was giving me so many headaches now this new iPad is my go to for everything! Was so happy to order from Amazon, everyone (including Mac stores) was out of stock for Christmas and I was able to order at last minute and receive before Christmas Day!","16 Jan 2021","Size: 128GB Style: WiFi Color: Gold","","Yes","LB","5.0","2020 Apple iPad (10.2-inch, Wi-Fi, 32GB) - Space Gray (8th Generation)","https://www.amazon.com/Apple-iPad-10-2-inch-Wi-Fi-32GB/product-reviews/B08J65DST5/ref=cm_cr_dp_d_show_all_btm?ie=UTF8&reviewerType=all_reviews&pageNumber=24"
"I’m Happy With My IPAD 8! Apple Did It This Time!","Buy Buy Buy! I Love It! It’s better than my 11 Pro Max! I Waited For Years To Buy The Right One For My Business. I’m So Happy. It’s Perfect For Muah! Happy Holidays","23 Nov 2020","Size: 32GB Style: WiFi Color: Space Gray","https://images-na.ssl-images-amazon.com/images/I/813qO75YjgL._SY88.jpg
https://images-na.ssl-images-amazon.com/images/I/817qoq851JL._SY88.jpg
https://images-na.ssl-images-amazon.com/images/I/81AbYiCgSXL._SY88.jpg
https://images-na.ssl-images-amazon.com/images/I/81ExciroAUL._SY88.jpg
https://images-na.ssl-images-amazon.com/images/I/81X4fjlVBAL._SY88.jpg
https://images-na.ssl-images-amazon.com/images/I/81ainK7nL2L._SY88.jpg
https://images-na.ssl-images-amazon.com/images/I/81lN8nmSeKL._SY88.jpg","Yes","Mohagony","5.0","2020 Apple iPad (10.2-inch, Wi-Fi, 32GB) - Space Gray (8th Generation)","https://www.amazon.com/Apple-iPad-10-2-inch-Wi-Fi-32GB/product-reviews/B08J65DST5/ref=cm_cr_dp_d_show_all_btm?ie=UTF8&reviewerType=all_reviews&pageNumber=24"
"Great price, perfect and brand new product!","GREAT PURCHASE!! Brand new and came with box, charger and info booklet! This is a great purchase at a great price!","22 May 2021","Size: 32GB Style: WiFi Color: Space Gray","","Yes","Carlos","5.0","2020 Apple iPad (10.2-inch, Wi-Fi, 32GB) - Space Gray (8th Generation)","https://www.amazon.com/Apple-iPad-10-2-inch-Wi-Fi-32GB/product-reviews/B08J65DST5/ref=cm_cr_dp_d_show_all_btm?ie=UTF8&reviewerType=all_reviews&pageNumber=24"
"Got here fast","Perfect update","30 Sep 2020","Size: 32GB Style: WiFi Color: Space Gray","","Yes","Customer","5.0","2020 Apple iPad (10.2-inch, Wi-Fi, 32GB) - Space Gray (8th Generation)","https://www.amazon.com/Apple-iPad-10-2-inch-Wi-Fi-32GB/product-reviews/B08J65DST5/ref=cm_cr_dp_d_show_all_btm?ie=UTF8&reviewerType=all_reviews&pageNumber=24"
"Love it","I have fallen in love with this iPad.  It works well with my iPhone and allows me to FaceTime with my family.  It is seamless with adding apps. I now use it as my Kindle reader as well.  The screen is large and very high quality.  Can't beat it for the price.","22 Apr 2021","Size: 32GB Style: WiFi Color: Space Gray","","Yes","Garry M","5.0","2020 Apple iPad (10.2-inch, Wi-Fi, 32GB) - Space Gray (8th Generation)","https://www.amazon.com/Apple-iPad-10-2-inch-Wi-Fi-32GB/product-reviews/B08J65DST5/ref=cm_cr_dp_d_show_all_btm?ie=UTF8&reviewerType=all_reviews&pageNumber=24"
"Didn’t think I needed it","I never thought I needed one I had a special project I needed to do which would’ve been easier with this iPad so I bought it and I am extremely happy that I did. It’s amazing what I use it for now that I never would’ve thought I would. Great purchase!","25 Apr 2021","Size: 128GB Style: WiFi Color: Silver","","Yes","Kathy W","5.0","2020 Apple iPad (10.2-inch, Wi-Fi, 32GB) - Space Gray (8th Generation)","https://www.amazon.com/Apple-iPad-10-2-inch-Wi-Fi-32GB/product-reviews/B08J65DST5/ref=cm_cr_dp_d_show_all_btm?ie=UTF8&reviewerType=all_reviews&pageNumber=24"
"Great Value","Easy to set up I paired it with my iPhone 11. Can make call or receive calls on the iPad as long as your iPhone is turned on and WiFi available or hot spot. The mail set up was a little challenging for me. A very good value for the price. I would recommend it","31 Dec 2020","Size: 32GB Style: WiFi Color: Gold","","Yes","Kathleen Dibley","5.0","2020 Apple iPad (10.2-inch, Wi-Fi, 32GB) - Space Gray (8th Generation)","https://www.amazon.com/Apple-iPad-10-2-inch-Wi-Fi-32GB/product-reviews/B08J65DST5/ref=cm_cr_dp_d_show_all_btm?ie=UTF8&reviewerType=all_reviews&pageNumber=24"
"So perfect!","I love this iPad! So glad I bought it. It said when I purchased that it would’ve be available until January 25th but it shipped two days after I ordered on the 6th!! I received it and the case I ordered for it the next day. It’s absolutely worth the price.","09 Jan 2021","Size: 32GB Style: WiFi Color: Gold","","Yes","Brandi Lee","5.0","2020 Apple iPad (10.2-inch, Wi-Fi, 32GB) - Space Gray (8th Generation)","https://www.amazon.com/Apple-iPad-10-2-inch-Wi-Fi-32GB/product-reviews/B08J65DST5/ref=cm_cr_dp_d_show_all_btm?ie=UTF8&reviewerType=all_reviews&pageNumber=24"
"Like","My daughter loves the iPad.  The only flaw is not knowing the difference between the WIFI and the BLUETOOTH. I GOT THE BLUETOOTH NOW IN ORDER TO USE IT WE HAVE TO PAY FOR WIFI F separately.","01 Jun 2021","Size: 32GB Style: WiFi Color: Space Gray","","Yes","YnobeGoddess","5.0","2020 Apple iPad (10.2-inch, Wi-Fi, 32GB) - Space Gray (8th Generation)","https://www.amazon.com/Apple-iPad-10-2-inch-Wi-Fi-32GB/product-reviews/B08J65DST5/ref=cm_cr_dp_d_show_all_btm?ie=UTF8&reviewerType=all_reviews&pageNumber=24"
"Great for the price!","Great iPad for the price. I bought it for a music reader when I play gigs due to the nice screen size, but it’s awesome for watching steaming channels and taking notes with the 1st gen pen. I highly recommend if you want a nice tablet at a good price.","26 Feb 2021","Size: 128GB Style: WiFi Color: Space Gray","","Yes","S. Gunnels","5.0","2020 Apple iPad (10.2-inch, Wi-Fi, 32GB) - Space Gray (8th Generation)","https://www.amazon.com/Apple-iPad-10-2-inch-Wi-Fi-32GB/product-reviews/B08J65DST5/ref=cm_cr_dp_d_show_all_btm?ie=UTF8&reviewerType=all_reviews&pageNumber=24"
"Like a computer in the palm of your hands","Crystal clear10.2 inch Retina display with amazing stereo speakers.  Fast WI-FI to browse the internet and download books and other uses.  Like a mini computer in the palm of your hands which includes a year of Apple TV+ original shows and movies.","08 Feb 2021","Size: 128GB Style: WiFi Color: Space Gray","","Yes","Terry B.","5.0","2020 Apple iPad (10.2-inch, Wi-Fi, 32GB) - Space Gray (8th Generation)","https://www.amazon.com/Apple-iPad-10-2-inch-Wi-Fi-32GB/product-reviews/B08J65DST5/ref=cm_cr_dp_d_show_all_btm?ie=UTF8&reviewerType=all_reviews&pageNumber=25"
"Great tablet","iPads are the go-to tablets in my opinion. Great battery life, great display, easy to use and they don't look dopey. Everything always works just the way it should with these. Can't recommend them enough. They are well worth the money over the cheaper Android or Windows tablets.","09 Dec 2020","Size: 32GB Style: WiFi Color: Silver","","Yes","S. Kenyon","5.0","2020 Apple iPad (10.2-inch, Wi-Fi, 32GB) - Space Gray (8th Generation)","https://www.amazon.com/Apple-iPad-10-2-inch-Wi-Fi-32GB/product-reviews/B08J65DST5/ref=cm_cr_dp_d_show_all_btm?ie=UTF8&reviewerType=all_reviews&pageNumber=25"
"It's the latest gen iPad. What's not to like?","I bought this for the office as I can use it to control various machines remotely. I am using it for much more than that. Zoom, emails, training vids, etc. I can sit outside and work while enjoying the weather. Why didn't I buy one before?","08 Mar 2021","Size: 128GB Style: WiFi Color: Space Gray","","Yes","TDubs","5.0","2020 Apple iPad (10.2-inch, Wi-Fi, 32GB) - Space Gray (8th Generation)","https://www.amazon.com/Apple-iPad-10-2-inch-Wi-Fi-32GB/product-reviews/B08J65DST5/ref=cm_cr_dp_d_show_all_btm?ie=UTF8&reviewerType=all_reviews&pageNumber=25"
"Incredible savings","AMAZON: Bought this on sale for $30 off of Apple.com's price. Definitely worth waiting for a sale as the tax and shipping can add on another $40. I bought with a case and it arrived 2 days earlier than what Amazon first said. Very happy. IPAD: INCREDIBLE battery life! Will play games for 12 hours and only go down to ~30% battery. Will run almost anything you throw at it. Bought as an upgrade from a Fire HD 8 tablet, and boy was it worth saving. Only complaints is the price, which of course is lower on Amazon; and the lack of multi-user. Definitely recommend this to anyone who can afford it.","27 Jan 2021","Size: 32GB Style: WiFi Color: Space Gray","","Yes","Dominic Smith","5.0","2020 Apple iPad (10.2-inch, Wi-Fi, 32GB) - Space Gray (8th Generation)","https://www.amazon.com/Apple-iPad-10-2-inch-Wi-Fi-32GB/product-reviews/B08J65DST5/ref=cm_cr_dp_d_show_all_btm?ie=UTF8&reviewerType=all_reviews&pageNumber=25"
"Finally bought an iPad","I have resisted buying an iPad for years and “made do” with a series of Kindle Fires. The Fires are not bad but my new iPad is significantly better. Now that the price difference between a “high end” Fire and a “base” iPad has narrowed, I’m glad I bought the iPad (with the 128 GB capacity.)","24 Jan 2021","Size: 128GB Style: WiFi Color: Silver","","Yes","JCJ","5.0","2020 Apple iPad (10.2-inch, Wi-Fi, 32GB) - Space Gray (8th Generation)","https://www.amazon.com/Apple-iPad-10-2-inch-Wi-Fi-32GB/product-reviews/B08J65DST5/ref=cm_cr_dp_d_show_all_btm?ie=UTF8&reviewerType=all_reviews&pageNumber=25"
"My wife likes it a lot","Her older generation iPad Air 2 bit the dust, she didn't think the upcharge for the new Air was worth it so she went with this non-Air version and she's very happy with it.  She likes the screen quality and said battery life was great.","30 Apr 2021","Size: 128GB Style: WiFi Color: Space Gray","","Yes","Jim C","5.0","2020 Apple iPad (10.2-inch, Wi-Fi, 32GB) - Space Gray (8th Generation)","https://www.amazon.com/Apple-iPad-10-2-inch-Wi-Fi-32GB/product-reviews/B08J65DST5/ref=cm_cr_dp_d_show_all_btm?ie=UTF8&reviewerType=all_reviews&pageNumber=25"
"Ipad problems  completing revew app store","Ok i love that is super fast, but is not easy to use fo the price. I tried to down load apps and doesn't let me, ask me to revew my account every time tells me that i didn't complete the form that something ia missing , inam so upset i try almost everything,  and an iPad without apps its nothing. If i don't find out how to solve this i have to return it...","01 Dec 2020","Size: 128GB Style: WiFi Color: Gold","","Yes","GT","5.0","2020 Apple iPad (10.2-inch, Wi-Fi, 32GB) - Space Gray (8th Generation)","https://www.amazon.com/Apple-iPad-10-2-inch-Wi-Fi-32GB/product-reviews/B08J65DST5/ref=cm_cr_dp_d_show_all_btm?ie=UTF8&reviewerType=all_reviews&pageNumber=25"
"Great Laptop Replacement","I purchased this for my grandfather to replace his laptop and bought a third party keyboard case to make the transition easier for him. The bonus is that he loves facetiming the rest of our family that is scattered all over the globe.","09 Nov 2020","Size: 128GB Style: WiFi Color: Silver","","Yes","Just my opinion","5.0","2020 Apple iPad (10.2-inch, Wi-Fi, 32GB) - Space Gray (8th Generation)","https://www.amazon.com/Apple-iPad-10-2-inch-Wi-Fi-32GB/product-reviews/B08J65DST5/ref=cm_cr_dp_d_show_all_btm?ie=UTF8&reviewerType=all_reviews&pageNumber=25"
"Good and affordable new apple ipad","The battery life is good. I was a little worried about the storage space but the OS doesn't take up too much room so my son has room for a handful of games. Just don't put too many and you'll have room for updates which you MUST do if you don't want a broken tablet.","13 May 2021","Size: 32GB Style: WiFi Color: Space Gray","","Yes","Birb","5.0","2020 Apple iPad (10.2-inch, Wi-Fi, 32GB) - Space Gray (8th Generation)","https://www.amazon.com/Apple-iPad-10-2-inch-Wi-Fi-32GB/product-reviews/B08J65DST5/ref=cm_cr_dp_d_show_all_btm?ie=UTF8&reviewerType=all_reviews&pageNumber=25"
"So Very Pleased","This is my first iPad and I am so pleased. I rarely if ever use my desktop anymore. I can do everything with my iPad, from working on my photos, social media, and following my investments. Just sorry I didn’t buy one a long time ago.","05 Mar 2021","Size: 32GB Style: WiFi Color: Gold","","Yes","Phillip Pessar","5.0","2020 Apple iPad (10.2-inch, Wi-Fi, 32GB) - Space Gray (8th Generation)","https://www.amazon.com/Apple-iPad-10-2-inch-Wi-Fi-32GB/product-reviews/B08J65DST5/ref=cm_cr_dp_d_show_all_btm?ie=UTF8&reviewerType=all_reviews&pageNumber=25"
"Great product for the price!","I bought this unit for my son's school use. He has one assigned by the school but we can't install anything on it. So I got him this one where we can install what we want. Did not disappoint. The only problem is that the accessories are damn expensive!","10 Feb 2021","Size: 32GB Style: WiFi Color: Space Gray","","Yes","Muhammad U.","5.0","2020 Apple iPad (10.2-inch, Wi-Fi, 32GB) - Space Gray (8th Generation)","https://www.amazon.com/Apple-iPad-10-2-inch-Wi-Fi-32GB/product-reviews/B08J65DST5/ref=cm_cr_dp_d_show_all_btm?ie=UTF8&reviewerType=all_reviews&pageNumber=26"
"Battery quit after 3 months","Received for Christmas. Been in use 3 months and has stopped charging. Now I have to try to find an Apple store to have it looked at. I bought new instead of refurbished to try and avoid this problem. The first Apple product I've ever purchased since I'm usually an Android person, and super not impressed.","18 May 2021","Size: 32GB Style: WiFi Color: Space Gray","","Yes","Shanna","1.0","2020 Apple iPad (10.2-inch, Wi-Fi, 32GB) - Space Gray (8th Generation)","https://www.amazon.com/Apple-iPad-10-2-inch-Wi-Fi-32GB/product-reviews/B08J65DST5/ref=cm_cr_dp_d_show_all_btm?ie=UTF8&reviewerType=all_reviews&pageNumber=26"
"Migration","You’d think migration would be simple. Hold this near that and all info will be moved. That’s not my experience. I’m xfring passwords, log ins, etc for the 2nd straight day.","14 Oct 2020","Size: 128GB Style: WiFi Color: Space Gray","","Yes","Tom S.","4.0","2020 Apple iPad (10.2-inch, Wi-Fi, 32GB) - Space Gray (8th Generation)","https://www.amazon.com/Apple-iPad-10-2-inch-Wi-Fi-32GB/product-reviews/B08J65DST5/ref=cm_cr_dp_d_show_all_btm?ie=UTF8&reviewerType=all_reviews&pageNumber=26"
"Great product","This is the 3rd IPad I’ve had, and it is as I expected, excellent! It is easy to use! I had it up and running the first day, and I am thrilled with it. I love it as I have tried to upgrade them every few years. I always do the keyboards so it is my computer. It does everything I need it to do, and more.","27 Jan 2021","Size: 128GB Style: WiFi Color: Space Gray","","Yes","Patty Crutchfield","5.0","2020 Apple iPad (10.2-inch, Wi-Fi, 32GB) - Space Gray (8th Generation)","https://www.amazon.com/Apple-iPad-10-2-inch-Wi-Fi-32GB/product-reviews/B08J65DST5/ref=cm_cr_dp_d_show_all_btm?ie=UTF8&reviewerType=all_reviews&pageNumber=26"
"Great value for anyone who doesn’t need the latest and greatest","I bought this after I dropped my older iPad Air cracking the screen. The new ipad is much faster and easier to use and was actually less expensive than my old one. Very happy with it. I see no reason to pay more for IPad Air or Pro.","14 Jan 2021","Size: 32GB Style: WiFi Color: Space Gray","","Yes","mike47","5.0","2020 Apple iPad (10.2-inch, Wi-Fi, 32GB) - Space Gray (8th Generation)","https://www.amazon.com/Apple-iPad-10-2-inch-Wi-Fi-32GB/product-reviews/B08J65DST5/ref=cm_cr_dp_d_show_all_btm?ie=UTF8&reviewerType=all_reviews&pageNumber=26"
"Good purchase","I’ve never had an iPad but I have the newest iPhone so I can compare a bit. Battery life leaves something to be desired and I wish the screen was a tad brighter but all in all, a worthy purchase and I am happy. Wonderful for drawing with","29 Dec 2020","Size: 32GB Style: WiFi Color: Space Gray","","Yes","Kadoodle","5.0","2020 Apple iPad (10.2-inch, Wi-Fi, 32GB) - Space Gray (8th Generation)","https://www.amazon.com/Apple-iPad-10-2-inch-Wi-Fi-32GB/product-reviews/B08J65DST5/ref=cm_cr_dp_d_show_all_btm?ie=UTF8&reviewerType=all_reviews&pageNumber=26"
"Amazing. Fast, and affordable.","First off, this device is an absolute beauty, sleek, smooth, and with beautiful color both on the outside, and the screen, which is a shame considering I'm putting a full cover on this so I won't get to see the outside often. Incredibly fast especially coming from a 1st gen iPad I've had for years. It's light but it still feels sturdy, and with 128GB I don't think I'll ever have space issues. Now, to sum up, I would absolutely recommend this to anyone looking for a good quality and beautiful tablet device, and at it's reasonable price its no wonder this tablet has become so popular.","29 Dec 2020","Size: 128GB Style: WiFi Color: Gold","","Yes","Robert","5.0","2020 Apple iPad (10.2-inch, Wi-Fi, 32GB) - Space Gray (8th Generation)","https://www.amazon.com/Apple-iPad-10-2-inch-Wi-Fi-32GB/product-reviews/B08J65DST5/ref=cm_cr_dp_d_show_all_btm?ie=UTF8&reviewerType=all_reviews&pageNumber=26"
"Great IPad, If you are in need of replacing an old one or gifting.","As an android user for years, I’m upset I didn’t switch sooner. I just love how everything flows from my phone and watch to my iPad.","12 Nov 2020","Size: 32GB Style: WiFi Color: Gold","","Yes","Nurse Jen","5.0","2020 Apple iPad (10.2-inch, Wi-Fi, 32GB) - Space Gray (8th Generation)","https://www.amazon.com/Apple-iPad-10-2-inch-Wi-Fi-32GB/product-reviews/B08J65DST5/ref=cm_cr_dp_d_show_all_btm?ie=UTF8&reviewerType=all_reviews&pageNumber=26"
"Great iPad but delicate screen","Bought this for my 16yr old.. I have the same one and I love mine. Problem is that my 16yr old’s iPad screen broke within the first week of her using it and it had a case on it.. Doesn’t make any sense how hers broke so easily.","21 Mar 2021","Size: 32GB Style: WiFi Color: Silver","","Yes","jewel322","3.0","2020 Apple iPad (10.2-inch, Wi-Fi, 32GB) - Space Gray (8th Generation)","https://www.amazon.com/Apple-iPad-10-2-inch-Wi-Fi-32GB/product-reviews/B08J65DST5/ref=cm_cr_dp_d_show_all_btm?ie=UTF8&reviewerType=all_reviews&pageNumber=26"
"Great ipad","I gave 4 stars because everything is great only downfall is the charger it came with doesn't work. I have to get a new one","16 Mar 2021","Size: 128GB Style: WiFi Color: Space Gray","","Yes","whitney","4.0","2020 Apple iPad (10.2-inch, Wi-Fi, 32GB) - Space Gray (8th Generation)","https://www.amazon.com/Apple-iPad-10-2-inch-Wi-Fi-32GB/product-reviews/B08J65DST5/ref=cm_cr_dp_d_show_all_btm?ie=UTF8&reviewerType=all_reviews&pageNumber=26"
"Great Tablet ..","I wanted a android tablet I wanted to stay away from iPad's This tablet filled the bill and I am very happy with it came with a lot of apps I could add or remove and it works great good battery life and fast charging.....","18 Jan 2021","Size: 128GB Style: WiFi Color: Space Gray","","Yes","Buckoo45","5.0","2020 Apple iPad (10.2-inch, Wi-Fi, 32GB) - Space Gray (8th Generation)","https://www.amazon.com/Apple-iPad-10-2-inch-Wi-Fi-32GB/product-reviews/B08J65DST5/ref=cm_cr_dp_d_show_all_btm?ie=UTF8&reviewerType=all_reviews&pageNumber=27"
"love it","My old IPAD died so when checking for the best quality and price, I found this which is perfect for my morning coffee reading news of the day time.  What I love the most is the free garage band app.  Thank you Apple for a quality IPAD this old lady can afford.","28 Nov 2020","Size: 32GB Style: WiFi Color: Gold","","Yes","PB","5.0","2020 Apple iPad (10.2-inch, Wi-Fi, 32GB) - Space Gray (8th Generation)","https://www.amazon.com/Apple-iPad-10-2-inch-Wi-Fi-32GB/product-reviews/B08J65DST5/ref=cm_cr_dp_d_show_all_btm?ie=UTF8&reviewerType=all_reviews&pageNumber=27"
"Nice ipad.","I really like my new 2020 ipad. I just wish it came with a help button so I could chat with someone when I am stumped with a problem.","25 Mar 2021","Size: 128GB Style: WiFi Color: Space Gray","","Yes","Ipad customer","5.0","2020 Apple iPad (10.2-inch, Wi-Fi, 32GB) - Space Gray (8th Generation)","https://www.amazon.com/Apple-iPad-10-2-inch-Wi-Fi-32GB/product-reviews/B08J65DST5/ref=cm_cr_dp_d_show_all_btm?ie=UTF8&reviewerType=all_reviews&pageNumber=27"
"WIFE IS THRILLED","wife absolutely loves her ipad.. an i figured out so do i  so now im goin to have to oreder me one for my own..its avery easy to use an very clear n great sounding..would reccomend over any tablet out there.we had three tablets in past sold or traded all n now we have one ipad an we absoltely love it..","24 Jan 2021","Size: 32GB Style: WiFi Color: Gold","","Yes","Michael S.","5.0","2020 Apple iPad (10.2-inch, Wi-Fi, 32GB) - Space Gray (8th Generation)","https://www.amazon.com/Apple-iPad-10-2-inch-Wi-Fi-32GB/product-reviews/B08J65DST5/ref=cm_cr_dp_d_show_all_btm?ie=UTF8&reviewerType=all_reviews&pageNumber=27"
"First tablet we have owned, works really well","My wife loves this thing.  Uses while she is watching TV, to look up trivia about movies and actors.  Used to use her iPhone, but this makes her life much easier.  Highly recommend, plus the amazon pricing is very good.","23 Feb 2021","Size: 32GB Style: WiFi Color: Space Gray","","Yes","Bob S.","5.0","2020 Apple iPad (10.2-inch, Wi-Fi, 32GB) - Space Gray (8th Generation)","https://www.amazon.com/Apple-iPad-10-2-inch-Wi-Fi-32GB/product-reviews/B08J65DST5/ref=cm_cr_dp_d_show_all_btm?ie=UTF8&reviewerType=all_reviews&pageNumber=27"
"GREAT TABLET, NOT-SO-GREAT CAMERA","Love it! Came the next day and works perfect. The retina display is gorgeous and fluid. I'm only rating 4 stars though because the camera is not that great IMO but works fine (better lighting may help) Overall, would definitely recommend (and already have) to anyone looking to buy a new tablet or replace their laptop!","22 Mar 2021","Size: 32GB Style: WiFi Color: Gold","","Yes","Rocc Johnson","4.0","2020 Apple iPad (10.2-inch, Wi-Fi, 32GB) - Space Gray (8th Generation)","https://www.amazon.com/Apple-iPad-10-2-inch-Wi-Fi-32GB/product-reviews/B08J65DST5/ref=cm_cr_dp_d_show_all_btm?ie=UTF8&reviewerType=all_reviews&pageNumber=27"
"iPad met expectations","This was a present for my wife.  She had another for about 5 or 6 years and dropped (maybe on purpose) but she got this one with tons of memory so it was the most expensive version.  But no complaints.  These iPads don't have many problems.  It works flawlessly.","18 Jan 2021","Size: 128GB Style: WiFi Color: Gold","","Yes","Bruce Krider","5.0","2020 Apple iPad (10.2-inch, Wi-Fi, 32GB) - Space Gray (8th Generation)","https://www.amazon.com/Apple-iPad-10-2-inch-Wi-Fi-32GB/product-reviews/B08J65DST5/ref=cm_cr_dp_d_show_all_btm?ie=UTF8&reviewerType=all_reviews&pageNumber=27"
"Love my iPad","This was my first i-Pad so there was a bit of a learning curve, but help is available through Apple or U-tube. It is clear and pretty easy to use and very convenient. It is also much easier to see details than a small phone.","05 Mar 2021","Size: 32GB Style: WiFi Color: Space Gray","","Yes","susie","5.0","2020 Apple iPad (10.2-inch, Wi-Fi, 32GB) - Space Gray (8th Generation)","https://www.amazon.com/Apple-iPad-10-2-inch-Wi-Fi-32GB/product-reviews/B08J65DST5/ref=cm_cr_dp_d_show_all_btm?ie=UTF8&reviewerType=all_reviews&pageNumber=27"
"Great Price For Awesome iPad","I’m an apple girl for sure but I will admit that their products are usually so expensive! In this case, for a brand new iPad with the updated processor, it’s fantastic! Of course it doesn’t have the new face recognition but that’s what’s expected for what you pay for. I definitely think this is a terrific deal!","26 Nov 2020","Size: 32GB Style: WiFi Color: Gold","","Yes","Hannah Newman","5.0","2020 Apple iPad (10.2-inch, Wi-Fi, 32GB) - Space Gray (8th Generation)","https://www.amazon.com/Apple-iPad-10-2-inch-Wi-Fi-32GB/product-reviews/B08J65DST5/ref=cm_cr_dp_d_show_all_btm?ie=UTF8&reviewerType=all_reviews&pageNumber=27"
"Great buy & fast delivery. Flawless iPad","I’m soooo glad I didn’t let the negative reviews stop me, this same iPad is about $400-500 on the apple site & in Best Buy. Some reviews said that they were unable to connect to iCloud and it had been used this iPad came BRAND NEW, absolutely NO ISSUES, GREAT BATTERY LIFE & Just awesome all around","26 Dec 2020","Size: 32GB Style: WiFi Color: Silver","https://images-na.ssl-images-amazon.com/images/I/B116UZzP15S._SY88.jpg
https://images-na.ssl-images-amazon.com/images/I/B1YsYU7crvS._SY88.jpg","Yes","Alison Pringle","5.0","2020 Apple iPad (10.2-inch, Wi-Fi, 32GB) - Space Gray (8th Generation)","https://www.amazon.com/Apple-iPad-10-2-inch-Wi-Fi-32GB/product-reviews/B08J65DST5/ref=cm_cr_dp_d_show_all_btm?ie=UTF8&reviewerType=all_reviews&pageNumber=27"
"Love it!","Never been a fan of apple but I had to get this after seeing my sister use hers! I uae this mainly as an everyday computer and also for my Cricut Design Space. Definitely needed attachments [Bluetooth keyboard, metal stand with] well worth the money!","27 Dec 2020","Size: 32GB Style: WiFi Color: Space Gray","","Yes","Lacey","5.0","2020 Apple iPad (10.2-inch, Wi-Fi, 32GB) - Space Gray (8th Generation)","https://www.amazon.com/Apple-iPad-10-2-inch-Wi-Fi-32GB/product-reviews/B08J65DST5/ref=cm_cr_dp_d_show_all_btm?ie=UTF8&reviewerType=all_reviews&pageNumber=28"
"Can’t do without it!","The only thing I could complain about is I can’t connect my I pad to other devices. There is nothing else I dislike about my iPad. I use it all the time to look up things, to purchase items for banking for communication and many more things.","01 Jan 2021","Size: 128GB Style: WiFi Color: Space Gray","","Yes","Sharon","5.0","2020 Apple iPad (10.2-inch, Wi-Fi, 32GB) - Space Gray (8th Generation)","https://www.amazon.com/Apple-iPad-10-2-inch-Wi-Fi-32GB/product-reviews/B08J65DST5/ref=cm_cr_dp_d_show_all_btm?ie=UTF8&reviewerType=all_reviews&pageNumber=28"
"Best tablet for the money","Best tablet for the money. For less than $300 you get a supper powerful tablet run by a 6 core A12 Bionic processor, 3GB of RAM to run as many apps you need, and a super contrastive display. The battery life is also top notch. Support for Apple Pencil 1 makes it the best entry level option for the artists who want to try their hand at drawing before considering purchase of a more expensive alternative. All in all, iPad 8 is one of most successful tablets on the market that you can get for your money.","20 Feb 2021","Size: 32GB Style: WiFi Color: Space Gray","","Yes","Alexandru","5.0","2020 Apple iPad (10.2-inch, Wi-Fi, 32GB) - Space Gray (8th Generation)","https://www.amazon.com/Apple-iPad-10-2-inch-Wi-Fi-32GB/product-reviews/B08J65DST5/ref=cm_cr_dp_d_show_all_btm?ie=UTF8&reviewerType=all_reviews&pageNumber=28"
"A great product!","My artist is a budding artist and really wanted an iPad. She started using the minute it was charged. I have seen at least 10 sketches and she is currently working on  an illustration set to music.  So much to do!","09 Nov 2020","Size: 128GB Style: WiFi Color: Silver","","Yes","Mish","5.0","2020 Apple iPad (10.2-inch, Wi-Fi, 32GB) - Space Gray (8th Generation)","https://www.amazon.com/Apple-iPad-10-2-inch-Wi-Fi-32GB/product-reviews/B08J65DST5/ref=cm_cr_dp_d_show_all_btm?ie=UTF8&reviewerType=all_reviews&pageNumber=28"
"Love this thing","My old iPad was super old so needed a new one. Love this one. Just small enough that I can carry around with me, and got a case and cover to keep it protected (also from Amazon). Great battery life and very light.","19 Mar 2021","Size: 32GB Style: WiFi Color: Gold","","Yes","Christine Kam","5.0","2020 Apple iPad (10.2-inch, Wi-Fi, 32GB) - Space Gray (8th Generation)","https://www.amazon.com/Apple-iPad-10-2-inch-Wi-Fi-32GB/product-reviews/B08J65DST5/ref=cm_cr_dp_d_show_all_btm?ie=UTF8&reviewerType=all_reviews&pageNumber=28"
"Not accurate screen size","The item is not correct size! It is 8 inches not 10 inches. It is so frustrating!","13 Mar 2021","Size: 32GB Style: WiFi Color: Space Gray","","Yes","Sosorbaram Bayaraa","1.0","2020 Apple iPad (10.2-inch, Wi-Fi, 32GB) - Space Gray (8th Generation)","https://www.amazon.com/Apple-iPad-10-2-inch-Wi-Fi-32GB/product-reviews/B08J65DST5/ref=cm_cr_dp_d_show_all_btm?ie=UTF8&reviewerType=all_reviews&pageNumber=28"
"This I-Pad offers a great value for what it is capable of doing.","This item arrived on time. It’s a very thin quick operating tablet. I have used a I-Pad for several years and it still operates very well, but this new 8th generation model is improved and I look to using it for several years.","09 Nov 2020","Size: 128GB Style: WiFi Color: Space Gray","","Yes","Gordon","5.0","2020 Apple iPad (10.2-inch, Wi-Fi, 32GB) - Space Gray (8th Generation)","https://www.amazon.com/Apple-iPad-10-2-inch-Wi-Fi-32GB/product-reviews/B08J65DST5/ref=cm_cr_dp_d_show_all_btm?ie=UTF8&reviewerType=all_reviews&pageNumber=28"
"Good investment!","Long lasting battery, lightweight, and intuitive features. I tend to keep my electronics for a long time. Finally upgraded my ipad after 8 years with the previous one. Glad I did, this one works much more quickly!","13 Jun 2021","Size: 32GB Style: WiFi Color: Space Gray","","Yes","Proverbs31","5.0","2020 Apple iPad (10.2-inch, Wi-Fi, 32GB) - Space Gray (8th Generation)","https://www.amazon.com/Apple-iPad-10-2-inch-Wi-Fi-32GB/product-reviews/B08J65DST5/ref=cm_cr_dp_d_show_all_btm?ie=UTF8&reviewerType=all_reviews&pageNumber=28"
"Great as expected from Apple","Decided on the iPad to upgrade and replace my aging tablet and the price was a steal. The iPad is quick and responsive, the picture and sound quality is great and the screen size is big and offers a lot of real estate. The only problem is battery life, you get at best 4-5 hours of full screen and sound time.","20 Feb 2021","Size: 32GB Style: WiFi Color: Gold","","Yes","K. M.","5.0","2020 Apple iPad (10.2-inch, Wi-Fi, 32GB) - Space Gray (8th Generation)","https://www.amazon.com/Apple-iPad-10-2-inch-Wi-Fi-32GB/product-reviews/B08J65DST5/ref=cm_cr_dp_d_show_all_btm?ie=UTF8&reviewerType=all_reviews&pageNumber=28"
"Perfect","Got my son this for his 7th birthday. He absolutely loves it and we can use it seamlessly for his virtual learning. Totally worth the price tag and I was worried 32gb wouldn't be enough but so far no problems. Very fast too.","10 Feb 2021","Size: 32GB Style: WiFi Color: Space Gray","","Yes","Chris Martin","5.0","2020 Apple iPad (10.2-inch, Wi-Fi, 32GB) - Space Gray (8th Generation)","https://www.amazon.com/Apple-iPad-10-2-inch-Wi-Fi-32GB/product-reviews/B08J65DST5/ref=cm_cr_dp_d_show_all_btm?ie=UTF8&reviewerType=all_reviews&pageNumber=28"
"2020 Ipad 8th generation","Had my ipad Air II for 5 years. This one is also outstanding. I learned that 32 gigs is USUALLY enough for most folks; I bought one with far less memory then original. I had to delete some junk apps, and pictures.","23 Dec 2020","Size: 32GB Style: WiFi + Cellular Color: Space Gray","","Yes","Jontona","5.0","2020 Apple iPad (10.2-inch, Wi-Fi, 32GB) - Space Gray (8th Generation)","https://www.amazon.com/Apple-iPad-10-2-inch-Wi-Fi-32GB/product-reviews/B08J65DST5/ref=cm_cr_dp_d_show_all_btm?ie=UTF8&reviewerType=all_reviews&pageNumber=29"
"Awesome, should have bought one sooner","Awesome. Our first ipad. Should have bought one years ago. Wife loves it, best Christmas present. Even though not the latest super high resolution, its plenty good enough, a year old technology is still awesome.","21 Feb 2021","Size: 32GB Style: WiFi Color: Silver","","Yes","Amazon Customer","5.0","2020 Apple iPad (10.2-inch, Wi-Fi, 32GB) - Space Gray (8th Generation)","https://www.amazon.com/Apple-iPad-10-2-inch-Wi-Fi-32GB/product-reviews/B08J65DST5/ref=cm_cr_dp_d_show_all_btm?ie=UTF8&reviewerType=all_reviews&pageNumber=29"
"Great ipad at a good price","I upgraded my old ipad mini to this and it is beautiful.  The big screen is crystal clear, it is fast and color is beautiful.  My daughter uses procreate for art on it (not with a apple pen) but it works wonderfully with just a stylus.","05 Nov 2020","Size: 32GB Style: WiFi Color: Gold","","Yes","Jen","5.0","2020 Apple iPad (10.2-inch, Wi-Fi, 32GB) - Space Gray (8th Generation)","https://www.amazon.com/Apple-iPad-10-2-inch-Wi-Fi-32GB/product-reviews/B08J65DST5/ref=cm_cr_dp_d_show_all_btm?ie=UTF8&reviewerType=all_reviews&pageNumber=29"
"Really pleased","Purchased one for my son and he was so happy that I got this one for my wife. She loves it. Put away her laptop and does it all on the iPad. Great picture and screen quality. Watches the grandkids that are far away. Happy wife, happy life!","15 Feb 2021","Size: 128GB Style: WiFi Color: Space Gray","","Yes","Robert H.","5.0","2020 Apple iPad (10.2-inch, Wi-Fi, 32GB) - Space Gray (8th Generation)","https://www.amazon.com/Apple-iPad-10-2-inch-Wi-Fi-32GB/product-reviews/B08J65DST5/ref=cm_cr_dp_d_show_all_btm?ie=UTF8&reviewerType=all_reviews&pageNumber=29"
"Hours of entertainment","My son totes this thing around literally everywhere. Way cheaper than an old phone too.","15 Mar 2021","Size: 128GB Style: WiFi Color: Space Gray","","Yes","Dave Shell","5.0","2020 Apple iPad (10.2-inch, Wi-Fi, 32GB) - Space Gray (8th Generation)","https://www.amazon.com/Apple-iPad-10-2-inch-Wi-Fi-32GB/product-reviews/B08J65DST5/ref=cm_cr_dp_d_show_all_btm?ie=UTF8&reviewerType=all_reviews&pageNumber=29"
"Waste my money. It has manufacturing defect","It doesn’t charge easily. I got so many chargers because I thought it’s the charger problem, but no it was actually the iPad. I believe it’s manufacturing  defects in the charging plug on the device. My daughter(6 years old) cries every time she tries to charge her iPad.","05 May 2021","Size: 32GB Style: WiFi Color: Gold","","Yes","Amazon Customer","1.0","2020 Apple iPad (10.2-inch, Wi-Fi, 32GB) - Space Gray (8th Generation)","https://www.amazon.com/Apple-iPad-10-2-inch-Wi-Fi-32GB/product-reviews/B08J65DST5/ref=cm_cr_dp_d_show_all_btm?ie=UTF8&reviewerType=all_reviews&pageNumber=29"
"I like using this","I am not the most tech savvy person, but with some help, I have gotten most of my questions answered. It doesn’t do all that my computer did, but I won’t have as many long term problems. Love the pink color.","27 Dec 2020","Size: 128GB Style: WiFi Color: Gold","","Yes","LLL","5.0","2020 Apple iPad (10.2-inch, Wi-Fi, 32GB) - Space Gray (8th Generation)","https://www.amazon.com/Apple-iPad-10-2-inch-Wi-Fi-32GB/product-reviews/B08J65DST5/ref=cm_cr_dp_d_show_all_btm?ie=UTF8&reviewerType=all_reviews&pageNumber=29"
"Exactly what I expected.","I had an IPAD 2  for 7 years and loved it, but it was slowing down and there were no more updates. This one seems to have as high quality build and to this point I am very satisfied.  I'll get back to you in 7 years.","03 Jan 2021","Size: 128GB Style: WiFi Color: Space Gray","","Yes","Bill","5.0","2020 Apple iPad (10.2-inch, Wi-Fi, 32GB) - Space Gray (8th Generation)","https://www.amazon.com/Apple-iPad-10-2-inch-Wi-Fi-32GB/product-reviews/B08J65DST5/ref=cm_cr_dp_d_show_all_btm?ie=UTF8&reviewerType=all_reviews&pageNumber=29"
"Worth every penny","I bought this for my husband for work. And he just said the battery life is so much better than his previous iPad Air. It’s ease of use is remarkable and he loves it. He would highly recommend purchasing it","17 Dec 2020","Size: 128GB Style: WiFi Color: Space Gray","","Yes","Linda","5.0","2020 Apple iPad (10.2-inch, Wi-Fi, 32GB) - Space Gray (8th Generation)","https://www.amazon.com/Apple-iPad-10-2-inch-Wi-Fi-32GB/product-reviews/B08J65DST5/ref=cm_cr_dp_d_show_all_btm?ie=UTF8&reviewerType=all_reviews&pageNumber=29"
"Great product for basic needs","It’s been a while since we last purchased an iPad. So far it’s been doing great with my husbands work load. It is more of a work computer than an entertainment iPad. Battery life is good, normally it can last for a few days.","14 Jan 2021","Size: 128GB Style: WiFi Color: Gold","","Yes","Qi Weng","5.0","2020 Apple iPad (10.2-inch, Wi-Fi, 32GB) - Space Gray (8th Generation)","https://www.amazon.com/Apple-iPad-10-2-inch-Wi-Fi-32GB/product-reviews/B08J65DST5/ref=cm_cr_dp_d_show_all_btm?ie=UTF8&reviewerType=all_reviews&pageNumber=29"
"WONDERFUL IPAD","Your browser does not support HTML5 video. (Please do not mind the bubbles from my glass screen protector) Graphics are spectacular. Layout is clean and simple. iCloud pairs very easily and with haste. Functions quick, well, and is great for office apps!","15 Dec 2020","Size: 32GB Style: WiFi Color: Silver","https://images-na.ssl-images-amazon.com/images/I/7102kDCTfFL._SY88.jpg
https://images-na.ssl-images-amazon.com/images/I/71nAxHMMcbL._SY88.jpg","Yes","MARSI A.","5.0","2020 Apple iPad (10.2-inch, Wi-Fi, 32GB) - Space Gray (8th Generation)","https://www.amazon.com/Apple-iPad-10-2-inch-Wi-Fi-32GB/product-reviews/B08J65DST5/ref=cm_cr_dp_d_show_all_btm?ie=UTF8&reviewerType=all_reviews&pageNumber=30"
"They should test them to make sure they work before shipping.","It wouldn’t stay on. It shut itself down hundreds of times a day. No way am I keeping that.","14 Apr 2021","Size: 128GB Style: WiFi Color: Silver","","Yes","Susan Lemieux","1.0","2020 Apple iPad (10.2-inch, Wi-Fi, 32GB) - Space Gray (8th Generation)","https://www.amazon.com/Apple-iPad-10-2-inch-Wi-Fi-32GB/product-reviews/B08J65DST5/ref=cm_cr_dp_d_show_all_btm?ie=UTF8&reviewerType=all_reviews&pageNumber=30"
"Problems","I’ve had this crash twice since I purchased on December 25, 2020. If it does it again, I’m send it back. Idk why the problems.","16 Feb 2021","Size: 32GB Style: WiFi Color: Gold","","Yes","Ree Scout","2.0","2020 Apple iPad (10.2-inch, Wi-Fi, 32GB) - Space Gray (8th Generation)","https://www.amazon.com/Apple-iPad-10-2-inch-Wi-Fi-32GB/product-reviews/B08J65DST5/ref=cm_cr_dp_d_show_all_btm?ie=UTF8&reviewerType=all_reviews&pageNumber=30"
"Perfect for Us","We are retired and don't really enjoy reading the news on our phones.  This is a perfect size for reading anything.  We also play several word games on it.  It's an apple product so we aren't disappointed at all","22 Apr 2021","Size: 128GB Style: WiFi Color: Space Gray","","Yes","G OConnell","5.0","2020 Apple iPad (10.2-inch, Wi-Fi, 32GB) - Space Gray (8th Generation)","https://www.amazon.com/Apple-iPad-10-2-inch-Wi-Fi-32GB/product-reviews/B08J65DST5/ref=cm_cr_dp_d_show_all_btm?ie=UTF8&reviewerType=all_reviews&pageNumber=30"
"Nice ipad","Nice updated ipad 10.2. Worth to buy. I experienced slow processing even if new processor was used. Finger print takes too long sometimes.","17 Oct 2020","Size: 32GB Style: WiFi Color: Silver","","Yes","J Poudel","4.0","2020 Apple iPad (10.2-inch, Wi-Fi, 32GB) - Space Gray (8th Generation)","https://www.amazon.com/Apple-iPad-10-2-inch-Wi-Fi-32GB/product-reviews/B08J65DST5/ref=cm_cr_dp_d_show_all_btm?ie=UTF8&reviewerType=all_reviews&pageNumber=30"
"Awesome","Was kinda hesitant at first, you know you get what you pay for etc., but it has been great! I’ve had no issues with it, works great and hoping to get one for my mom and my kids! Great value! Just wish I’d gotten the cellular version instead!","25 Apr 2021","Size: 32GB Style: WiFi Color: Space Gray","","Yes","Stephanie","5.0","2020 Apple iPad (10.2-inch, Wi-Fi, 32GB) - Space Gray (8th Generation)","https://www.amazon.com/Apple-iPad-10-2-inch-Wi-Fi-32GB/product-reviews/B08J65DST5/ref=cm_cr_dp_d_show_all_btm?ie=UTF8&reviewerType=all_reviews&pageNumber=30"
"Not brand new as advertised","The first one took a full day to charge. The replacement one had a passcode on it which means the product is used and not brand new. Will not use this seller again.","09 Jan 2021","Size: 32GB Style: WiFi Color: Space Gray","","Yes","cat","1.0","2020 Apple iPad (10.2-inch, Wi-Fi, 32GB) - Space Gray (8th Generation)","https://www.amazon.com/Apple-iPad-10-2-inch-Wi-Fi-32GB/product-reviews/B08J65DST5/ref=cm_cr_dp_d_show_all_btm?ie=UTF8&reviewerType=all_reviews&pageNumber=30"
"First time iPad user.","After going through way to many Android tablets I finally tried out the iPad. It’s amazing all around. * Amazing display. * Great battery life. * Speakers are good but wish they were not only on the one side.","27 Apr 2021","Size: 128GB Style: WiFi Color: Space Gray","","Yes","Keyes929","5.0","2020 Apple iPad (10.2-inch, Wi-Fi, 32GB) - Space Gray (8th Generation)","https://www.amazon.com/Apple-iPad-10-2-inch-Wi-Fi-32GB/product-reviews/B08J65DST5/ref=cm_cr_dp_d_show_all_btm?ie=UTF8&reviewerType=all_reviews&pageNumber=30"
"More than adequate for the average user.","Very satisfied for my first iPad. Easy to set up via my iPhone and the cloud. Not as fancy or powerful as the iPad Pro that I bought for my daughter, but she has expert professional needs. Expect it will replace my laptop and provide years of use.","30 Mar 2021","Size: 128GB Style: WiFi Color: Space Gray","","Yes","Amazon Customer","5.0","2020 Apple iPad (10.2-inch, Wi-Fi, 32GB) - Space Gray (8th Generation)","https://www.amazon.com/Apple-iPad-10-2-inch-Wi-Fi-32GB/product-reviews/B08J65DST5/ref=cm_cr_dp_d_show_all_btm?ie=UTF8&reviewerType=all_reviews&pageNumber=30"
"My iPad likes to shut off a lot","When I got this iPad It has  been shutting off a lot for me  even when I first got it and it’s been bothering me a lot we have been trying to fix it but nothing seems to work something is definitely wrong with this iPad im going to take it to be fixed and if this doesn’t work I will be very upset","03 Jun 2021","Size: 32GB Style: WiFi Color: Gold","","Yes","MICHELLE VOGT","1.0","2020 Apple iPad (10.2-inch, Wi-Fi, 32GB) - Space Gray (8th Generation)","https://www.amazon.com/Apple-iPad-10-2-inch-Wi-Fi-32GB/product-reviews/B08J65DST5/ref=cm_cr_dp_d_show_all_btm?ie=UTF8&reviewerType=all_reviews&pageNumber=30"
"Great Ipad","I’m very happy with my new IPad. It was very easy to set up. I have an IPad Air 2 also so very easy to transfer some items from the Air 2 to the new IPad. I’m still learning and figuring out how some of the new features of the 8th generation IPad works. i did download the Ipad user guide for IOS 11.4 it helps with understanding how things work.","13 Mar 2021","Size: 32GB Style: WiFi Color: Space Gray","","Yes","Barbara Byrd","5.0","2020 Apple iPad (10.2-inch, Wi-Fi, 32GB) - Space Gray (8th Generation)","https://www.amazon.com/Apple-iPad-10-2-inch-Wi-Fi-32GB/product-reviews/B08J65DST5/ref=cm_cr_dp_d_show_all_btm?ie=UTF8&reviewerType=all_reviews&pageNumber=31"
"You’ll be pleased with this IPad.  It’s a gem!","My iPad rocks!  Works great!  Apple never fails.  High quality resolution.  Packaging is great too.  Everything is so high quality with Apple.  Seller did well in sending me this. Just what I wanted!","13 Feb 2021","Size: 32GB Style: WiFi Color: Space Gray","","Yes","Cristina Rose","5.0","2020 Apple iPad (10.2-inch, Wi-Fi, 32GB) - Space Gray (8th Generation)","https://www.amazon.com/Apple-iPad-10-2-inch-Wi-Fi-32GB/product-reviews/B08J65DST5/ref=cm_cr_dp_d_show_all_btm?ie=UTF8&reviewerType=all_reviews&pageNumber=31"
"Typical Apple product","It took a while to set up.  The quick set up from based on my  I phone was a failure.  I  needed Apple help via several phone call to reset and then manually load my information from the cloud.","09 May 2021","Size: 128GB Style: WiFi Color: Gold","","Yes","HorseBeau","4.0","2020 Apple iPad (10.2-inch, Wi-Fi, 32GB) - Space Gray (8th Generation)","https://www.amazon.com/Apple-iPad-10-2-inch-Wi-Fi-32GB/product-reviews/B08J65DST5/ref=cm_cr_dp_d_show_all_btm?ie=UTF8&reviewerType=all_reviews&pageNumber=31"
"Broke","Amazon worked with me to get a hold of apple and they are setting me up to fix the problem. Great job Amazon I am surprised. Your people are great.","02 Mar 2021","Size: 32GB Style: WiFi Color: Space Gray","","Yes","Patamazon","1.0","2020 Apple iPad (10.2-inch, Wi-Fi, 32GB) - Space Gray (8th Generation)","https://www.amazon.com/Apple-iPad-10-2-inch-Wi-Fi-32GB/product-reviews/B08J65DST5/ref=cm_cr_dp_d_show_all_btm?ie=UTF8&reviewerType=all_reviews&pageNumber=31"
"Glorious","I got this for use around the house, mostly (on my exercise bike, etc). Might travel with it once we, you know, travel again. Easy to set up, crisp display. A dream. And a reasonable price, all told!","23 Jan 2021","Size: 32GB Style: WiFi Color: Space Gray","","Yes","Amazon Customer","5.0","2020 Apple iPad (10.2-inch, Wi-Fi, 32GB) - Space Gray (8th Generation)","https://www.amazon.com/Apple-iPad-10-2-inch-Wi-Fi-32GB/product-reviews/B08J65DST5/ref=cm_cr_dp_d_show_all_btm?ie=UTF8&reviewerType=all_reviews&pageNumber=31"
"Very disappointed","I'm not an Apple person. I find this thing unintuative. Copying files from Android devices seems to have glitches.  Help is abysmal. Touch screen is way too sensitive. Separate keyboard is a waste.","09 Jan 2021","Size: 32GB Style: WiFi Color: Space Gray","","Yes","Daniel Burke","3.0","2020 Apple iPad (10.2-inch, Wi-Fi, 32GB) - Space Gray (8th Generation)","https://www.amazon.com/Apple-iPad-10-2-inch-Wi-Fi-32GB/product-reviews/B08J65DST5/ref=cm_cr_dp_d_show_all_btm?ie=UTF8&reviewerType=all_reviews&pageNumber=31"
"Smashed screen! Total disappointment!!!","Your browser does not support HTML5 video. What I’ve got from my money was an IPad with the screen completely smashed! What a disappointment!!!! Of course I want my money back!!!","15 Feb 2021","Size: 32GB Style: WiFi Color: Gold","https://images-na.ssl-images-amazon.com/images/I/91HBNncBuzL._SY88.jpg
https://images-na.ssl-images-amazon.com/images/I/A1mW4yrH9OL._SY88.jpg","Yes","Aurora Pinto","1.0","2020 Apple iPad (10.2-inch, Wi-Fi, 32GB) - Space Gray (8th Generation)","https://www.amazon.com/Apple-iPad-10-2-inch-Wi-Fi-32GB/product-reviews/B08J65DST5/ref=cm_cr_dp_d_show_all_btm?ie=UTF8&reviewerType=all_reviews&pageNumber=31"
"Easy to use","I am the least IT savvy person ever. And yet, within 30 minutes was able to transfer iPhone apps, etc onto this device. Battery life is listed at 10 hours. So happy I finally purchased an iPad","31 Mar 2021","Size: 128GB Style: WiFi Color: Space Gray","","Yes","Ruth","5.0","2020 Apple iPad (10.2-inch, Wi-Fi, 32GB) - Space Gray (8th Generation)","https://www.amazon.com/Apple-iPad-10-2-inch-Wi-Fi-32GB/product-reviews/B08J65DST5/ref=cm_cr_dp_d_show_all_btm?ie=UTF8&reviewerType=all_reviews&pageNumber=31"
"Sold on Apple tablets","I bought it for me, but the wife has more or less claimed it.  Guess I’ll need to buy another.  You won’t find better tablets than Apple tablets.  Bought a Bluetooth keyboard for a word processing application","20 Dec 2020","Size: 128GB Style: WiFi Color: Space Gray","","Yes","DJ","5.0","2020 Apple iPad (10.2-inch, Wi-Fi, 32GB) - Space Gray (8th Generation)","https://www.amazon.com/Apple-iPad-10-2-inch-Wi-Fi-32GB/product-reviews/B08J65DST5/ref=cm_cr_dp_d_show_all_btm?ie=UTF8&reviewerType=all_reviews&pageNumber=31"
"Quality and fast replacement for old IPAD","Old IPad could not accept new updates and many new programs would no longer run on the old one.  Bought this for my wife and she can not believe how fast this one is and all her programs now run.","21 Mar 2021","Size: 32GB Style: WiFi Color: Space Gray","","Yes","Brad Meek","5.0","2020 Apple iPad (10.2-inch, Wi-Fi, 32GB) - Space Gray (8th Generation)","https://www.amazon.com/Apple-iPad-10-2-inch-Wi-Fi-32GB/product-reviews/B08J65DST5/ref=cm_cr_dp_d_show_all_btm?ie=UTF8&reviewerType=all_reviews&pageNumber=31"
"Well worth the price","Very pleased with the unit, although I have been a Mac user for more than 26 years, I am still learning to operate several changes in their different products. It would be nice to incorporate a USB port in future models. I do not like to purchase new software packages when updating my older Mac products.","03 Mar 2021","Size: 32GB Style: WiFi Color: Space Gray","","Yes","Ron","4.0","2020 Apple iPad (10.2-inch, Wi-Fi, 32GB) - Space Gray (8th Generation)","https://www.amazon.com/Apple-iPad-10-2-inch-Wi-Fi-32GB/product-reviews/B08J65DST5/ref=cm_cr_dp_d_show_all_btm?ie=UTF8&reviewerType=all_reviews&pageNumber=32"
"I love this iPad","I got an iPad to work on school assignments and watch movies. It does a great job for both. I also got a keyboard case that allows me to easily work on Word docs and do research online. The iPad has great battery life, the screen size is perfect, and I’m so happy that it still has the home button. I’m so happy to have gotten it and I know that it’ll last a long time.","25 Mar 2021","Size: 32GB Style: WiFi Color: Space Gray","https://images-na.ssl-images-amazon.com/images/I/B1GZDLAe-cS._SY88.jpg","Yes","Christian Rosales","5.0","2020 Apple iPad (10.2-inch, Wi-Fi, 32GB) - Space Gray (8th Generation)","https://www.amazon.com/Apple-iPad-10-2-inch-Wi-Fi-32GB/product-reviews/B08J65DST5/ref=cm_cr_dp_d_show_all_btm?ie=UTF8&reviewerType=all_reviews&pageNumber=32"
"Gets stuck on Apple Screen....useless","The iPad will lockout with the infamous Apple logo. It will not let you do anything afterwards. I'm assuming because these are results of refurbishing....software issues....save you're money and buy a new one, these are just problems and It's been less than 3 months and Amazon won't let me return it.....trash!","22 Feb 2021","Size: 128GB Style: WiFi Color: Space Gray","","Yes","brently dean","1.0","2020 Apple iPad (10.2-inch, Wi-Fi, 32GB) - Space Gray (8th Generation)","https://www.amazon.com/Apple-iPad-10-2-inch-Wi-Fi-32GB/product-reviews/B08J65DST5/ref=cm_cr_dp_d_show_all_btm?ie=UTF8&reviewerType=all_reviews&pageNumber=32"
"Great price","Great size and it isn’t too bulky. It has a vibrant screen and I also like that you can use an Apple Pencil to maneuver through the different apps and screens. The speakers have a clear sound and sound better than previous iPad models.","16 Oct 2020","Size: 32GB Style: WiFi Color: Silver","","Yes","Ashlee3410","5.0","2020 Apple iPad (10.2-inch, Wi-Fi, 32GB) - Space Gray (8th Generation)","https://www.amazon.com/Apple-iPad-10-2-inch-Wi-Fi-32GB/product-reviews/B08J65DST5/ref=cm_cr_dp_d_show_all_btm?ie=UTF8&reviewerType=all_reviews&pageNumber=32"
"This iPad 8 generation is affordable if your looking for a good quality iPad this is it","I love this iPad it’s my first iPad it’s easy too link your iPhone with iPad and its great for browsing the web or checking emails I use it mostly for replying too email and for video conferencing with my doc appointments and also playing games the graphics are so clear and pretty and FaceTime is amazing","02 May 2021","Size: 128GB Style: WiFi Color: Gold","","Yes","Amazon Customer","4.0","2020 Apple iPad (10.2-inch, Wi-Fi, 32GB) - Space Gray (8th Generation)","https://www.amazon.com/Apple-iPad-10-2-inch-Wi-Fi-32GB/product-reviews/B08J65DST5/ref=cm_cr_dp_d_show_all_btm?ie=UTF8&reviewerType=all_reviews&pageNumber=32"
"defective ipad","a black screen with spinning wheel constantly pops up and a couple of seconds later ipad locks and after using touch id sends you to home screen with every tab closed and restarted. i started a return.","24 Jan 2021","Size: 32GB Style: WiFi Color: Space Gray","","Yes","mister","1.0","2020 Apple iPad (10.2-inch, Wi-Fi, 32GB) - Space Gray (8th Generation)","https://www.amazon.com/Apple-iPad-10-2-inch-Wi-Fi-32GB/product-reviews/B08J65DST5/ref=cm_cr_dp_d_show_all_btm?ie=UTF8&reviewerType=all_reviews&pageNumber=32"
"Good!","The speed is fast, I loved the ease of all the transfers which even copied all my apps over very seamlessly.  But the color is not satisfied to me.  It doesn't like gold, but even looks like pink.","18 Dec 2020","Size: 32GB Style: WiFi Color: Gold","","Yes","Jun Cai","4.0","2020 Apple iPad (10.2-inch, Wi-Fi, 32GB) - Space Gray (8th Generation)","https://www.amazon.com/Apple-iPad-10-2-inch-Wi-Fi-32GB/product-reviews/B08J65DST5/ref=cm_cr_dp_d_show_all_btm?ie=UTF8&reviewerType=all_reviews&pageNumber=32"
"Perfect way to upgrade","I love my new iPad 8th generation. It’s much nicer than my older model Sixth generation. It has lots more memory, screen quality is awesome. I was ready for an upgrade and this is perfect.","28 Apr 2021","Size: 128GB Style: WiFi Color: Space Gray","","Yes","SusieB","5.0","2020 Apple iPad (10.2-inch, Wi-Fi, 32GB) - Space Gray (8th Generation)","https://www.amazon.com/Apple-iPad-10-2-inch-Wi-Fi-32GB/product-reviews/B08J65DST5/ref=cm_cr_dp_d_show_all_btm?ie=UTF8&reviewerType=all_reviews&pageNumber=32"
"Disappointment","The laptop was a gift to my mature 10 year old daughter and it stop working after a month and said that it needs to be reset without apple care I had to pay $125.00","17 Mar 2021","Size: 32GB Style: WiFi Color: Space Gray","","Yes","Crystal Bradford","1.0","2020 Apple iPad (10.2-inch, Wi-Fi, 32GB) - Space Gray (8th Generation)","https://www.amazon.com/Apple-iPad-10-2-inch-Wi-Fi-32GB/product-reviews/B08J65DST5/ref=cm_cr_dp_d_show_all_btm?ie=UTF8&reviewerType=all_reviews&pageNumber=32"
"Sad","I spent less than 40 hours on iPad. I wasn’t on it for a month and it stated I have the wrong password and now I can’t login. I spoke to Support and it was not resolved. So I sit here with the iPad that does not work and still paying for it.","07 Feb 2021","Size: 128GB Style: WiFi Color: Gold","https://images-na.ssl-images-amazon.com/images/I/817aoL2dSKL._SY88.jpg","Yes","Christine M.","1.0","2020 Apple iPad (10.2-inch, Wi-Fi, 32GB) - Space Gray (8th Generation)","https://www.amazon.com/Apple-iPad-10-2-inch-Wi-Fi-32GB/product-reviews/B08J65DST5/ref=cm_cr_dp_d_show_all_btm?ie=UTF8&reviewerType=all_reviews&pageNumber=32"
"Good for new online students","Great in price/value , very easy to use. use the original charger for fast charging and to keep a health battery. All colors were not available , delivery date was 20 days apart.","06 Dec 2020","Size: 32GB Style: WiFi Color: Space Gray","","Yes","Rashad Qurashi","3.0","2020 Apple iPad (10.2-inch, Wi-Fi, 32GB) - Space Gray (8th Generation)","https://www.amazon.com/Apple-iPad-10-2-inch-Wi-Fi-32GB/product-reviews/B08J65DST5/ref=cm_cr_dp_d_show_all_btm?ie=UTF8&reviewerType=all_reviews&pageNumber=33"
"Great speed, great pictures.","I primarily use the Ipad to get my e-mails while in the living room, so I don't have to go to my office several times a day...I also use the news feature so I don't get an ""opinion"" just the news.","30 Mar 2021","Size: 128GB Style: WiFi Color: Silver","","Yes","Patsy","5.0","2020 Apple iPad (10.2-inch, Wi-Fi, 32GB) - Space Gray (8th Generation)","https://www.amazon.com/Apple-iPad-10-2-inch-Wi-Fi-32GB/product-reviews/B08J65DST5/ref=cm_cr_dp_d_show_all_btm?ie=UTF8&reviewerType=all_reviews&pageNumber=33"
"It is great for playing games, and reading, and learning something new.","If i had children of my own i would get them one and use it for homeschooling. As for me, I use mine for what i put in the headline and for viewing sports pictures I took this past year.","08 Jun 2021","Size: 128GB Style: WiFi Color: Gold","","Yes","John Thompson","5.0","2020 Apple iPad (10.2-inch, Wi-Fi, 32GB) - Space Gray (8th Generation)","https://www.amazon.com/Apple-iPad-10-2-inch-Wi-Fi-32GB/product-reviews/B08J65DST5/ref=cm_cr_dp_d_show_all_btm?ie=UTF8&reviewerType=all_reviews&pageNumber=33"
"Flawless","They had this when nobody else did. In this age of technology when something goes down it is important to be able to replace it immediately. The shipping was fast and flawless. Much appreciated.","05 Jan 2021","Size: 32GB Style: WiFi Color: Space Gray","","Yes","Michael Kaupp","5.0","2020 Apple iPad (10.2-inch, Wi-Fi, 32GB) - Space Gray (8th Generation)","https://www.amazon.com/Apple-iPad-10-2-inch-Wi-Fi-32GB/product-reviews/B08J65DST5/ref=cm_cr_dp_d_show_all_btm?ie=UTF8&reviewerType=all_reviews&pageNumber=33"
"LOVING IT!!","LOVING MY NEW IPAD!!  It's really my Christmas present from my husband, but he wanted me to try it out & make sure everything worked.  I had one years ago until it finally died & I am so excited over the new technology & the total convenience of having it!!  BEST CHRISTMAS PRESENT EVER!!!","10 Dec 2020","Size: 32GB Style: WiFi Color: Space Gray","","Yes","Donna DeLong","5.0","2020 Apple iPad (10.2-inch, Wi-Fi, 32GB) - Space Gray (8th Generation)","https://www.amazon.com/Apple-iPad-10-2-inch-Wi-Fi-32GB/product-reviews/B08J65DST5/ref=cm_cr_dp_d_show_all_btm?ie=UTF8&reviewerType=all_reviews&pageNumber=33"
"It was really worth the purchase","My daughter is really happy, you can use it for everything. She draws, writes books, watches Netflix or YouTube with this device and also uses it for school, and does all her homework.","24 Jan 2021","Size: 32GB Style: WiFi Color: Gold","","Yes","Analia H","5.0","2020 Apple iPad (10.2-inch, Wi-Fi, 32GB) - Space Gray (8th Generation)","https://www.amazon.com/Apple-iPad-10-2-inch-Wi-Fi-32GB/product-reviews/B08J65DST5/ref=cm_cr_dp_d_show_all_btm?ie=UTF8&reviewerType=all_reviews&pageNumber=33"
"Great product!","Love everything about my new iPad! Honestly have no complaints it’s great bright screen and large enough to watch movies and shows on I bought a keyboard type case to keep it in and love it.","25 Apr 2021","Size: 128GB Style: WiFi Color: Gold","","Yes","ItsaBritThing","5.0","2020 Apple iPad (10.2-inch, Wi-Fi, 32GB) - Space Gray (8th Generation)","https://www.amazon.com/Apple-iPad-10-2-inch-Wi-Fi-32GB/product-reviews/B08J65DST5/ref=cm_cr_dp_d_show_all_btm?ie=UTF8&reviewerType=all_reviews&pageNumber=33"
"Great value","I've had several iPads and this one is great too.  It was cheaper on Amazon than it was at the apple website.  It was delivered quickly and packaged nicely.  I would buy this again.","25 May 2021","Size: 128GB Style: WiFi Color: Space Gray","","Yes","Chicago Fan","5.0","2020 Apple iPad (10.2-inch, Wi-Fi, 32GB) - Space Gray (8th Generation)","https://www.amazon.com/Apple-iPad-10-2-inch-Wi-Fi-32GB/product-reviews/B08J65DST5/ref=cm_cr_dp_d_show_all_btm?ie=UTF8&reviewerType=all_reviews&pageNumber=33"
"Apple","this IPad is great in all ways. It has a very fast response time to the things I'm doing and can handle all the games and books I like. I just do apps so space was not an issue for me But if you bigger things I would suggest getting the 128gb one. If you an apple fan the you will love this IPad.","14 Oct 2020","Size: 32GB Style: WiFi Color: Space Gray","","Yes","Robert Smith","5.0","2020 Apple iPad (10.2-inch, Wi-Fi, 32GB) - Space Gray (8th Generation)","https://www.amazon.com/Apple-iPad-10-2-inch-Wi-Fi-32GB/product-reviews/B08J65DST5/ref=cm_cr_dp_d_show_all_btm?ie=UTF8&reviewerType=all_reviews&pageNumber=33"
"Upgrade, but not enough.","Sure it's an upgrade over the last generation, but it's not enough of an upgrade. The battery life hasn't been super great either. I think it's actually worse.","19 Nov 2020","Size: 32GB Style: WiFi Color: Space Gray","","Yes","Chelsea","4.0","2020 Apple iPad (10.2-inch, Wi-Fi, 32GB) - Space Gray (8th Generation)","https://www.amazon.com/Apple-iPad-10-2-inch-Wi-Fi-32GB/product-reviews/B08J65DST5/ref=cm_cr_dp_d_show_all_btm?ie=UTF8&reviewerType=all_reviews&pageNumber=33"
"Works great!","Works great. However the red light on the top stays on. You would think the red light would go off after it is fully charged but is doesn't? Is this the way it's suppose to work?","31 Dec 2020","Size: 128GB Style: WiFi Color: Gold","","Yes","ltlhoot","5.0","2020 Apple iPad (10.2-inch, Wi-Fi, 32GB) - Space Gray (8th Generation)","https://www.amazon.com/Apple-iPad-10-2-inch-Wi-Fi-32GB/product-reviews/B08J65DST5/ref=cm_cr_dp_d_show_all_btm?ie=UTF8&reviewerType=all_reviews&pageNumber=34"
"Apple Ipad","I love my new IPAD but I am still getting familiar with it.  It is totally different than what I am used, but I am looking forward to learning all the new things it has to offer.","25 Apr 2021","Size: 32GB Style: WiFi Color: Space Gray","","Yes","Karen M. Wells","5.0","2020 Apple iPad (10.2-inch, Wi-Fi, 32GB) - Space Gray (8th Generation)","https://www.amazon.com/Apple-iPad-10-2-inch-Wi-Fi-32GB/product-reviews/B08J65DST5/ref=cm_cr_dp_d_show_all_btm?ie=UTF8&reviewerType=all_reviews&pageNumber=34"
"Love this iPad and i am not an apple lover actually hate apple","Just love my new iPad i started doing digital art because that’s what i got it for and love it can’t stop drawing. Porcreate work awesome on the iPad highly highly recommend it to anyone!!!!","28 Dec 2020","Size: 32GB Style: WiFi Color: Silver","","Yes","Jos","5.0","2020 Apple iPad (10.2-inch, Wi-Fi, 32GB) - Space Gray (8th Generation)","https://www.amazon.com/Apple-iPad-10-2-inch-Wi-Fi-32GB/product-reviews/B08J65DST5/ref=cm_cr_dp_d_show_all_btm?ie=UTF8&reviewerType=all_reviews&pageNumber=34"
"How Can I Love it More?","How in the world is this sold for triple the price in stores? I love it even more than my iPad that finally died after 8 years. LOVE the device and SUPER LOVE the price! Highly recommend.","09 Jan 2021","Size: 32GB Style: WiFi Color: Space Gray","","Yes","Shannon Phillips","5.0","2020 Apple iPad (10.2-inch, Wi-Fi, 32GB) - Space Gray (8th Generation)","https://www.amazon.com/Apple-iPad-10-2-inch-Wi-Fi-32GB/product-reviews/B08J65DST5/ref=cm_cr_dp_d_show_all_btm?ie=UTF8&reviewerType=all_reviews&pageNumber=34"
"I am so happy!","Been wanting an iPad so I don’t have to look at a smaller iPhone and loved the way it synced apps instantly for me. Have already done so much from gaming to streaming.... stock market stuff. This iPad has really cool features and so my next purchase will be getting the pencil. Wish it came with one.  Charger is same size as what I charge iPhones with instead of the wider old school USB. Photos are very neat! Has great camera choices on it. Happy! Happy! Easier texting on iMessage too!","01 Apr 2021","Size: 128GB Style: WiFi Color: Gold","","Yes","Natalie A. Binion","5.0","2020 Apple iPad (10.2-inch, Wi-Fi, 32GB) - Space Gray (8th Generation)","https://www.amazon.com/Apple-iPad-10-2-inch-Wi-Fi-32GB/product-reviews/B08J65DST5/ref=cm_cr_dp_d_show_all_btm?ie=UTF8&reviewerType=all_reviews&pageNumber=34"
"Great iPad","The iPad is quick and responsive, appears to have very good battery life and although the price is high, it is a great value.  IPad’s are so much better than other tablets.  It’s great.","28 Dec 2020","Size: 32GB Style: WiFi Color: Gold","","Yes","Arizona Sportsman","5.0","2020 Apple iPad (10.2-inch, Wi-Fi, 32GB) - Space Gray (8th Generation)","https://www.amazon.com/Apple-iPad-10-2-inch-Wi-Fi-32GB/product-reviews/B08J65DST5/ref=cm_cr_dp_d_show_all_btm?ie=UTF8&reviewerType=all_reviews&pageNumber=34"
"Why buy one, read on","Best question when even thinking you want one is why? I have my phone? This thing enriches your life by giving you a bigger, beautiful screen to do EXACTLY what you would do on your phone but it’s a million times more pleasant. Buy one... if you can lol","14 Apr 2021","Size: 128GB Style: WiFi Color: Space Gray","","Yes","Roger Vilchez","5.0","2020 Apple iPad (10.2-inch, Wi-Fi, 32GB) - Space Gray (8th Generation)","https://www.amazon.com/Apple-iPad-10-2-inch-Wi-Fi-32GB/product-reviews/B08J65DST5/ref=cm_cr_dp_d_show_all_btm?ie=UTF8&reviewerType=all_reviews&pageNumber=34"
"Affordable option","Updated iPad with this almost exactly like iPad Air but half the price. Fit my budget .it’s light and the full screen with smooth surface from one edge to the other is nice.","13 Jan 2021","Size: 128GB Style: WiFi Color: Space Gray","","Yes","Savvy shopper","5.0","2020 Apple iPad (10.2-inch, Wi-Fi, 32GB) - Space Gray (8th Generation)","https://www.amazon.com/Apple-iPad-10-2-inch-Wi-Fi-32GB/product-reviews/B08J65DST5/ref=cm_cr_dp_d_show_all_btm?ie=UTF8&reviewerType=all_reviews&pageNumber=34"
"iPad scored 100","Great iPad.  I was looking for a new iPad that my 8 year old son and I both could use.  This was perfect.  Packaged great! And everything worked and performed like expected.","19 Jan 2021","Size: 128GB Style: WiFi Color: Silver","","Yes","Amy Moore","5.0","2020 Apple iPad (10.2-inch, Wi-Fi, 32GB) - Space Gray (8th Generation)","https://www.amazon.com/Apple-iPad-10-2-inch-Wi-Fi-32GB/product-reviews/B08J65DST5/ref=cm_cr_dp_d_show_all_btm?ie=UTF8&reviewerType=all_reviews&pageNumber=34"
"Happy","Happy we pulled the trigger on this. We have 20 shows, a couple movies and still a lot of storage left. The battery lasts so long on 1 charge too. We watched a whole movie and it barely dented it.","31 May 2021","Size: 128GB Style: WiFi Color: Space Gray","","Yes","bobbi","5.0","2020 Apple iPad (10.2-inch, Wi-Fi, 32GB) - Space Gray (8th Generation)","https://www.amazon.com/Apple-iPad-10-2-inch-Wi-Fi-32GB/product-reviews/B08J65DST5/ref=cm_cr_dp_d_show_all_btm?ie=UTF8&reviewerType=all_reviews&pageNumber=34"
"perfect","my son loves his ipad, he takes it everywhere.  he plays games and amazon shops and pays bills so easy now....no logging into his big computer anymore.  very ideal little pad.","28 Jan 2021","Size: 128GB Style: WiFi Color: Gold","","Yes","Holly547","5.0","2020 Apple iPad (10.2-inch, Wi-Fi, 32GB) - Space Gray (8th Generation)","https://www.amazon.com/Apple-iPad-10-2-inch-Wi-Fi-32GB/product-reviews/B08J65DST5/ref=cm_cr_dp_d_show_all_btm?ie=UTF8&reviewerType=all_reviews&pageNumber=35"
"I rated with 5 stars based on the one I have and the performance I see.","Maybe many people might have different experiences and opinion on the product but mine is that it is what I expected, fast, good response. In general, I'm really happy with my iPad.","27 Feb 2021","Size: 128GB Style: WiFi Color: Space Gray","","Yes","Darwin Duarte Ortiz","5.0","2020 Apple iPad (10.2-inch, Wi-Fi, 32GB) - Space Gray (8th Generation)","https://www.amazon.com/Apple-iPad-10-2-inch-Wi-Fi-32GB/product-reviews/B08J65DST5/ref=cm_cr_dp_d_show_all_btm?ie=UTF8&reviewerType=all_reviews&pageNumber=35"
"Item finally arrived","Can you PLEASE reverse the charge of a refund for the lost Ipad.  My wife loves it.  This is her first Apple Ipad gift from me and it works so well, I am going to order one for me.","02 Jun 2021","Size: 128GB Style: WiFi Color: Silver","","Yes","gp","5.0","2020 Apple iPad (10.2-inch, Wi-Fi, 32GB) - Space Gray (8th Generation)","https://www.amazon.com/Apple-iPad-10-2-inch-Wi-Fi-32GB/product-reviews/B08J65DST5/ref=cm_cr_dp_d_show_all_btm?ie=UTF8&reviewerType=all_reviews&pageNumber=35"
"Great product! Perfect for writing, drawing, reading and watching shows","Great product! I also got an Apple Pencil (only 1st gen is compatible) and I love drawing and taking notes with this iPad. It also works great for reading and watching movies. I also used it to play online boardgames. Great purchase! My only complaint is that it took a long time to be delivered, Amazon promised 2-day prime delivery when I placed my order and kept pushing delivery date back. I got it almost 2 weeks after the order was placed","22 Dec 2020","Size: 128GB Style: WiFi Color: Gold","https://images-na.ssl-images-amazon.com/images/I/81nGgaANQ5L._SY88.jpg","Yes","Amazon Customer","4.0","2020 Apple iPad (10.2-inch, Wi-Fi, 32GB) - Space Gray (8th Generation)","https://www.amazon.com/Apple-iPad-10-2-inch-Wi-Fi-32GB/product-reviews/B08J65DST5/ref=cm_cr_dp_d_show_all_btm?ie=UTF8&reviewerType=all_reviews&pageNumber=35"
"Very happy with my purchase","Loving my new Ipad. The screen quelity is proved on how gentle it is to my eyes. I have been noticing that the battery life is good. It last very well. Picture quality is excellent.","24 Feb 2021","Size: 32GB Style: WiFi Color: Gold","","Yes","luz","5.0","2020 Apple iPad (10.2-inch, Wi-Fi, 32GB) - Space Gray (8th Generation)","https://www.amazon.com/Apple-iPad-10-2-inch-Wi-Fi-32GB/product-reviews/B08J65DST5/ref=cm_cr_dp_d_show_all_btm?ie=UTF8&reviewerType=all_reviews&pageNumber=35"
"What you would expect from Apple","Love my new pad, syncs easily with the old, seems to be working fine, have not really noticed anything new, just wanted a bigger one and old one was 5 plus so there’s that!","23 May 2021","Size: 128GB Style: WiFi Color: Gold","","Yes","MiMi","5.0","2020 Apple iPad (10.2-inch, Wi-Fi, 32GB) - Space Gray (8th Generation)","https://www.amazon.com/Apple-iPad-10-2-inch-Wi-Fi-32GB/product-reviews/B08J65DST5/ref=cm_cr_dp_d_show_all_btm?ie=UTF8&reviewerType=all_reviews&pageNumber=35"
"Lovely and very big!","Was an Xmas gift and definitely worth it. I got it for my ex’s mother after hers finally went after 8 years. She was so excited that she wouldn’t talk about anything else!","25 Dec 2020","Size: 32GB Style: WiFi Color: Space Gray","","Yes","corpusbonds","5.0","2020 Apple iPad (10.2-inch, Wi-Fi, 32GB) - Space Gray (8th Generation)","https://www.amazon.com/Apple-iPad-10-2-inch-Wi-Fi-32GB/product-reviews/B08J65DST5/ref=cm_cr_dp_d_show_all_btm?ie=UTF8&reviewerType=all_reviews&pageNumber=35"
"Something are not easy to use","It is hard to figure out how to change settings. I can't figure out how to make changes for self screen size on FaceTime. It is very small but I can't find a way to change it. I finally contacted Apple support. They said this is how my iPad (8th gen.) does FaceTime. The self screen size cannot be larger. Very disappointed.","29 Dec 2020","Size: 32GB Style: WiFi Color: Gold","","Yes","Y. O.","4.0","2020 Apple iPad (10.2-inch, Wi-Fi, 32GB) - Space Gray (8th Generation)","https://www.amazon.com/Apple-iPad-10-2-inch-Wi-Fi-32GB/product-reviews/B08J65DST5/ref=cm_cr_dp_d_show_all_btm?ie=UTF8&reviewerType=all_reviews&pageNumber=35"
"Love this Apple IPad","Use my Apple Ipad for storing thousands and thousands of photos and keeps them in the cloud if you pay $2.99 for unlimited amount of photos to be loaded up in the cloud!","25 Apr 2021","Size: 128GB Style: WiFi + Cellular Color: Space Gray","","Yes","Colin O'Hara","5.0","2020 Apple iPad (10.2-inch, Wi-Fi, 32GB) - Space Gray (8th Generation)","https://www.amazon.com/Apple-iPad-10-2-inch-Wi-Fi-32GB/product-reviews/B08J65DST5/ref=cm_cr_dp_d_show_all_btm?ie=UTF8&reviewerType=all_reviews&pageNumber=35"
"Can't change password","I can not download anything because it won't accept the new passwords I select.","17 Feb 2021","Size: 128GB Style: WiFi Color: Silver","","Yes","Amazon Customer","1.0","2020 Apple iPad (10.2-inch, Wi-Fi, 32GB) - Space Gray (8th Generation)","https://www.amazon.com/Apple-iPad-10-2-inch-Wi-Fi-32GB/product-reviews/B08J65DST5/ref=cm_cr_dp_d_show_all_btm?ie=UTF8&reviewerType=all_reviews&pageNumber=35"
"Wife loves it","This ipad is a good investment. Surprised the wife. It replaced her older iPad. Large screen and works like all other iPad. Got it on sale also 299.00 at the time now its back up","01 Mar 2021","Size: 32GB Style: WiFi Color: Gold","","Yes","Dan","5.0","2020 Apple iPad (10.2-inch, Wi-Fi, 32GB) - Space Gray (8th Generation)","https://www.amazon.com/Apple-iPad-10-2-inch-Wi-Fi-32GB/product-reviews/B08J65DST5/ref=cm_cr_dp_d_show_all_btm?ie=UTF8&reviewerType=all_reviews&pageNumber=36"
"Definitely worth the money.","Got it for my son after his Samsung tablet just stopped working. He said his games don’t lag anymore and it’s so much smoother. He uses it for games and YouTube and loves it.","01 Jan 2021","Size: 128GB Style: WiFi Color: Silver","","Yes","Amazon Customer","5.0","2020 Apple iPad (10.2-inch, Wi-Fi, 32GB) - Space Gray (8th Generation)","https://www.amazon.com/Apple-iPad-10-2-inch-Wi-Fi-32GB/product-reviews/B08J65DST5/ref=cm_cr_dp_d_show_all_btm?ie=UTF8&reviewerType=all_reviews&pageNumber=36"
"an upgrade to a true companion","This iPad is not much different from my old but it is noticeably faster which is very good.  I use mine mostly for reading - I have newspaper subscription and also read many books on the kindle app.","16 Dec 2020","Size: 128GB Style: WiFi Color: Space Gray","","Yes","John J.","5.0","2020 Apple iPad (10.2-inch, Wi-Fi, 32GB) - Space Gray (8th Generation)","https://www.amazon.com/Apple-iPad-10-2-inch-Wi-Fi-32GB/product-reviews/B08J65DST5/ref=cm_cr_dp_d_show_all_btm?ie=UTF8&reviewerType=all_reviews&pageNumber=36"
"Good value for money","I wanted an inexpensive iPad for zoom meetings and streaming videos. This fit the bill. Good screen picture, volume and battery life.The only downside is picture quality.","31 Jan 2021","Size: 32GB Style: WiFi Color: Gold","","Yes","Sharon F","5.0","2020 Apple iPad (10.2-inch, Wi-Fi, 32GB) - Space Gray (8th Generation)","https://www.amazon.com/Apple-iPad-10-2-inch-Wi-Fi-32GB/product-reviews/B08J65DST5/ref=cm_cr_dp_d_show_all_btm?ie=UTF8&reviewerType=all_reviews&pageNumber=36"
"Amazing for the price.","Worked great out of the box and have not had any problems with it so far. Great price for it and makes a great gift or even if you need it for a kid for schooling. Definitely recommend.","03 Feb 2021","Size: 32GB Style: WiFi Color: Space Gray","","Yes","Fyhy","5.0","2020 Apple iPad (10.2-inch, Wi-Fi, 32GB) - Space Gray (8th Generation)","https://www.amazon.com/Apple-iPad-10-2-inch-Wi-Fi-32GB/product-reviews/B08J65DST5/ref=cm_cr_dp_d_show_all_btm?ie=UTF8&reviewerType=all_reviews&pageNumber=36"
"Beware of negligent shipping service","The iPad so far is working fine. Just wanted to share what my box looked like when it arrived. I will no longer purchase expensive items through Amazon. Sometimes the items aren’t handled properly.","26 Apr 2021","Size: 32GB Style: WiFi Color: Space Gray","https://images-na.ssl-images-amazon.com/images/I/B1U1tTfjumS._SY88.jpg
https://images-na.ssl-images-amazon.com/images/I/B1XFJcOnT1S._SY88.jpg
https://images-na.ssl-images-amazon.com/images/I/B1nNZoGckqS._SY88.jpg
https://images-na.ssl-images-amazon.com/images/I/B1xK1CbfnRS._SY88.jpg","Yes","Tito","4.0","2020 Apple iPad (10.2-inch, Wi-Fi, 32GB) - Space Gray (8th Generation)","https://www.amazon.com/Apple-iPad-10-2-inch-Wi-Fi-32GB/product-reviews/B08J65DST5/ref=cm_cr_dp_d_show_all_btm?ie=UTF8&reviewerType=all_reviews&pageNumber=36"
"Perfect For My Needs","I love the additional memory this has 32 is not enough but this one allows movies etc. The screen is a perfect size and easy to hold. The battery life is great.","01 May 2021","Size: 128GB Style: WiFi Color: Gold","","Yes","Tgr2121","5.0","2020 Apple iPad (10.2-inch, Wi-Fi, 32GB) - Space Gray (8th Generation)","https://www.amazon.com/Apple-iPad-10-2-inch-Wi-Fi-32GB/product-reviews/B08J65DST5/ref=cm_cr_dp_d_show_all_btm?ie=UTF8&reviewerType=all_reviews&pageNumber=36"
"Calidad vs precio excelentes","Fue el regalo de navidad de mi hija y llegó antes de navidad a pesar de que la fecha de  entrega era posterior.  El ipad vino debidamente protegido. Calidad vs precio excelentes, lo  recomiendo","29 Dec 2020","Size: 128GB Style: WiFi Color: Gold","","Yes","Ellery F.","5.0","2020 Apple iPad (10.2-inch, Wi-Fi, 32GB) - Space Gray (8th Generation)","https://www.amazon.com/Apple-iPad-10-2-inch-Wi-Fi-32GB/product-reviews/B08J65DST5/ref=cm_cr_dp_d_show_all_btm?ie=UTF8&reviewerType=all_reviews&pageNumber=36"
"Easy to transfer apps from older iPad to new one","This iPad is terrific! Easy to transfer all data from older one to new. My husband and I are seniors are use this iPad routinely.  We also monitor our Blink cameras with the iPad with no problem at all.","03 May 2021","Size: 128GB Style: WiFi Color: Space Gray","","Yes","Beverly Schmitz","5.0","2020 Apple iPad (10.2-inch, Wi-Fi, 32GB) - Space Gray (8th Generation)","https://www.amazon.com/Apple-iPad-10-2-inch-Wi-Fi-32GB/product-reviews/B08J65DST5/ref=cm_cr_dp_d_show_all_btm?ie=UTF8&reviewerType=all_reviews&pageNumber=36"
"Awesome","This is the first new iPad I’ve had in years and wow! I had no clue how the technology had changed. This is awesome. Just wish it had a slide out shelf for my coffee cup like me computer has! LOL","08 May 2021","Size: 128GB Style: WiFi Color: Silver","","Yes","Kevin C.","5.0","2020 Apple iPad (10.2-inch, Wi-Fi, 32GB) - Space Gray (8th Generation)","https://www.amazon.com/Apple-iPad-10-2-inch-Wi-Fi-32GB/product-reviews/B08J65DST5/ref=cm_cr_dp_d_show_all_btm?ie=UTF8&reviewerType=all_reviews&pageNumber=36"
"Love it!","It’s perfect in every way!  The gold color is very nice!  It’s very easy to use and it was easy to transfer all my information from my mini iPad.  I love this size.","05 Dec 2020","Size: 128GB Style: WiFi Color: Gold","","Yes","LYNN S","5.0","2020 Apple iPad (10.2-inch, Wi-Fi, 32GB) - Space Gray (8th Generation)","https://www.amazon.com/Apple-iPad-10-2-inch-Wi-Fi-32GB/product-reviews/B08J65DST5/ref=cm_cr_dp_d_show_all_btm?ie=UTF8&reviewerType=all_reviews&pageNumber=37"
"Great Product","Product is more than I thought. Really great product so far. Didnt really do a price comparison of the ipad with other places, but I think the price seemed great. I'm not a apple product buyer, but my child had to have it for the app that was needed.","21 Apr 2021","Size: 32GB Style: WiFi Color: Space Gray","","Yes","mike","5.0","2020 Apple iPad (10.2-inch, Wi-Fi, 32GB) - Space Gray (8th Generation)","https://www.amazon.com/Apple-iPad-10-2-inch-Wi-Fi-32GB/product-reviews/B08J65DST5/ref=cm_cr_dp_d_show_all_btm?ie=UTF8&reviewerType=all_reviews&pageNumber=37"
"Hmmmm","The iPad meets all of my needs. Lightweight,  compact.  Be sure to check all sources regarding Apple""s customer service","20 Oct 2020","Size: 32GB Style: WiFi Color: Space Gray","","Yes","CES","3.0","2020 Apple iPad (10.2-inch, Wi-Fi, 32GB) - Space Gray (8th Generation)","https://www.amazon.com/Apple-iPad-10-2-inch-Wi-Fi-32GB/product-reviews/B08J65DST5/ref=cm_cr_dp_d_show_all_btm?ie=UTF8&reviewerType=all_reviews&pageNumber=37"
"Its an iPad; what is there not to like?","At the time of purchase, Jan 2020, Amazon had the best price with the fastest delivery.  iPads are great and the lady I purchased this for to replace her iPad 2 loves it.","13 Jan 2021","Size: 32GB Style: WiFi Color: Space Gray","","Yes","Edgar","5.0","2020 Apple iPad (10.2-inch, Wi-Fi, 32GB) - Space Gray (8th Generation)","https://www.amazon.com/Apple-iPad-10-2-inch-Wi-Fi-32GB/product-reviews/B08J65DST5/ref=cm_cr_dp_d_show_all_btm?ie=UTF8&reviewerType=all_reviews&pageNumber=37"
"Great and clear","I love it! The picture is clear and beautiful. It’s bigger than I expected which is worth it for the money. It’s fast and easy to use. I definitely recommend this product!","04 Feb 2021","Size: 32GB Style: WiFi Color: Gold","","Yes","ALH","5.0","2020 Apple iPad (10.2-inch, Wi-Fi, 32GB) - Space Gray (8th Generation)","https://www.amazon.com/Apple-iPad-10-2-inch-Wi-Fi-32GB/product-reviews/B08J65DST5/ref=cm_cr_dp_d_show_all_btm?ie=UTF8&reviewerType=all_reviews&pageNumber=37"
"Great iPad","I bought this for my wife to replace her aging iPad 2. The new iPad is excellent with tremendous screen quality, much better battery life and can run the latest iOS.","01 Mar 2021","Size: 32GB Style: WiFi Color: Space Gray","","Yes","Monty04","5.0","2020 Apple iPad (10.2-inch, Wi-Fi, 32GB) - Space Gray (8th Generation)","https://www.amazon.com/Apple-iPad-10-2-inch-Wi-Fi-32GB/product-reviews/B08J65DST5/ref=cm_cr_dp_d_show_all_btm?ie=UTF8&reviewerType=all_reviews&pageNumber=37"
"Great Tablet!","This was purchased as a gift. It replaced an older Apple tablet and the recipient was amazed as to how much an improvement this is over the older model! Was very pleased!","25 Feb 2021","Size: 32GB Style: WiFi Color: Space Gray","","Yes","Andrew Miller","5.0","2020 Apple iPad (10.2-inch, Wi-Fi, 32GB) - Space Gray (8th Generation)","https://www.amazon.com/Apple-iPad-10-2-inch-Wi-Fi-32GB/product-reviews/B08J65DST5/ref=cm_cr_dp_d_show_all_btm?ie=UTF8&reviewerType=all_reviews&pageNumber=37"
"The best tablet I  know.","This Ipad was a Christmas gift to my daughter, but I have five of my own and love them all.  Easy to use, secure, takes great pictures, the screen is a nice size.","01 Feb 2021","Size: 32GB Style: WiFi Color: Space Gray","","Yes","Jany","5.0","2020 Apple iPad (10.2-inch, Wi-Fi, 32GB) - Space Gray (8th Generation)","https://www.amazon.com/Apple-iPad-10-2-inch-Wi-Fi-32GB/product-reviews/B08J65DST5/ref=cm_cr_dp_d_show_all_btm?ie=UTF8&reviewerType=all_reviews&pageNumber=37"
"Great for reading","Great for reading my Kindle books.  Constant in sync.  Adequate time between charging.  I usually read from my Kindle but this is much better for me.  Screen touches easier too!","28 May 2021","Size: 128GB Style: WiFi Color: Gold","","Yes","Ed","5.0","2020 Apple iPad (10.2-inch, Wi-Fi, 32GB) - Space Gray (8th Generation)","https://www.amazon.com/Apple-iPad-10-2-inch-Wi-Fi-32GB/product-reviews/B08J65DST5/ref=cm_cr_dp_d_show_all_btm?ie=UTF8&reviewerType=all_reviews&pageNumber=37"
"Happy wife happy life!!","Got this for my Wife. She loves it! It’s quick great pictures good battery! Came packaged nicely bubble wrap all around it and in the proper box. Also my wife got a free year of Disney+ so she was happy ","05 Jun 2021","Size: 128GB Style: WiFi Color: Space Gray","","Yes","Keith","5.0","2020 Apple iPad (10.2-inch, Wi-Fi, 32GB) - Space Gray (8th Generation)","https://www.amazon.com/Apple-iPad-10-2-inch-Wi-Fi-32GB/product-reviews/B08J65DST5/ref=cm_cr_dp_d_show_all_btm?ie=UTF8&reviewerType=all_reviews&pageNumber=37"
"Your basic Apple quality","My new iPad is exactly what I needed. You cannot go wrong with Apple products whether they are new or refurbished by Apple. This happens to be new and I love it.","14 Apr 2021","Size: 128GB Style: WiFi Color: Silver","","Yes","Barbara Smith","5.0","2020 Apple iPad (10.2-inch, Wi-Fi, 32GB) - Space Gray (8th Generation)","https://www.amazon.com/Apple-iPad-10-2-inch-Wi-Fi-32GB/product-reviews/B08J65DST5/ref=cm_cr_dp_d_show_all_btm?ie=UTF8&reviewerType=all_reviews&pageNumber=38"
"iPad for Mom","Product was purchased for my 85 year old Mother.  She had an existing iPad.  Had issues trying to sync the old and new iPad, but she uses it for internet browsing & shopping and games, so it wasn't too difficult to add everything she uses. Problem next day, it wasn't connected to the internet even though when she checked the settings it was connected.  I have to check it out tomorrow to see what is going on!","17 Nov 2020","Size: 128GB Style: WiFi Color: Silver","","Yes","Laurie Winiarski","5.0","2020 Apple iPad (10.2-inch, Wi-Fi, 32GB) - Space Gray (8th Generation)","https://www.amazon.com/Apple-iPad-10-2-inch-Wi-Fi-32GB/product-reviews/B08J65DST5/ref=cm_cr_dp_d_show_all_btm?ie=UTF8&reviewerType=all_reviews&pageNumber=38"
"I’m too long winded for just one line,","Thank you Amazon. This is my recording studio. I found mine for less than new price and there was absolutely nothing wrong with it at all. Minor blemish, meh, I couldn’t find it. Major improvement in price. Spent less than $400 and thats after I added the case and extra connectors. I feel like Amazon is better at pricing to sell than Apple is.","18 Apr 2021","Size: 128GB Style: WiFi Color: Silver","","Yes","Andrew","5.0","2020 Apple iPad (10.2-inch, Wi-Fi, 32GB) - Space Gray (8th Generation)","https://www.amazon.com/Apple-iPad-10-2-inch-Wi-Fi-32GB/product-reviews/B08J65DST5/ref=cm_cr_dp_d_show_all_btm?ie=UTF8&reviewerType=all_reviews&pageNumber=38"
"Child approved","I mean. It's an ipad. It does everything it's supposed to do with no problem. And for an 8 year old child, this is more than enough. Really didn't expected that you can make an account for a minor with the parent's permission and the QoL options really helps me limit how much my sister uses this thing.","03 Jan 2021","Size: 32GB Style: WiFi Color: Gold","","Yes","Julian Alcantar","5.0","2020 Apple iPad (10.2-inch, Wi-Fi, 32GB) - Space Gray (8th Generation)","https://www.amazon.com/Apple-iPad-10-2-inch-Wi-Fi-32GB/product-reviews/B08J65DST5/ref=cm_cr_dp_d_show_all_btm?ie=UTF8&reviewerType=all_reviews&pageNumber=38"
"I love this tablet!","Bought this for one of my grandchildren and they're thrilled with it! Functions as advertised. We've had no problems starting up, watching videos, or anything. Very nice!","31 Mar 2021","Size: 32GB Style: WiFi Color: Gold","","Yes","C. Davis","5.0","2020 Apple iPad (10.2-inch, Wi-Fi, 32GB) - Space Gray (8th Generation)","https://www.amazon.com/Apple-iPad-10-2-inch-Wi-Fi-32GB/product-reviews/B08J65DST5/ref=cm_cr_dp_d_show_all_btm?ie=UTF8&reviewerType=all_reviews&pageNumber=38"
"Bought specifically for MIDI to my Piano","While more expensive Macs may work better, this was a inexpensive alternative and works better than my older Android tablet for the sound and synchronization.","17 Apr 2021","Size: 32GB Style: WiFi Color: Space Gray","","Yes","Amazon Customer","5.0","2020 Apple iPad (10.2-inch, Wi-Fi, 32GB) - Space Gray (8th Generation)","https://www.amazon.com/Apple-iPad-10-2-inch-Wi-Fi-32GB/product-reviews/B08J65DST5/ref=cm_cr_dp_d_show_all_btm?ie=UTF8&reviewerType=all_reviews&pageNumber=38"
"Love it","I bought this the replace a gen 2 with a failing battery the difference is night and day.  Much better clarity, battery life, screen size.  Well worth the investments.","29 Nov 2020","Size: 128GB Style: WiFi Color: Gold","","Yes","Sally Eddy","5.0","2020 Apple iPad (10.2-inch, Wi-Fi, 32GB) - Space Gray (8th Generation)","https://www.amazon.com/Apple-iPad-10-2-inch-Wi-Fi-32GB/product-reviews/B08J65DST5/ref=cm_cr_dp_d_show_all_btm?ie=UTF8&reviewerType=all_reviews&pageNumber=38"
"Wonderful quality","Love it. I used to have a small tablet with little to no battery life. The pictures are so clear, it holds a wifi connection and great battery life. I used it for 4 hours straight, and I still had 47% left.","17 Apr 2021","Size: 32GB Style: WiFi Color: Space Gray","","Yes","Amazon Customer","5.0","2020 Apple iPad (10.2-inch, Wi-Fi, 32GB) - Space Gray (8th Generation)","https://www.amazon.com/Apple-iPad-10-2-inch-Wi-Fi-32GB/product-reviews/B08J65DST5/ref=cm_cr_dp_d_show_all_btm?ie=UTF8&reviewerType=all_reviews&pageNumber=38"
"Apple products","Apple products are the leaders. I have had apple products since 2007 when iPhone 3 came out. Easy to use. I have had several iPhones since then and several iPads. I am a big fan of apple products. You just can’t go wrong.","02 Jan 2021","Size: 32GB Style: WiFi Color: Space Gray","","Yes","mitzi supak","5.0","2020 Apple iPad (10.2-inch, Wi-Fi, 32GB) - Space Gray (8th Generation)","https://www.amazon.com/Apple-iPad-10-2-inch-Wi-Fi-32GB/product-reviews/B08J65DST5/ref=cm_cr_dp_d_show_all_btm?ie=UTF8&reviewerType=all_reviews&pageNumber=38"
"Good product, poorly packaged.","Good product, delivered before expected date! Only negative was the incredibly poor packaging. Absolutely zero padding in oversized box, which was crushed on one end.","12 Mar 2021","Size: 128GB Style: WiFi Color: Gold","","Yes","Goldwings","5.0","2020 Apple iPad (10.2-inch, Wi-Fi, 32GB) - Space Gray (8th Generation)","https://www.amazon.com/Apple-iPad-10-2-inch-Wi-Fi-32GB/product-reviews/B08J65DST5/ref=cm_cr_dp_d_show_all_btm?ie=UTF8&reviewerType=all_reviews&pageNumber=38"
"Good ipad","I absolutely love my iPad, I purchased it before my classes started and I have loved using it for online school. It holds a lot of storage and is easy to use.","31 Jan 2021","Size: 32GB Style: WiFi Color: Space Gray","","Yes","Georgia","5.0","2020 Apple iPad (10.2-inch, Wi-Fi, 32GB) - Space Gray (8th Generation)","https://www.amazon.com/Apple-iPad-10-2-inch-Wi-Fi-32GB/product-reviews/B08J65DST5/ref=cm_cr_dp_d_show_all_btm?ie=UTF8&reviewerType=all_reviews&pageNumber=39"
"Great value","This Ipad is a terrific value for your money.  Not top of line but works great and saves money. Would  recommend if you want a Ipad without breaking the bank.","28 Nov 2020","Size: 32GB Style: WiFi Color: Space Gray","","Yes","Gerald Branson","5.0","2020 Apple iPad (10.2-inch, Wi-Fi, 32GB) - Space Gray (8th Generation)","https://www.amazon.com/Apple-iPad-10-2-inch-Wi-Fi-32GB/product-reviews/B08J65DST5/ref=cm_cr_dp_d_show_all_btm?ie=UTF8&reviewerType=all_reviews&pageNumber=39"
"First iPad, overall happy with purchase","I’ve had this for about a month and so far it’s a good tablet.  Perfect for just about anything you could use your laptop for (if you bought the keyboard)","19 Dec 2020","Size: 32GB Style: WiFi Color: Silver","","Yes","Ambloom2016","5.0","2020 Apple iPad (10.2-inch, Wi-Fi, 32GB) - Space Gray (8th Generation)","https://www.amazon.com/Apple-iPad-10-2-inch-Wi-Fi-32GB/product-reviews/B08J65DST5/ref=cm_cr_dp_d_show_all_btm?ie=UTF8&reviewerType=all_reviews&pageNumber=39"
"This was a gift","I cannot actually review this item as it was a gift for someone else.  The person appears to like it and is impressed with it.  Price was reasonable, it arrived on time and in good shape.  Thank you.","29 Dec 2020","Size: 32GB Style: WiFi Color: Space Gray","","Yes","Diana C Garcia","5.0","2020 Apple iPad (10.2-inch, Wi-Fi, 32GB) - Space Gray (8th Generation)","https://www.amazon.com/Apple-iPad-10-2-inch-Wi-Fi-32GB/product-reviews/B08J65DST5/ref=cm_cr_dp_d_show_all_btm?ie=UTF8&reviewerType=all_reviews&pageNumber=39"
"Get what yu pay for","Screen quality not the best in the world but definitely has amazing battery life and pictures are no the best. But I use it for school so it works alright","13 Mar 2021","Size: 32GB Style: WiFi Color: Gold","","Yes","Megan daniel","3.0","2020 Apple iPad (10.2-inch, Wi-Fi, 32GB) - Space Gray (8th Generation)","https://www.amazon.com/Apple-iPad-10-2-inch-Wi-Fi-32GB/product-reviews/B08J65DST5/ref=cm_cr_dp_d_show_all_btm?ie=UTF8&reviewerType=all_reviews&pageNumber=39"
"It's just excellent!","Your browser does not support HTML5 video. I'm very happy with my purchase, it came wrapped in plastic and its original box. Works without any kind of problem. Totally recommended.","12 Nov 2020","Size: 32GB Style: WiFi Color: Gold","","Yes","Lucy T.","5.0","2020 Apple iPad (10.2-inch, Wi-Fi, 32GB) - Space Gray (8th Generation)","https://www.amazon.com/Apple-iPad-10-2-inch-Wi-Fi-32GB/product-reviews/B08J65DST5/ref=cm_cr_dp_d_show_all_btm?ie=UTF8&reviewerType=all_reviews&pageNumber=39"
"I love this!","I got a great price with the help of a friend who watched it well for me.  Love the quality!  I killed 3 inexpensive tablets, before I was able to afford this one. And it arrived well ahead of their delivery estimates.","11 May 2021","Size: 128GB Style: WiFi Color: Silver","","Yes","Tamberli Cure","5.0","2020 Apple iPad (10.2-inch, Wi-Fi, 32GB) - Space Gray (8th Generation)","https://www.amazon.com/Apple-iPad-10-2-inch-Wi-Fi-32GB/product-reviews/B08J65DST5/ref=cm_cr_dp_d_show_all_btm?ie=UTF8&reviewerType=all_reviews&pageNumber=39"
"Easier to deal with Amazon.  Happy with iPad.","As expected.  Still learning all things I pad but it’s a good purchase.  Much easier to purchase through Amazon then it was dealing directly with apple.","18 Feb 2021","Size: 32GB Style: WiFi Color: Silver","","Yes","Dayna Cohen","5.0","2020 Apple iPad (10.2-inch, Wi-Fi, 32GB) - Space Gray (8th Generation)","https://www.amazon.com/Apple-iPad-10-2-inch-Wi-Fi-32GB/product-reviews/B08J65DST5/ref=cm_cr_dp_d_show_all_btm?ie=UTF8&reviewerType=all_reviews&pageNumber=39"
"best buck for the bang","I got the 64GB one . it's a lot faster than the previous generation I am able to play pubg mobile on it without any lags. my previous iPad will lag. can't get any happier","18 Nov 2020","Size: 32GB Style: WiFi Color: Space Gray","https://images-na.ssl-images-amazon.com/images/I/71ZciaNdveL._SY88.jpg","Yes","jack","5.0","2020 Apple iPad (10.2-inch, Wi-Fi, 32GB) - Space Gray (8th Generation)","https://www.amazon.com/Apple-iPad-10-2-inch-Wi-Fi-32GB/product-reviews/B08J65DST5/ref=cm_cr_dp_d_show_all_btm?ie=UTF8&reviewerType=all_reviews&pageNumber=39"
"Good so far!!","Received this for Christmas, have been using daily since then.  Easy to transfer data from my old IPad, which I dreaded doing, but turned out to be very simple and accurate.  Am hoping I don’t run into any glitches, but so far, so good!!","03 Jan 2021","Size: 128GB Style: WiFi Color: Space Gray","","Yes","L. U.","5.0","2020 Apple iPad (10.2-inch, Wi-Fi, 32GB) - Space Gray (8th Generation)","https://www.amazon.com/Apple-iPad-10-2-inch-Wi-Fi-32GB/product-reviews/B08J65DST5/ref=cm_cr_dp_d_show_all_btm?ie=UTF8&reviewerType=all_reviews&pageNumber=39"
"As advertised","Replaced an old version that would no longer download apps.  My 90 year old mother watches things on youtube and listens to books on it.  She loves it.","10 Mar 2021","Size: 32GB Style: WiFi Color: Silver","","Yes","Nancy","5.0","2020 Apple iPad (10.2-inch, Wi-Fi, 32GB) - Space Gray (8th Generation)","https://www.amazon.com/Apple-iPad-10-2-inch-Wi-Fi-32GB/product-reviews/B08J65DST5/ref=cm_cr_dp_d_show_all_btm?ie=UTF8&reviewerType=all_reviews&pageNumber=40"
"Perfect and on time!","Bought this as a gift for Christmas, couldn't find them anywhere else for a decent price but here.  Awesome! She loved it and uses it daily ever sense.","18 Mar 2021","Size: 128GB Style: WiFi Color: Space Gray","","Yes","Gonzo","5.0","2020 Apple iPad (10.2-inch, Wi-Fi, 32GB) - Space Gray (8th Generation)","https://www.amazon.com/Apple-iPad-10-2-inch-Wi-Fi-32GB/product-reviews/B08J65DST5/ref=cm_cr_dp_d_show_all_btm?ie=UTF8&reviewerType=all_reviews&pageNumber=40"
"Great, especially for University","I love this tablet!  This is my first year as a university student, and I also love to draw, so this was perfect (as soon as I got the apps I bought for notes and drawing).  I can’t wait to use it for my second semester, but I was able to use this for two of my finals (I got this during finals week at that sale) and IT HELPED!  I’m surprised because I’m typically the type that prefers traditional note taking and such.  All I need to do is get a case","22 Dec 2020","Size: 128GB Style: WiFi Color: Space Gray","","Yes","Kryptos","5.0","2020 Apple iPad (10.2-inch, Wi-Fi, 32GB) - Space Gray (8th Generation)","https://www.amazon.com/Apple-iPad-10-2-inch-Wi-Fi-32GB/product-reviews/B08J65DST5/ref=cm_cr_dp_d_show_all_btm?ie=UTF8&reviewerType=all_reviews&pageNumber=40"
"Applecare. Help","I bought this for my granddaughter for Christmas, waiving the AppleCare because it said I had 30 days after activating it to purchase.  There isn’t an option in the settings to purchase applecare. Also I believe a year of Apple TV is included but didn’t have the option for that either. Does anyone know how to go about getting it before the 30mdays runs out? Thank you I’m advance for any assistance you can give ","31 Dec 2020","Size: 32GB Style: WiFi Color: Silver","","Yes","Stephanie LaFountain","5.0","2020 Apple iPad (10.2-inch, Wi-Fi, 32GB) - Space Gray (8th Generation)","https://www.amazon.com/Apple-iPad-10-2-inch-Wi-Fi-32GB/product-reviews/B08J65DST5/ref=cm_cr_dp_d_show_all_btm?ie=UTF8&reviewerType=all_reviews&pageNumber=40"
"Great","Good and easy to set up.  Had iPad 2 for over 7 years and still going.  Needed new one for updates.  Looking forward fro this one lasting a long time. Delivery excellent","05 Jan 2021","Size: 128GB Style: WiFi + Cellular Color: Space Gray","","Yes","avolinda","5.0","2020 Apple iPad (10.2-inch, Wi-Fi, 32GB) - Space Gray (8th Generation)","https://www.amazon.com/Apple-iPad-10-2-inch-Wi-Fi-32GB/product-reviews/B08J65DST5/ref=cm_cr_dp_d_show_all_btm?ie=UTF8&reviewerType=all_reviews&pageNumber=40"
"GREAT PRODUCT!","This is a wonderful product.  We use it daily for so many things.  Battery life is great, quality is superb, one of the most versitile products ever.","24 Jan 2021","Size: 128GB Style: WiFi Color: Gold","","Yes","L.S.","5.0","2020 Apple iPad (10.2-inch, Wi-Fi, 32GB) - Space Gray (8th Generation)","https://www.amazon.com/Apple-iPad-10-2-inch-Wi-Fi-32GB/product-reviews/B08J65DST5/ref=cm_cr_dp_d_show_all_btm?ie=UTF8&reviewerType=all_reviews&pageNumber=40"
"Another One","Literally the same as every generation before it, except apple supports the software. Didn’t come with a calculator and loaded with a bunch of otherwise-useless apps... you know the ones. The size is nice, it runs smooth—- for now. Meh, buy it after you looked for a 7th gen on FB marketplace or a pawn shop. Otherwise, spend the extra hundred like I did, but don’t expect much.","01 Feb 2021","Size: 32GB Style: WiFi + Cellular Color: Silver","","Yes","G5","3.0","2020 Apple iPad (10.2-inch, Wi-Fi, 32GB) - Space Gray (8th Generation)","https://www.amazon.com/Apple-iPad-10-2-inch-Wi-Fi-32GB/product-reviews/B08J65DST5/ref=cm_cr_dp_d_show_all_btm?ie=UTF8&reviewerType=all_reviews&pageNumber=40"
"Nice upgrade for me.","Had a very old IPad , that wouldn’t support what I wanted. Didn’t want to use my phone for everything.","16 Dec 2020","Size: 128GB Style: WiFi Color: Space Gray","","Yes","3m's","5.0","2020 Apple iPad (10.2-inch, Wi-Fi, 32GB) - Space Gray (8th Generation)","https://www.amazon.com/Apple-iPad-10-2-inch-Wi-Fi-32GB/product-reviews/B08J65DST5/ref=cm_cr_dp_d_show_all_btm?ie=UTF8&reviewerType=all_reviews&pageNumber=40"
"Perfect device for brother!","My Brother always wanted an iPad, when it finally came in, he was so happy, this product is great for entertainment and gaming! Highly recommend it!","19 May 2021","Size: 32GB Style: WiFi Color: Space Gray","","Yes","Ben Siso (Rocky)","5.0","2020 Apple iPad (10.2-inch, Wi-Fi, 32GB) - Space Gray (8th Generation)","https://www.amazon.com/Apple-iPad-10-2-inch-Wi-Fi-32GB/product-reviews/B08J65DST5/ref=cm_cr_dp_d_show_all_btm?ie=UTF8&reviewerType=all_reviews&pageNumber=40"
"Quality","It was a gift and my daughter loves it. It is easy for her to use and she does everything on it. Battery life is good and it takes beautiful pictures.","02 Feb 2021","Size: 128GB Style: WiFi Color: Space Gray","","Yes","Joanne Strahan","5.0","2020 Apple iPad (10.2-inch, Wi-Fi, 32GB) - Space Gray (8th Generation)","https://www.amazon.com/Apple-iPad-10-2-inch-Wi-Fi-32GB/product-reviews/B08J65DST5/ref=cm_cr_dp_d_show_all_btm?ie=UTF8&reviewerType=all_reviews&pageNumber=40"
"Apple for the Win again!!","What you expect from Apple. Looks amazing works great!! I was upgrading from my last iPad that I bought 4 years ago!!! 32g memory sufficient if you are streaming but probably need the larger memory if you download a lot of movies or TV shows.","16 Oct 2020","Size: 32GB Style: WiFi Color: Space Gray","","Yes","Readerreader","5.0","2020 Apple iPad (10.2-inch, Wi-Fi, 32GB) - Space Gray (8th Generation)","https://www.amazon.com/Apple-iPad-10-2-inch-Wi-Fi-32GB/product-reviews/B08J65DST5/ref=cm_cr_dp_d_show_all_btm?ie=UTF8&reviewerType=all_reviews&pageNumber=41"
"Slow switching screen","The iPad works great and performs its functions well.  However it is very slow responding.  Whenever selecting something on the internet the screen takes forever to switch from screen to screen and it’s connected via Ethernet to a 1gig Fios router.","17 Apr 2021","Size: 32GB Style: WiFi Color: Space Gray","","Yes","Kevin A Nebbia","4.0","2020 Apple iPad (10.2-inch, Wi-Fi, 32GB) - Space Gray (8th Generation)","https://www.amazon.com/Apple-iPad-10-2-inch-Wi-Fi-32GB/product-reviews/B08J65DST5/ref=cm_cr_dp_d_show_all_btm?ie=UTF8&reviewerType=all_reviews&pageNumber=41"
"Wonderful product!","I love being able to take my IPAD around the house. Before I got it, I had to set up a table in my computer room to take my painting lessons online. Now, I don't have to move a table and all my paints and supplies when I'm taking a class. It's wonderful. And I love watching movies in bed!","13 Apr 2021","Size: 32GB Style: WiFi Color: Gold","","Yes","Diane Noland","5.0","2020 Apple iPad (10.2-inch, Wi-Fi, 32GB) - Space Gray (8th Generation)","https://www.amazon.com/Apple-iPad-10-2-inch-Wi-Fi-32GB/product-reviews/B08J65DST5/ref=cm_cr_dp_d_show_all_btm?ie=UTF8&reviewerType=all_reviews&pageNumber=41"
"Consistently Apple","Consistent with other Apple products. It would be nice if during covid when Apple stores are closed that free tutorials for their products were more readily available.","17 Mar 2021","Size: 32GB Style: WiFi Color: Silver","","Yes","John F","5.0","2020 Apple iPad (10.2-inch, Wi-Fi, 32GB) - Space Gray (8th Generation)","https://www.amazon.com/Apple-iPad-10-2-inch-Wi-Fi-32GB/product-reviews/B08J65DST5/ref=cm_cr_dp_d_show_all_btm?ie=UTF8&reviewerType=all_reviews&pageNumber=41"
"Shipped Faster than Advertised!","Obviously, the ipad is great, but I wanted to give a thumbs up to the seller who shipped it way faster than advertised, which was greatly appreciated!","01 Jan 2021","Size: 128GB Style: WiFi Color: Space Gray","","Yes","NoNoNanette","5.0","2020 Apple iPad (10.2-inch, Wi-Fi, 32GB) - Space Gray (8th Generation)","https://www.amazon.com/Apple-iPad-10-2-inch-Wi-Fi-32GB/product-reviews/B08J65DST5/ref=cm_cr_dp_d_show_all_btm?ie=UTF8&reviewerType=all_reviews&pageNumber=41"
"It's light weight compared to my old one.","The calendar looks very cluttered after adding a few appointments and birthday's. I downloaded some books from my Kindle list and was unable to read them unless I was near a computer.","19 Jan 2021","Size: 32GB Style: WiFi Color: Silver","","Yes","CANEY JO","5.0","2020 Apple iPad (10.2-inch, Wi-Fi, 32GB) - Space Gray (8th Generation)","https://www.amazon.com/Apple-iPad-10-2-inch-Wi-Fi-32GB/product-reviews/B08J65DST5/ref=cm_cr_dp_d_show_all_btm?ie=UTF8&reviewerType=all_reviews&pageNumber=41"
"A Great Apple Product","My 76 year old mother without computer experience uses the iPad for playing games. Large screen enhances her experience. Quick and easily received.","30 Apr 2021","Size: 128GB Style: WiFi Color: Gold","","Yes","patricia g mccrite","5.0","2020 Apple iPad (10.2-inch, Wi-Fi, 32GB) - Space Gray (8th Generation)","https://www.amazon.com/Apple-iPad-10-2-inch-Wi-Fi-32GB/product-reviews/B08J65DST5/ref=cm_cr_dp_d_show_all_btm?ie=UTF8&reviewerType=all_reviews&pageNumber=41"
"Fast, lightweight...great product!","Upgraded from a four year old IPAD, now I have the latest OS and everything is working great, the speed is awesome!  The battery life is great also!  Love my new IPAD!","13 Dec 2020","Size: 32GB Style: WiFi Color: Gold","","Yes","Kim","5.0","2020 Apple iPad (10.2-inch, Wi-Fi, 32GB) - Space Gray (8th Generation)","https://www.amazon.com/Apple-iPad-10-2-inch-Wi-Fi-32GB/product-reviews/B08J65DST5/ref=cm_cr_dp_d_show_all_btm?ie=UTF8&reviewerType=all_reviews&pageNumber=41"
"Just as good good as my other 6 iPads","Best tablet out there","12 Oct 2020","Size: 32GB Style: WiFi Color: Silver","","Yes","880 Auto Works","5.0","2020 Apple iPad (10.2-inch, Wi-Fi, 32GB) - Space Gray (8th Generation)","https://www.amazon.com/Apple-iPad-10-2-inch-Wi-Fi-32GB/product-reviews/B08J65DST5/ref=cm_cr_dp_d_show_all_btm?ie=UTF8&reviewerType=all_reviews&pageNumber=41"
"Safe your money get an ipad air or pro","Very disappointed. This “latest generation” is trash! It has terrible specs it’s like having an iPhone 7 with a huge screen. Throw the whole thing away! Wish I never bought it!","18 Feb 2021","Size: 128GB Style: WiFi Color: Gold","","Yes","Kor Brown","1.0","2020 Apple iPad (10.2-inch, Wi-Fi, 32GB) - Space Gray (8th Generation)","https://www.amazon.com/Apple-iPad-10-2-inch-Wi-Fi-32GB/product-reviews/B08J65DST5/ref=cm_cr_dp_d_show_all_btm?ie=UTF8&reviewerType=all_reviews&pageNumber=41"
"YES","This is exactly what I'm looking for. It doesn't have face ID but literally who cares? iPads at this price for 128GB are few and far between. I've had mine for a little over a week. I use it every day and I've had zero issues. I didn't have any problems setting it up and it works great. SO happy!","12 Nov 2020","Size: 128GB Style: WiFi Color: Silver","","Yes","Cait","5.0","2020 Apple iPad (10.2-inch, Wi-Fi, 32GB) - Space Gray (8th Generation)","https://www.amazon.com/Apple-iPad-10-2-inch-Wi-Fi-32GB/product-reviews/B08J65DST5/ref=cm_cr_dp_d_show_all_btm?ie=UTF8&reviewerType=all_reviews&pageNumber=42"
"Great iPad!","Excellent! Screen quality is excellent, I bought  it for my husband and he says the touch screen is great. Well pleased with everything about it.","24 Apr 2021","Size: 32GB Style: WiFi Color: Space Gray","","Yes","catlady","5.0","2020 Apple iPad (10.2-inch, Wi-Fi, 32GB) - Space Gray (8th Generation)","https://www.amazon.com/Apple-iPad-10-2-inch-Wi-Fi-32GB/product-reviews/B08J65DST5/ref=cm_cr_dp_d_show_all_btm?ie=UTF8&reviewerType=all_reviews&pageNumber=42"
"Replacing my old ipad","I don’t know why I waited so long to replace my old iPad. I wish I had done it sooner. This one is fantastic, especially the response time.  I love the tips and tricks that apple has been sending me.","18 Nov 2020","Size: 32GB Style: WiFi Color: Space Gray","","Yes","marilyn nadel","5.0","2020 Apple iPad (10.2-inch, Wi-Fi, 32GB) - Space Gray (8th Generation)","https://www.amazon.com/Apple-iPad-10-2-inch-Wi-Fi-32GB/product-reviews/B08J65DST5/ref=cm_cr_dp_d_show_all_btm?ie=UTF8&reviewerType=all_reviews&pageNumber=42"
"Apple #1","Favorite Christmas present ever! Very easy to use and sync with my Apple iPhone. Def needed a cover with it seems slippery without one. Just received and so far I love it","15 Dec 2020","Size: 128GB Style: WiFi Color: Space Gray","","Yes","Life IS a beach","5.0","2020 Apple iPad (10.2-inch, Wi-Fi, 32GB) - Space Gray (8th Generation)","https://www.amazon.com/Apple-iPad-10-2-inch-Wi-Fi-32GB/product-reviews/B08J65DST5/ref=cm_cr_dp_d_show_all_btm?ie=UTF8&reviewerType=all_reviews&pageNumber=42"
"It's A New iPad!!! ... What More Can You Say?","It does everything good that you'd expect a new iPad to do.  It's as perfect a device in this price range can be. Very happy with it.","05 Dec 2020","Size: 128GB Style: WiFi Color: Space Gray","","Yes","Richard Sherman","5.0","2020 Apple iPad (10.2-inch, Wi-Fi, 32GB) - Space Gray (8th Generation)","https://www.amazon.com/Apple-iPad-10-2-inch-Wi-Fi-32GB/product-reviews/B08J65DST5/ref=cm_cr_dp_d_show_all_btm?ie=UTF8&reviewerType=all_reviews&pageNumber=42"
"Buena por el precio pero necesitan control de calidad","Me llegó con una marca en la parte superior derecha.  Muy pequeña, pero así llego out of the box. No la devolví por que me habían dado $30 de descuento y ya estaban agotadas las tabletas....quien sabe cuánto se demoraría en remplazar....","08 Nov 2020","Size: 32GB Style: WiFi Color: Space Gray","","Yes","Pablo","3.0","2020 Apple iPad (10.2-inch, Wi-Fi, 32GB) - Space Gray (8th Generation)","https://www.amazon.com/Apple-iPad-10-2-inch-Wi-Fi-32GB/product-reviews/B08J65DST5/ref=cm_cr_dp_d_show_all_btm?ie=UTF8&reviewerType=all_reviews&pageNumber=42"
"Customer's satisfaction","Good quality, Fast delivery. So far so good.","07 Feb 2021","Size: 32GB Style: WiFi Color: Gold","","Yes","Harrison Nguyen","5.0","2020 Apple iPad (10.2-inch, Wi-Fi, 32GB) - Space Gray (8th Generation)","https://www.amazon.com/Apple-iPad-10-2-inch-Wi-Fi-32GB/product-reviews/B08J65DST5/ref=cm_cr_dp_d_show_all_btm?ie=UTF8&reviewerType=all_reviews&pageNumber=42"
"Perfect!","LOOOOOVE! It’s perfect! Sound quality= perfect.... battery life = awesome ( much better than my amazon tablet) .... screen clarity =perfect....overall recommend!","21 Apr 2021","Size: 32GB Style: WiFi Color: Gold","","Yes","whitney","5.0","2020 Apple iPad (10.2-inch, Wi-Fi, 32GB) - Space Gray (8th Generation)","https://www.amazon.com/Apple-iPad-10-2-inch-Wi-Fi-32GB/product-reviews/B08J65DST5/ref=cm_cr_dp_d_show_all_btm?ie=UTF8&reviewerType=all_reviews&pageNumber=42"
"Ipad not working","After one month the screen to enter my password is frozen. I would like to return this item.","22 Mar 2021","Size: 32GB Style: WiFi Color: Gold","","Yes","Cheryl","1.0","2020 Apple iPad (10.2-inch, Wi-Fi, 32GB) - Space Gray (8th Generation)","https://www.amazon.com/Apple-iPad-10-2-inch-Wi-Fi-32GB/product-reviews/B08J65DST5/ref=cm_cr_dp_d_show_all_btm?ie=UTF8&reviewerType=all_reviews&pageNumber=42"
"Great product.","Love this iPad.","03 Oct 2020","Size: 32GB Style: WiFi Color: Space Gray","","Yes","Nan","5.0","2020 Apple iPad (10.2-inch, Wi-Fi, 32GB) - Space Gray (8th Generation)","https://www.amazon.com/Apple-iPad-10-2-inch-Wi-Fi-32GB/product-reviews/B08J65DST5/ref=cm_cr_dp_d_show_all_btm?ie=UTF8&reviewerType=all_reviews&pageNumber=42"
"So far so good my Son loves his IPad","Bought this for my son to replace the IPad Gen6 That stop charging after 2 years because of the charging port going bad... So far so good","23 Nov 2020","Size: 128GB Style: WiFi Color: Space Gray","","Yes","Amazon Customer","5.0","2020 Apple iPad (10.2-inch, Wi-Fi, 32GB) - Space Gray (8th Generation)","https://www.amazon.com/Apple-iPad-10-2-inch-Wi-Fi-32GB/product-reviews/B08J65DST5/ref=cm_cr_dp_d_show_all_btm?ie=UTF8&reviewerType=all_reviews&pageNumber=43"
"Excellent Device","Exactly what i was looking for to replace my old, very similar device.  Price and performance are good based on less than a week in service.","19 Nov 2020","Size: 32GB Style: WiFi Color: Space Gray","","Yes","charles peterson","5.0","2020 Apple iPad (10.2-inch, Wi-Fi, 32GB) - Space Gray (8th Generation)","https://www.amazon.com/Apple-iPad-10-2-inch-Wi-Fi-32GB/product-reviews/B08J65DST5/ref=cm_cr_dp_d_show_all_btm?ie=UTF8&reviewerType=all_reviews&pageNumber=43"
"Love it!","Bought this iPad for my daughters 10th birthday along with keyboard case and stylus pen. Works great, easy to use. Easy to set up parental controls. Great buy!","02 Dec 2020","Size: 128GB Style: WiFi Color: Space Gray","","Yes","Nate","5.0","2020 Apple iPad (10.2-inch, Wi-Fi, 32GB) - Space Gray (8th Generation)","https://www.amazon.com/Apple-iPad-10-2-inch-Wi-Fi-32GB/product-reviews/B08J65DST5/ref=cm_cr_dp_d_show_all_btm?ie=UTF8&reviewerType=all_reviews&pageNumber=43"
"Great way to stay in touch with family.","I bought this for FaceTime with my grandkids and the camera and picture quality are amazing. Never owned an apple product before, the ease of use is also amazing.","10 Mar 2021","Size: 32GB Style: WiFi Color: Space Gray","","Yes","W.E.Robbins","5.0","2020 Apple iPad (10.2-inch, Wi-Fi, 32GB) - Space Gray (8th Generation)","https://www.amazon.com/Apple-iPad-10-2-inch-Wi-Fi-32GB/product-reviews/B08J65DST5/ref=cm_cr_dp_d_show_all_btm?ie=UTF8&reviewerType=all_reviews&pageNumber=43"
"iPad","Great machine.  Got it for my husband.  He mainly surfs the internet, watches some video's and uses it to learn guitar from an app called yousician.  Brand new device.  What is not to love about Apple products?","17 Feb 2021","Size: 32GB Style: WiFi Color: Space Gray","","Yes","Happy K","5.0","2020 Apple iPad (10.2-inch, Wi-Fi, 32GB) - Space Gray (8th Generation)","https://www.amazon.com/Apple-iPad-10-2-inch-Wi-Fi-32GB/product-reviews/B08J65DST5/ref=cm_cr_dp_d_show_all_btm?ie=UTF8&reviewerType=all_reviews&pageNumber=43"
"love it.","I love this ipad. The battery life last for more than 8 to 10 hours if at 100%. My son and I love this ipad. We are satisfied with the product.","08 Jan 2021","Size: 128GB Style: WiFi Color: Space Gray","","Yes","Maria","5.0","2020 Apple iPad (10.2-inch, Wi-Fi, 32GB) - Space Gray (8th Generation)","https://www.amazon.com/Apple-iPad-10-2-inch-Wi-Fi-32GB/product-reviews/B08J65DST5/ref=cm_cr_dp_d_show_all_btm?ie=UTF8&reviewerType=all_reviews&pageNumber=43"
"If you have an older I-Pad takes longer change information from old to new.","I don't like the 8th generation I-Pad because none of my information from the old I-Pad could be put om the new I-Pad and the cloud is a waste of memory if it doesn't have the same memory or close to the memory of the new I-Pad.","04 Nov 2020","Size: 128GB Style: WiFi Color: Space Gray","","Yes","Mela2","2.0","2020 Apple iPad (10.2-inch, Wi-Fi, 32GB) - Space Gray (8th Generation)","https://www.amazon.com/Apple-iPad-10-2-inch-Wi-Fi-32GB/product-reviews/B08J65DST5/ref=cm_cr_dp_d_show_all_btm?ie=UTF8&reviewerType=all_reviews&pageNumber=43"
"Great product","This is a really nice iPad, great color, super thin ,fast, Wi-Fi works great, playing games on it has more enhanced graphics, charges quickly ,goes all day without recharge ,so glad I spent the money on this iPad","14 Oct 2020","Size: 32GB Style: WiFi Color: Space Gray","","Yes","kirk","5.0","2020 Apple iPad (10.2-inch, Wi-Fi, 32GB) - Space Gray (8th Generation)","https://www.amazon.com/Apple-iPad-10-2-inch-Wi-Fi-32GB/product-reviews/B08J65DST5/ref=cm_cr_dp_d_show_all_btm?ie=UTF8&reviewerType=all_reviews&pageNumber=43"
"Great iPad for a great price!","I’m extremely happy with my new iPad!  Set up was so easy ... even the transfer of info from my old iPad to the new one. It’s nice and light and in all honesty functions very like my iPad Air 2 , which is really what I wanted!  At $399.00 I felt the price was amazing  I’m really happy with my purchase!","25 Nov 2020","Size: 128GB Style: WiFi Color: Space Gray","","Yes","Katiesue","5.0","2020 Apple iPad (10.2-inch, Wi-Fi, 32GB) - Space Gray (8th Generation)","https://www.amazon.com/Apple-iPad-10-2-inch-Wi-Fi-32GB/product-reviews/B08J65DST5/ref=cm_cr_dp_d_show_all_btm?ie=UTF8&reviewerType=all_reviews&pageNumber=43"
"What's not to like!","$319. Works perfectly. Arrived in less than 8 hours. 8th Generation iPad is very light. Coupled with the Zugu case and it's the perfect tablet.","15 Jan 2021","Size: 32GB Style: WiFi Color: Space Gray","","Yes","MWG2","5.0","2020 Apple iPad (10.2-inch, Wi-Fi, 32GB) - Space Gray (8th Generation)","https://www.amazon.com/Apple-iPad-10-2-inch-Wi-Fi-32GB/product-reviews/B08J65DST5/ref=cm_cr_dp_d_show_all_btm?ie=UTF8&reviewerType=all_reviews&pageNumber=43"
"excellent ipad","the best christmas purchase, super fast system easy to use incredible applications to be able to have fun and design good relation price product the screen is super big I love that it can give me good vision,The battery lasts more than 2 days depending on the use I am giving it","13 Jan 2021","Size: 128GB Style: WiFi Color: Space Gray","","Yes","nohely alejandra brizuela uzcategui","5.0","2020 Apple iPad (10.2-inch, Wi-Fi, 32GB) - Space Gray (8th Generation)","https://www.amazon.com/Apple-iPad-10-2-inch-Wi-Fi-32GB/product-reviews/B08J65DST5/ref=cm_cr_dp_d_show_all_btm?ie=UTF8&reviewerType=all_reviews&pageNumber=44"
"Apple wants credit cards for everything! Even for free software.","The quality of the iPad is good. Sound is excellent and picture quality as well. I didn't like the setup process requiring credit cards (which they store the information of) to verify for a child account. To even download free software they want a credit card or debit card on file. Other than that it works well and my daughter is happy with it.","03 Apr 2021","Size: 32GB Style: WiFi Color: Gold","","Yes","Jan Kever","4.0","2020 Apple iPad (10.2-inch, Wi-Fi, 32GB) - Space Gray (8th Generation)","https://www.amazon.com/Apple-iPad-10-2-inch-Wi-Fi-32GB/product-reviews/B08J65DST5/ref=cm_cr_dp_d_show_all_btm?ie=UTF8&reviewerType=all_reviews&pageNumber=44"
"IPads are Essential!","Love my IPad, it has great picture  and screen quality, great battery life. I didn’t know what I was missing until I purchased the IPad.","29 Mar 2021","Size: 32GB Style: WiFi Color: Gold","","Yes","Gailz Place","5.0","2020 Apple iPad (10.2-inch, Wi-Fi, 32GB) - Space Gray (8th Generation)","https://www.amazon.com/Apple-iPad-10-2-inch-Wi-Fi-32GB/product-reviews/B08J65DST5/ref=cm_cr_dp_d_show_all_btm?ie=UTF8&reviewerType=all_reviews&pageNumber=44"
"Apple... what else did you expect","Ease of use and excellent build quality is exactly what we have come to expect from Apple over the years. IPad & IOS continues to evolve positively.","04 Dec 2020","Size: 128GB Style: WiFi Color: Space Gray","","Yes","Jed Wilson","5.0","2020 Apple iPad (10.2-inch, Wi-Fi, 32GB) - Space Gray (8th Generation)","https://www.amazon.com/Apple-iPad-10-2-inch-Wi-Fi-32GB/product-reviews/B08J65DST5/ref=cm_cr_dp_d_show_all_btm?ie=UTF8&reviewerType=all_reviews&pageNumber=44"
"Great size","Works great. Since I have Apple phone was easy to set up. Nice size, not as big as my laptop or small as my phone, size perfect when just suiting on couch.","25 Dec 2020","Size: 32GB Style: WiFi Color: Space Gray","","Yes","Patricia S Minto","5.0","2020 Apple iPad (10.2-inch, Wi-Fi, 32GB) - Space Gray (8th Generation)","https://www.amazon.com/Apple-iPad-10-2-inch-Wi-Fi-32GB/product-reviews/B08J65DST5/ref=cm_cr_dp_d_show_all_btm?ie=UTF8&reviewerType=all_reviews&pageNumber=44"
"All Good","I’ve never Been disappointed by Apple iPhones or iPads.  Computers....  They’re different.  Anyways, this iPad is Great, Fast, and Dependable.  A Family item Everyone Loves! All Good.","09 Jan 2021","Size: 128GB Style: WiFi Color: Space Gray","","Yes","Dusty Brown","5.0","2020 Apple iPad (10.2-inch, Wi-Fi, 32GB) - Space Gray (8th Generation)","https://www.amazon.com/Apple-iPad-10-2-inch-Wi-Fi-32GB/product-reviews/B08J65DST5/ref=cm_cr_dp_d_show_all_btm?ie=UTF8&reviewerType=all_reviews&pageNumber=44"
"Came with opened Box","Removed star because the box was open when I received it. Everything worked fine, but the protective screen film was peeled off and everything in the box was jumbled around. My wife ordered hers off best buy and it came sealed and undisturbed for the same cost.","30 Jan 2021","Size: 128GB Style: WiFi Color: Space Gray","","Yes","Lorenzo A.","4.0","2020 Apple iPad (10.2-inch, Wi-Fi, 32GB) - Space Gray (8th Generation)","https://www.amazon.com/Apple-iPad-10-2-inch-Wi-Fi-32GB/product-reviews/B08J65DST5/ref=cm_cr_dp_d_show_all_btm?ie=UTF8&reviewerType=all_reviews&pageNumber=44"
"Ipad 8th gen","I really like the iPad, the battery life is really good and doesn’t drain easily, the screen quality is good and the picture quality depends on what you’re looking at for example if you watch a older show it reflects. But all in all this is a good product, I’ve compared it to my parent’s 5th gen and daughters iPad mini 4 and don’t see much of a difference. I’m happy with it!","01 Mar 2021","Size: 128GB Style: WiFi Color: Space Gray","","Yes","Mary Gilmore","5.0","2020 Apple iPad (10.2-inch, Wi-Fi, 32GB) - Space Gray (8th Generation)","https://www.amazon.com/Apple-iPad-10-2-inch-Wi-Fi-32GB/product-reviews/B08J65DST5/ref=cm_cr_dp_d_show_all_btm?ie=UTF8&reviewerType=all_reviews&pageNumber=44"
"Looks great and is light to hold","Wish there was a book or instructions on ""how too"" that are easy to understand.  So many questions about the operation of this device.","17 Feb 2021","Size: 32GB Style: WiFi Color: Space Gray","","Yes","Charles Porterfield","5.0","2020 Apple iPad (10.2-inch, Wi-Fi, 32GB) - Space Gray (8th Generation)","https://www.amazon.com/Apple-iPad-10-2-inch-Wi-Fi-32GB/product-reviews/B08J65DST5/ref=cm_cr_dp_d_show_all_btm?ie=UTF8&reviewerType=all_reviews&pageNumber=44"
"Works better than my old one","When my old one died, I had to get another one. This works just fine for what I want to use it for. Great speed, clarity and storage.","08 May 2021","Size: 128GB Style: WiFi Color: Space Gray","","Yes","Scott","5.0","2020 Apple iPad (10.2-inch, Wi-Fi, 32GB) - Space Gray (8th Generation)","https://www.amazon.com/Apple-iPad-10-2-inch-Wi-Fi-32GB/product-reviews/B08J65DST5/ref=cm_cr_dp_d_show_all_btm?ie=UTF8&reviewerType=all_reviews&pageNumber=44"
"It’s an iPad. It works exactly as you’d expect.","Great","06 Oct 2020","Size: 32GB Style: WiFi Color: Silver","","Yes","Samuel Rhee","5.0","2020 Apple iPad (10.2-inch, Wi-Fi, 32GB) - Space Gray (8th Generation)","https://www.amazon.com/Apple-iPad-10-2-inch-Wi-Fi-32GB/product-reviews/B08J65DST5/ref=cm_cr_dp_d_show_all_btm?ie=UTF8&reviewerType=all_reviews&pageNumber=45"
"Love it","Not being a techie type person, it took me quite awhile to set it up and try to sync up with my iPhone.  After completing that, I love it.  Just the right size to carry, very portable and does everything I wanted it to do.  Screen size is great and battery life is good as well.  Glad I purchased.","03 Jan 2021","Size: 128GB Style: WiFi Color: Space Gray","","Yes","Linda K. Taylor","5.0","2020 Apple iPad (10.2-inch, Wi-Fi, 32GB) - Space Gray (8th Generation)","https://www.amazon.com/Apple-iPad-10-2-inch-Wi-Fi-32GB/product-reviews/B08J65DST5/ref=cm_cr_dp_d_show_all_btm?ie=UTF8&reviewerType=all_reviews&pageNumber=45"
"Open, damaged box","Apple box had been opened. Tape was broken and there was a hole the size of a silver dollar in the box. The Amazon box it arrived in was in near perfect shape. Had it been tampered with? I dont know. I kept it, and have been using it, and I love it. Its an iPad. Works great. I would be very reluctant to buy anything from this seller again, or be ok knowing its a very,very open box situation.","29 May 2021","Size: 128GB Style: WiFi Color: Space Gray","","Yes","Scott","4.0","2020 Apple iPad (10.2-inch, Wi-Fi, 32GB) - Space Gray (8th Generation)","https://www.amazon.com/Apple-iPad-10-2-inch-Wi-Fi-32GB/product-reviews/B08J65DST5/ref=cm_cr_dp_d_show_all_btm?ie=UTF8&reviewerType=all_reviews&pageNumber=45"
"Good bang for the buck.","Great battery life and cheaper here than on Apple's website. Screen stays bright all day long. Only downside is a slow charging time.","23 Apr 2021","Size: 128GB Style: WiFi Color: Space Gray","","Yes","Ahn Daeoong","5.0","2020 Apple iPad (10.2-inch, Wi-Fi, 32GB) - Space Gray (8th Generation)","https://www.amazon.com/Apple-iPad-10-2-inch-Wi-Fi-32GB/product-reviews/B08J65DST5/ref=cm_cr_dp_d_show_all_btm?ie=UTF8&reviewerType=all_reviews&pageNumber=45"
"Great Apple Product","It performs as advertised and it has been a nice additional tool to use for many functions with much more portability than a laptop.","11 Jan 2021","Size: 128GB Style: WiFi + Cellular Color: Space Gray","","Yes","G. Zavadil","5.0","2020 Apple iPad (10.2-inch, Wi-Fi, 32GB) - Space Gray (8th Generation)","https://www.amazon.com/Apple-iPad-10-2-inch-Wi-Fi-32GB/product-reviews/B08J65DST5/ref=cm_cr_dp_d_show_all_btm?ie=UTF8&reviewerType=all_reviews&pageNumber=45"
"I got the iPad for drawing and...","I got the iPad for drawing and Ive only had it for a day now but It it amazing! Definitely an upgrade from my iPhone 6! Works so well with the Apple Pencil! Very easy to use, but I cant figure out how to open us multiple apps at once which is my only “complaint” but Im probably just missing something obvious.","14 Nov 2020","Size: 128GB Style: WiFi Color: Space Gray","","Yes","Amazon Customer","5.0","2020 Apple iPad (10.2-inch, Wi-Fi, 32GB) - Space Gray (8th Generation)","https://www.amazon.com/Apple-iPad-10-2-inch-Wi-Fi-32GB/product-reviews/B08J65DST5/ref=cm_cr_dp_d_show_all_btm?ie=UTF8&reviewerType=all_reviews&pageNumber=45"
"Great Device","I previously had one of the first ipads developed.  It was ancient.  There was very little memory. I had to delete games with any animation because of memory.  I love this new one.  It charges so rapidly and holds the charge.  It's fast.  The screen is great.  Very clear","22 Feb 2021","Size: 32GB Style: WiFi Color: Gold","","Yes","Amazon Customer","5.0","2020 Apple iPad (10.2-inch, Wi-Fi, 32GB) - Space Gray (8th Generation)","https://www.amazon.com/Apple-iPad-10-2-inch-Wi-Fi-32GB/product-reviews/B08J65DST5/ref=cm_cr_dp_d_show_all_btm?ie=UTF8&reviewerType=all_reviews&pageNumber=45"
"Yay!","Was super nervous to not be buying from the Apple store or Best Buy but so far I am very pleased! Set up was SUPER easy as it just automatically sync with my phone. I haven’t done much on it yet but so far so good.","23 Mar 2021","Size: 128GB Style: WiFi Color: Gold","https://images-na.ssl-images-amazon.com/images/I/B13ew6yQuFS._SY88.jpg
https://images-na.ssl-images-amazon.com/images/I/B1F3uHZMbwS._SY88.jpg
https://images-na.ssl-images-amazon.com/images/I/B1Wp375I2vS._SY88.jpg","Yes","Shareka","5.0","2020 Apple iPad (10.2-inch, Wi-Fi, 32GB) - Space Gray (8th Generation)","https://www.amazon.com/Apple-iPad-10-2-inch-Wi-Fi-32GB/product-reviews/B08J65DST5/ref=cm_cr_dp_d_show_all_btm?ie=UTF8&reviewerType=all_reviews&pageNumber=45"
"Love Owning an iPad!","This is my first and it’s terrific!  I took three college courses using it during the pandemic for free. It’s just perfect for me.","20 May 2021","Size: 128GB Style: WiFi Color: Space Gray","","Yes","Normal","5.0","2020 Apple iPad (10.2-inch, Wi-Fi, 32GB) - Space Gray (8th Generation)","https://www.amazon.com/Apple-iPad-10-2-inch-Wi-Fi-32GB/product-reviews/B08J65DST5/ref=cm_cr_dp_d_show_all_btm?ie=UTF8&reviewerType=all_reviews&pageNumber=45"
"8th Generation IPad","Had an IPAD mini for five years and it was excellent, but the old eyesight is losing its definition. The bigger screen is excellent.","02 Jun 2021","Size: 128GB Style: WiFi Color: Space Gray","","Yes","Eddie C. Edwards","5.0","2020 Apple iPad (10.2-inch, Wi-Fi, 32GB) - Space Gray (8th Generation)","https://www.amazon.com/Apple-iPad-10-2-inch-Wi-Fi-32GB/product-reviews/B08J65DST5/ref=cm_cr_dp_d_show_all_btm?ie=UTF8&reviewerType=all_reviews&pageNumber=45"
"perfect!","Perfect for my 6 year old! Screen quality, battery life and picture quality is nothing shy of perfect! Definitely will buy again.","01 Apr 2021","Size: 128GB Style: WiFi Color: Space Gray","","Yes","Joanna","5.0","2020 Apple iPad (10.2-inch, Wi-Fi, 32GB) - Space Gray (8th Generation)","https://www.amazon.com/Apple-iPad-10-2-inch-Wi-Fi-32GB/product-reviews/B08J65DST5/ref=cm_cr_dp_d_show_all_btm?ie=UTF8&reviewerType=all_reviews&pageNumber=46"
"Bought","I like being able to buy a new iPad without having to spend a fortune. I wish it had a little more storage, but this does the job I need it to do and was a good purchase because it’s a way for my mother in law to get on social media and face time her family.","14 Oct 2020","Size: 32GB Style: WiFi Color: Space Gray","","Yes","Rachel or Madison","5.0","2020 Apple iPad (10.2-inch, Wi-Fi, 32GB) - Space Gray (8th Generation)","https://www.amazon.com/Apple-iPad-10-2-inch-Wi-Fi-32GB/product-reviews/B08J65DST5/ref=cm_cr_dp_d_show_all_btm?ie=UTF8&reviewerType=all_reviews&pageNumber=46"
"Worth it","Bought this after selling my iPad Air 2 so o could use the Apple Pencil with it. I’m very pleased with the upgrade. The split screen feature is great for procreate which is the main app I use.","08 Apr 2021","Size: 128GB Style: WiFi Color: Space Gray","","Yes","Samantha","5.0","2020 Apple iPad (10.2-inch, Wi-Fi, 32GB) - Space Gray (8th Generation)","https://www.amazon.com/Apple-iPad-10-2-inch-Wi-Fi-32GB/product-reviews/B08J65DST5/ref=cm_cr_dp_d_show_all_btm?ie=UTF8&reviewerType=all_reviews&pageNumber=46"
"Great","It says “gold”, but the color resembles more of the discontinued “rose gold” color. I’m using it right now to write this review.","18 Feb 2021","Size: 128GB Style: WiFi Color: Gold","","Yes","M. C. Macek","5.0","2020 Apple iPad (10.2-inch, Wi-Fi, 32GB) - Space Gray (8th Generation)","https://www.amazon.com/Apple-iPad-10-2-inch-Wi-Fi-32GB/product-reviews/B08J65DST5/ref=cm_cr_dp_d_show_all_btm?ie=UTF8&reviewerType=all_reviews&pageNumber=46"
"iPad","I really love this iPad.  I don't regret buying it at all.  I use it for audio books and movies. The 128g memory is perfect!","16 Jan 2021","Size: 128GB Style: WiFi Color: Silver","","Yes","Hazel A. Lezama","5.0","2020 Apple iPad (10.2-inch, Wi-Fi, 32GB) - Space Gray (8th Generation)","https://www.amazon.com/Apple-iPad-10-2-inch-Wi-Fi-32GB/product-reviews/B08J65DST5/ref=cm_cr_dp_d_show_all_btm?ie=UTF8&reviewerType=all_reviews&pageNumber=46"
"The battery died too quick","Well I dislike the most I have to charge it so much the battery die so quick and it really gets annoying my other iPad I didn’t have to charge it so much but this one I do","18 May 2021","Size: 128GB Style: WiFi Color: Space Gray","","Yes","Amazon Customer","2.0","2020 Apple iPad (10.2-inch, Wi-Fi, 32GB) - Space Gray (8th Generation)","https://www.amazon.com/Apple-iPad-10-2-inch-Wi-Fi-32GB/product-reviews/B08J65DST5/ref=cm_cr_dp_d_show_all_btm?ie=UTF8&reviewerType=all_reviews&pageNumber=46"
"Nice new iPad","Bought to replace my iPad mini. So far, the usual good quality I’ve experienced from Apple for many years. Good price. Easy to set up.","15 Nov 2020","Size: 32GB Style: WiFi Color: Space Gray","","Yes","Sharon B.","5.0","2020 Apple iPad (10.2-inch, Wi-Fi, 32GB) - Space Gray (8th Generation)","https://www.amazon.com/Apple-iPad-10-2-inch-Wi-Fi-32GB/product-reviews/B08J65DST5/ref=cm_cr_dp_d_show_all_btm?ie=UTF8&reviewerType=all_reviews&pageNumber=46"
"Moving on up!","Love my new iPad. Especially seeing that I had one from the dark ages. Light, easy to use, enough bells and whistles for what I need.","05 Nov 2020","Size: 128GB Style: WiFi Color: Space Gray","","Yes","Mary-Anne Lonczak-Perri","5.0","2020 Apple iPad (10.2-inch, Wi-Fi, 32GB) - Space Gray (8th Generation)","https://www.amazon.com/Apple-iPad-10-2-inch-Wi-Fi-32GB/product-reviews/B08J65DST5/ref=cm_cr_dp_d_show_all_btm?ie=UTF8&reviewerType=all_reviews&pageNumber=46"
"Good Value","Love this iPad especially for the price!  Does all I need an iPad to do and even some I didn’t know I’ll like. Love the price","06 Feb 2021","Size: 32GB Style: WiFi Color: Space Gray","","Yes","love the Lord","5.0","2020 Apple iPad (10.2-inch, Wi-Fi, 32GB) - Space Gray (8th Generation)","https://www.amazon.com/Apple-iPad-10-2-inch-Wi-Fi-32GB/product-reviews/B08J65DST5/ref=cm_cr_dp_d_show_all_btm?ie=UTF8&reviewerType=all_reviews&pageNumber=46"
"Wanted something that we can see our recipe's from network","This is great to see our recipe's from our network and it also has all the apps that my phone has.  This is a great size too","09 Apr 2021","Size: 32GB Style: WiFi Color: Gold","","Yes","KLJ","5.0","2020 Apple iPad (10.2-inch, Wi-Fi, 32GB) - Space Gray (8th Generation)","https://www.amazon.com/Apple-iPad-10-2-inch-Wi-Fi-32GB/product-reviews/B08J65DST5/ref=cm_cr_dp_d_show_all_btm?ie=UTF8&reviewerType=all_reviews&pageNumber=46"
"Great Buy! ","Your browser does not support HTML5 video. I bought this iPad to edit YouTube videos on (bigger screen makes it so much easier lol) and found this cheaper version vs on the Apple store and it came super fast! So happy about this purchase. (:","08 Mar 2021","Size: 32GB Style: WiFi Color: Space Gray","","Yes","Shylaa P.","5.0","2020 Apple iPad (10.2-inch, Wi-Fi, 32GB) - Space Gray (8th Generation)","https://www.amazon.com/Apple-iPad-10-2-inch-Wi-Fi-32GB/product-reviews/B08J65DST5/ref=cm_cr_dp_d_show_all_btm?ie=UTF8&reviewerType=all_reviews&pageNumber=47"
"Excelente inversión para un presupuesto contenido!!!","Estaba reemplazando mi IPad Mini 1era generación y la diferencia es notable en términos de potencia, multitareas y la pantalla que es extremadamente nítida!!","12 Mar 2021","Size: 32GB Style: WiFi Color: Gold","","Yes","Franklin M.","5.0","2020 Apple iPad (10.2-inch, Wi-Fi, 32GB) - Space Gray (8th Generation)","https://www.amazon.com/Apple-iPad-10-2-inch-Wi-Fi-32GB/product-reviews/B08J65DST5/ref=cm_cr_dp_d_show_all_btm?ie=UTF8&reviewerType=all_reviews&pageNumber=47"
"Buy yourself a present!","I got this to play games on (Hay Day mainly). It's fast and the graphics are good. I upgraded from an old iPad2 and love it.","31 Mar 2021","Size: 32GB Style: WiFi Color: Space Gray","","Yes","Emojohnson74","5.0","2020 Apple iPad (10.2-inch, Wi-Fi, 32GB) - Space Gray (8th Generation)","https://www.amazon.com/Apple-iPad-10-2-inch-Wi-Fi-32GB/product-reviews/B08J65DST5/ref=cm_cr_dp_d_show_all_btm?ie=UTF8&reviewerType=all_reviews&pageNumber=47"
"Awesome!","We love our new iPad! We are not tech savvy at all, but use it mostly to FaceTime with our kids and instant message them. I have found out by accident how many nice features this iPad actually has! I’m sure there are many more features that we don’t use. It’s awesome tough!!","02 Feb 2021","Size: 128GB Style: WiFi Color: Space Gray","","Yes","Very Happy","5.0","2020 Apple iPad (10.2-inch, Wi-Fi, 32GB) - Space Gray (8th Generation)","https://www.amazon.com/Apple-iPad-10-2-inch-Wi-Fi-32GB/product-reviews/B08J65DST5/ref=cm_cr_dp_d_show_all_btm?ie=UTF8&reviewerType=all_reviews&pageNumber=47"
"I love it!","I bought this as a graduation gift for myself, and I absolutely love it! The battery life lasts soooo long, and the picture quality is great, and it has great storage capacity.","14 Mar 2021","Size: 32GB Style: WiFi Color: Gold","","Yes","Anna","5.0","2020 Apple iPad (10.2-inch, Wi-Fi, 32GB) - Space Gray (8th Generation)","https://www.amazon.com/Apple-iPad-10-2-inch-Wi-Fi-32GB/product-reviews/B08J65DST5/ref=cm_cr_dp_d_show_all_btm?ie=UTF8&reviewerType=all_reviews&pageNumber=47"
"New iPad","Love my new iPad.  A little larger than the old one.  This is my third one.  Always cycle my old ones out to the grandkids.","26 Oct 2020","Size: 128GB Style: WiFi Color: Gold","","Yes","C. Pilvinsky","5.0","2020 Apple iPad (10.2-inch, Wi-Fi, 32GB) - Space Gray (8th Generation)","https://www.amazon.com/Apple-iPad-10-2-inch-Wi-Fi-32GB/product-reviews/B08J65DST5/ref=cm_cr_dp_d_show_all_btm?ie=UTF8&reviewerType=all_reviews&pageNumber=47"
"Great quality, easy to use .","This is my 3 ipad I love how easy it is to transfer al info. From one pad to another or phone, they keep getting better easy to use excellent quality.","04 Mar 2021","Size: 128GB Style: WiFi Color: Space Gray","","Yes","Moses martinez","5.0","2020 Apple iPad (10.2-inch, Wi-Fi, 32GB) - Space Gray (8th Generation)","https://www.amazon.com/Apple-iPad-10-2-inch-Wi-Fi-32GB/product-reviews/B08J65DST5/ref=cm_cr_dp_d_show_all_btm?ie=UTF8&reviewerType=all_reviews&pageNumber=47"
"Nice product - suggest more memory","Love it - just wish Apple would add faster processor and definitely more memory especially with how cheap memory is these days.","07 Mar 2021","Size: 32GB Style: WiFi Color: Silver","","Yes","rired0","5.0","2020 Apple iPad (10.2-inch, Wi-Fi, 32GB) - Space Gray (8th Generation)","https://www.amazon.com/Apple-iPad-10-2-inch-Wi-Fi-32GB/product-reviews/B08J65DST5/ref=cm_cr_dp_d_show_all_btm?ie=UTF8&reviewerType=all_reviews&pageNumber=47"
"Wo","Very happy to find it at a good price and it arrived before Christmas as promised.  Apple would've got it to me mid January.","05 Feb 2021","Size: 128GB Style: WiFi Color: Gold","","Yes","Michele Porcelli","5.0","2020 Apple iPad (10.2-inch, Wi-Fi, 32GB) - Space Gray (8th Generation)","https://www.amazon.com/Apple-iPad-10-2-inch-Wi-Fi-32GB/product-reviews/B08J65DST5/ref=cm_cr_dp_d_show_all_btm?ie=UTF8&reviewerType=all_reviews&pageNumber=47"
"Apple perfection","Given as a gift to elderly relative.  He loves it.  Easy to use and easy to see everything.  Great apple product as usual.","28 Mar 2021","Size: 32GB Style: WiFi Color: Space Gray","","Yes","ejm","5.0","2020 Apple iPad (10.2-inch, Wi-Fi, 32GB) - Space Gray (8th Generation)","https://www.amazon.com/Apple-iPad-10-2-inch-Wi-Fi-32GB/product-reviews/B08J65DST5/ref=cm_cr_dp_d_show_all_btm?ie=UTF8&reviewerType=all_reviews&pageNumber=47"
"Excellent technology","I switched to iPhone 2 years ago. After I did that I realized only Apple products for me. My iPad is superior, excellent sound and color quality. This was a great buy!","11 May 2021","Size: 32GB Style: WiFi Color: Gold","","Yes","JLB","5.0","2020 Apple iPad (10.2-inch, Wi-Fi, 32GB) - Space Gray (8th Generation)","https://www.amazon.com/Apple-iPad-10-2-inch-Wi-Fi-32GB/product-reviews/B08J65DST5/ref=cm_cr_dp_d_show_all_btm?ie=UTF8&reviewerType=all_reviews&pageNumber=48"
"Great battery life","Turned out to be better than I thought.  I use it for work daily and it works great.  The battery usually last me several days.  Overall, great purchase.","28 Mar 2021","Size: 32GB Style: WiFi Color: Silver","","Yes","BQuimby","5.0","2020 Apple iPad (10.2-inch, Wi-Fi, 32GB) - Space Gray (8th Generation)","https://www.amazon.com/Apple-iPad-10-2-inch-Wi-Fi-32GB/product-reviews/B08J65DST5/ref=cm_cr_dp_d_show_all_btm?ie=UTF8&reviewerType=all_reviews&pageNumber=48"
"A great purchase!","Love my new Apple 10.5 inch IPad.  My old one gave out after 12 years and I live this one even more. Super easy to instal and begin using.  Everything sync’ed and was flawless.  Recommended.","14 Jun 2021","Size: 128GB Style: WiFi Color: Gold","","Yes","Nancy Celli","5.0","2020 Apple iPad (10.2-inch, Wi-Fi, 32GB) - Space Gray (8th Generation)","https://www.amazon.com/Apple-iPad-10-2-inch-Wi-Fi-32GB/product-reviews/B08J65DST5/ref=cm_cr_dp_d_show_all_btm?ie=UTF8&reviewerType=all_reviews&pageNumber=48"
"Love the size","Bought this as a gift for my daughter. She was playing games on her phone but needed to wear magnifying glasses to see. Now she doesn’t","30 Jan 2021","Size: 32GB Style: WiFi Color: Space Gray","","Yes","toothfairy55","5.0","2020 Apple iPad (10.2-inch, Wi-Fi, 32GB) - Space Gray (8th Generation)","https://www.amazon.com/Apple-iPad-10-2-inch-Wi-Fi-32GB/product-reviews/B08J65DST5/ref=cm_cr_dp_d_show_all_btm?ie=UTF8&reviewerType=all_reviews&pageNumber=48"
"Fishy business","Wonderful product but Apple doesn’t recognize this device as their own. Confusing.","22 Apr 2021","Size: 32GB Style: WiFi Color: Space Gray","","Yes","Ben Vasel","1.0","2020 Apple iPad (10.2-inch, Wi-Fi, 32GB) - Space Gray (8th Generation)","https://www.amazon.com/Apple-iPad-10-2-inch-Wi-Fi-32GB/product-reviews/B08J65DST5/ref=cm_cr_dp_d_show_all_btm?ie=UTF8&reviewerType=all_reviews&pageNumber=48"
"El iPad de entrada mejorado","El diseño clásico del iPad pero con el chip A12 Bionic, mejora muchísimo el desempeño. Se desenvuelve muy bien en tareas básicas y medianamente exigentes. Es un iPad de entrada que recomiendo mucho, además si precio es inmejorable. Aunque recomiendo el modelo de 128gb el de 32gb se queda algo corto. En general es un iPad de entrada genial.","16 Mar 2021","Size: 32GB Style: WiFi Color: Space Gray","","Yes","Thomas Sarria","5.0","2020 Apple iPad (10.2-inch, Wi-Fi, 32GB) - Space Gray (8th Generation)","https://www.amazon.com/Apple-iPad-10-2-inch-Wi-Fi-32GB/product-reviews/B08J65DST5/ref=cm_cr_dp_d_show_all_btm?ie=UTF8&reviewerType=all_reviews&pageNumber=48"
"My Daughter loves it","So far, it has been a huge hit. My daughter has wanted one for some time and so far it has not disappointed in any way.","10 Mar 2021","Size: 32GB Style: WiFi Color: Gold","","Yes","pal","5.0","2020 Apple iPad (10.2-inch, Wi-Fi, 32GB) - Space Gray (8th Generation)","https://www.amazon.com/Apple-iPad-10-2-inch-Wi-Fi-32GB/product-reviews/B08J65DST5/ref=cm_cr_dp_d_show_all_btm?ie=UTF8&reviewerType=all_reviews&pageNumber=48"
"Love it!","Perfect! The price & shipping was perfect. Apple charges a lot more & take longer to ship. I will always choose Amazon Prime!","03 Jan 2021","Size: 32GB Style: WiFi Color: Space Gray","","Yes","Kendra","5.0","2020 Apple iPad (10.2-inch, Wi-Fi, 32GB) - Space Gray (8th Generation)","https://www.amazon.com/Apple-iPad-10-2-inch-Wi-Fi-32GB/product-reviews/B08J65DST5/ref=cm_cr_dp_d_show_all_btm?ie=UTF8&reviewerType=all_reviews&pageNumber=48"
"Good for a teenager at a reasonable price.","This was a present for my daughter. She loves it. Barely puts it down. Loves it with the Apple Pencil. Continuously drawing pictures with it. It was a good deal for the price, I couldnt pass up. For what she uses it for, she didn't need the current ipad yet.","05 Jan 2021","Size: 32GB Style: WiFi Color: Space Gray","","Yes","James Heenan","5.0","2020 Apple iPad (10.2-inch, Wi-Fi, 32GB) - Space Gray (8th Generation)","https://www.amazon.com/Apple-iPad-10-2-inch-Wi-Fi-32GB/product-reviews/B08J65DST5/ref=cm_cr_dp_d_show_all_btm?ie=UTF8&reviewerType=all_reviews&pageNumber=48"
"Comparing prices saved me $100","This exact item was $100 more at Walmart. I got a great buy on here. I’m very happy with my purchase. Fast delivery and handled with care.","11 Jan 2021","Size: 128GB Style: WiFi Color: Space Gray","","Yes","Kelly Cates","5.0","2020 Apple iPad (10.2-inch, Wi-Fi, 32GB) - Space Gray (8th Generation)","https://www.amazon.com/Apple-iPad-10-2-inch-Wi-Fi-32GB/product-reviews/B08J65DST5/ref=cm_cr_dp_d_show_all_btm?ie=UTF8&reviewerType=all_reviews&pageNumber=48"
"Heavy, he ain’t my brother......","It’s big like the first generation iPad. After having the mini I prefer the mini. Works like all apple products but it is heavy and bulky.","19 Feb 2021","Size: 32GB Style: WiFi Color: Space Gray","","Yes","renee brisco","4.0","2020 Apple iPad (10.2-inch, Wi-Fi, 32GB) - Space Gray (8th Generation)","https://www.amazon.com/Apple-iPad-10-2-inch-Wi-Fi-32GB/product-reviews/B08J65DST5/ref=cm_cr_dp_d_show_all_btm?ie=UTF8&reviewerType=all_reviews&pageNumber=49"
"Having a tutorial would be nice","I'm a newby to apple and the ease of moving from where I am,and getting to the area where I can dismissed things that are running was hard to to get there, had to wait till my iPad pro go home from work to walk me through it AGAIN, and to text or email,deleting unwanted posts is still difficult to work with, I am do love my iPad and will eventually learn the ind and outs of usage . I'm very glad I asked for it for my birthday","22 Apr 2021","Size: 32GB Style: WiFi Color: Gold","","Yes","Emily Tout-Tertusek","5.0","2020 Apple iPad (10.2-inch, Wi-Fi, 32GB) - Space Gray (8th Generation)","https://www.amazon.com/Apple-iPad-10-2-inch-Wi-Fi-32GB/product-reviews/B08J65DST5/ref=cm_cr_dp_d_show_all_btm?ie=UTF8&reviewerType=all_reviews&pageNumber=49"
"Amazing","I am totally amazed at how fast this item was confirmed, shipped and how fast it arrived at my door. The price was right and the service was excellent","19 Oct 2020","Size: 128GB Style: WiFi + Cellular Color: Silver","","Yes","Ronald Brown","5.0","2020 Apple iPad (10.2-inch, Wi-Fi, 32GB) - Space Gray (8th Generation)","https://www.amazon.com/Apple-iPad-10-2-inch-Wi-Fi-32GB/product-reviews/B08J65DST5/ref=cm_cr_dp_d_show_all_btm?ie=UTF8&reviewerType=all_reviews&pageNumber=49"
"Great iPad","Came in perfect condition. Have been using it for a month and love it. The only thing I don’t like about it is that it takes so long to charge.","17 May 2021","Size: 32GB Style: WiFi Color: Gold","","Yes","Shelby Bilyeu","5.0","2020 Apple iPad (10.2-inch, Wi-Fi, 32GB) - Space Gray (8th Generation)","https://www.amazon.com/Apple-iPad-10-2-inch-Wi-Fi-32GB/product-reviews/B08J65DST5/ref=cm_cr_dp_d_show_all_btm?ie=UTF8&reviewerType=all_reviews&pageNumber=49"
"Battery not working","Battery was not good","26 Feb 2021","Size: 128GB Style: WiFi Color: Space Gray","","Yes","AZUCENA BACA MEXIA","1.0","2020 Apple iPad (10.2-inch, Wi-Fi, 32GB) - Space Gray (8th Generation)","https://www.amazon.com/Apple-iPad-10-2-inch-Wi-Fi-32GB/product-reviews/B08J65DST5/ref=cm_cr_dp_d_show_all_btm?ie=UTF8&reviewerType=all_reviews&pageNumber=49"
"Love ipad","I love my iPad purchase  its the best. Screen quality is the best. Battery life is awesome. Touch screen is gentle.","19 May 2021","Size: 32GB Style: WiFi Color: Space Gray","","Yes","Serina Dubson","5.0","2020 Apple iPad (10.2-inch, Wi-Fi, 32GB) - Space Gray (8th Generation)","https://www.amazon.com/Apple-iPad-10-2-inch-Wi-Fi-32GB/product-reviews/B08J65DST5/ref=cm_cr_dp_d_show_all_btm?ie=UTF8&reviewerType=all_reviews&pageNumber=49"
"Not stable","I use the ipad mainly to read library books.  My problem with this unit is, it will scroll pages every so often and I have to go back to find my place.  I have another ipad that my wife uses that does not scroll.  I would like to return thidd unit and get an other.","18 Jan 2021","Size: 32GB Style: WiFi Color: Silver","","Yes","Jaspard A.","2.0","2020 Apple iPad (10.2-inch, Wi-Fi, 32GB) - Space Gray (8th Generation)","https://www.amazon.com/Apple-iPad-10-2-inch-Wi-Fi-32GB/product-reviews/B08J65DST5/ref=cm_cr_dp_d_show_all_btm?ie=UTF8&reviewerType=all_reviews&pageNumber=49"
"Worth the wait and price a-1 product","It took a little time to get but it was worth the wait no issues out of the box my granddaughter was very pleased.","24 Mar 2021","Size: 128GB Style: WiFi Color: Gold","","Yes","joe","5.0","2020 Apple iPad (10.2-inch, Wi-Fi, 32GB) - Space Gray (8th Generation)","https://www.amazon.com/Apple-iPad-10-2-inch-Wi-Fi-32GB/product-reviews/B08J65DST5/ref=cm_cr_dp_d_show_all_btm?ie=UTF8&reviewerType=all_reviews&pageNumber=49"
"Great  product!","Much better than my 7 year old 16g.  I did get a keyboard that attaches to it and find that exceptional!!!!","19 Feb 2021","Size: 32GB Style: WiFi Color: Silver","","Yes","Knowhutahmean?","5.0","2020 Apple iPad (10.2-inch, Wi-Fi, 32GB) - Space Gray (8th Generation)","https://www.amazon.com/Apple-iPad-10-2-inch-Wi-Fi-32GB/product-reviews/B08J65DST5/ref=cm_cr_dp_d_show_all_btm?ie=UTF8&reviewerType=all_reviews&pageNumber=49"
"Yes, yes, yes.","Happy with screen size & resolution. Great speed. A joy to own and operate. Lightweight. Easy to see and operate.","30 Nov 2020","Size: 128GB Style: WiFi Color: Gold","","Yes","Dennis Deckmann","5.0","2020 Apple iPad (10.2-inch, Wi-Fi, 32GB) - Space Gray (8th Generation)","https://www.amazon.com/Apple-iPad-10-2-inch-Wi-Fi-32GB/product-reviews/B08J65DST5/ref=cm_cr_dp_d_show_all_btm?ie=UTF8&reviewerType=all_reviews&pageNumber=49"
"Great buy and fairly priced","I purchased the ipad as im a tattooer and this product is very helpful with designing. But, not only is is for work....i can use it for a multiple things. Im not so tech savvy but setup has been pretty simple and learning my way around it. My 3 yr old has taken a liking to the garageband app/feature and is also navigating with ease. My package arrived in about 2 days as promised so thats also a plus.","30 Mar 2021","Size: 128GB Style: WiFi Color: Space Gray","","Yes","marlee","5.0","2020 Apple iPad (10.2-inch, Wi-Fi, 32GB) - Space Gray (8th Generation)","https://www.amazon.com/Apple-iPad-10-2-inch-Wi-Fi-32GB/product-reviews/B08J65DST5/ref=cm_cr_dp_d_show_all_btm?ie=UTF8&reviewerType=all_reviews&pageNumber=50"
"i have only had my new IPad for a short amount of time","i really like the speed of the IPad, also the images appear very clear. it is thinner than my old one, consequently it is lighter.  That unfortunately, is all I can say at that time.","09 Jan 2021","Size: 128GB Style: WiFi Color: Gold","","Yes","J. Young","5.0","2020 Apple iPad (10.2-inch, Wi-Fi, 32GB) - Space Gray (8th Generation)","https://www.amazon.com/Apple-iPad-10-2-inch-Wi-Fi-32GB/product-reviews/B08J65DST5/ref=cm_cr_dp_d_show_all_btm?ie=UTF8&reviewerType=all_reviews&pageNumber=50"
"Apple does not need my recommendation","Since I changed from galaxy to apple I'm in love! its just flawless. The best is how my iPad and iPhone work hand in hand!","23 Nov 2020","Size: 128GB Style: WiFi Color: Space Gray","","Yes","ACustomer123","5.0","2020 Apple iPad (10.2-inch, Wi-Fi, 32GB) - Space Gray (8th Generation)","https://www.amazon.com/Apple-iPad-10-2-inch-Wi-Fi-32GB/product-reviews/B08J65DST5/ref=cm_cr_dp_d_show_all_btm?ie=UTF8&reviewerType=all_reviews&pageNumber=50"
"I finally got it, as it took  longer, just glad  it's the 128 & newest model","I love my new rose gold apple ipad , great pic's good color, I've not had time yet to fully set everything up, so I don't know about the battery, I have to get a new case because my old one is slightly wider & much more heavier.","28 Mar 2021","Size: 128GB Style: WiFi Color: Gold","","Yes","Amazon Customer","5.0","2020 Apple iPad (10.2-inch, Wi-Fi, 32GB) - Space Gray (8th Generation)","https://www.amazon.com/Apple-iPad-10-2-inch-Wi-Fi-32GB/product-reviews/B08J65DST5/ref=cm_cr_dp_d_show_all_btm?ie=UTF8&reviewerType=all_reviews&pageNumber=50"
"Syncs with my phone, but loses charge faster than expected","I’ve always liked having an iPad, because it’s small and lightweight, and it communicates with my other apple products. I just wish it kept its charge longer. Even when I’m not using it, it loses charge just sitting there in a day or two.","21 Feb 2021","Size: 128GB Style: WiFi Color: Space Gray","","Yes","elizabeth godkin","5.0","2020 Apple iPad (10.2-inch, Wi-Fi, 32GB) - Space Gray (8th Generation)","https://www.amazon.com/Apple-iPad-10-2-inch-Wi-Fi-32GB/product-reviews/B08J65DST5/ref=cm_cr_dp_d_show_all_btm?ie=UTF8&reviewerType=all_reviews&pageNumber=50"
"It is worth it!!!","I got mine for online classes, and it came in brand new. I am glad I bought this. So happy with my purchase and I would highly recommend buying if you want an easier portable device that is convenient for online classes or work occasions.","15 Mar 2021","Size: 32GB Style: WiFi Color: Space Gray","","Yes","EM","5.0","2020 Apple iPad (10.2-inch, Wi-Fi, 32GB) - Space Gray (8th Generation)","https://www.amazon.com/Apple-iPad-10-2-inch-Wi-Fi-32GB/product-reviews/B08J65DST5/ref=cm_cr_dp_d_show_all_btm?ie=UTF8&reviewerType=all_reviews&pageNumber=50"
"","I think it is an excellent investment, my son happy with his gift and everything has worked well for him so far","16 Jan 2021","Size: 128GB Style: WiFi Color: Silver","https://images-na.ssl-images-amazon.com/images/I/81OxYXro9nL._SY88.jpg","Yes","Amazon Customer","5.0","2020 Apple iPad (10.2-inch, Wi-Fi, 32GB) - Space Gray (8th Generation)","https://www.amazon.com/Apple-iPad-10-2-inch-Wi-Fi-32GB/product-reviews/B08J65DST5/ref=cm_cr_dp_d_show_all_btm?ie=UTF8&reviewerType=all_reviews&pageNumber=50"
"Definitely worth the investment","My iPad works great! And the product came in good condition. Not going to lie it does take a bit to charge to 100% but when it does the battery life can last me up to a whole week until I need another recharge. Overall great. I use it for notes and watching lectures on the go or when I don't feel like turning on my computer. Apple pencil is a must if you're going to be using the iPad for school purposes or drawing.","14 Dec 2020","Size: 128GB Style: WiFi Color: Gold","","Yes","Jocelyn","5.0","2020 Apple iPad (10.2-inch, Wi-Fi, 32GB) - Space Gray (8th Generation)","https://www.amazon.com/Apple-iPad-10-2-inch-Wi-Fi-32GB/product-reviews/B08J65DST5/ref=cm_cr_dp_d_show_all_btm?ie=UTF8&reviewerType=all_reviews&pageNumber=50"
"Apple is a no brainer","This ipad is super solid and at this price point I can play games easily, facetime, browse the internet, and get access to fast wifi. My previous ipad lasted 7 years and is still good today. I just wanted an upgrade. Apple products are very  solid.","11 Dec 2020","Size: 32GB Style: WiFi Color: Gold","","Yes","Kam","5.0","2020 Apple iPad (10.2-inch, Wi-Fi, 32GB) - Space Gray (8th Generation)","https://www.amazon.com/Apple-iPad-10-2-inch-Wi-Fi-32GB/product-reviews/B08J65DST5/ref=cm_cr_dp_d_show_all_btm?ie=UTF8&reviewerType=all_reviews&pageNumber=50"
"Battery lasts for 14 hours","I had to replace my old iPad  and didn't want to pay the price for a new model. This does the job really well","31 Jan 2021","Size: 32GB Style: WiFi Color: Space Gray","","Yes","Nikkie N.","5.0","2020 Apple iPad (10.2-inch, Wi-Fi, 32GB) - Space Gray (8th Generation)","https://www.amazon.com/Apple-iPad-10-2-inch-Wi-Fi-32GB/product-reviews/B08J65DST5/ref=cm_cr_dp_d_show_all_btm?ie=UTF8&reviewerType=all_reviews&pageNumber=50"
"Perfect for drawing purpuses","At first I was a little scared to purchase this because my only option at the time was the 36 GB one, but lately I realized it that I wanted to use it principally for drawing and I had no problems with storage capacity even when I have by now plenty artwork done digitally in it. No regrets at all.","16 Mar 2021","Size: 32GB Style: WiFi Color: Gold","","Yes","Leslie","5.0","2020 Apple iPad (10.2-inch, Wi-Fi, 32GB) - Space Gray (8th Generation)","https://www.amazon.com/Apple-iPad-10-2-inch-Wi-Fi-32GB/product-reviews/B08J65DST5/ref=cm_cr_dp_d_show_all_btm?ie=UTF8&reviewerType=all_reviews&pageNumber=51"
"Nice iPad!","I purchased this to use with my square register system. It’s a nice sized screen, not too big or small. Easy to use and set up. Works great with Square.","06 May 2021","Size: 128GB Style: WiFi Color: Gold","","Yes","Laura L. Mundell","5.0","2020 Apple iPad (10.2-inch, Wi-Fi, 32GB) - Space Gray (8th Generation)","https://www.amazon.com/Apple-iPad-10-2-inch-Wi-Fi-32GB/product-reviews/B08J65DST5/ref=cm_cr_dp_d_show_all_btm?ie=UTF8&reviewerType=all_reviews&pageNumber=51"
"It came later than expected","This item showed up 3 days late. But so far so good. I won’t really know until I give it to my son for his birthday in 3 weeks. I’ve already set it up for him.","04 Oct 2020","Size: 32GB Style: WiFi Color: Space Gray","","Yes","Jessica W.","4.0","2020 Apple iPad (10.2-inch, Wi-Fi, 32GB) - Space Gray (8th Generation)","https://www.amazon.com/Apple-iPad-10-2-inch-Wi-Fi-32GB/product-reviews/B08J65DST5/ref=cm_cr_dp_d_show_all_btm?ie=UTF8&reviewerType=all_reviews&pageNumber=51"
"Battery life sucks","Battery life is that of a 10 year old phone. Only lasts for a couple hours at 100 percent and takes practically all day to recharge. Terrible.","17 Dec 2020","Size: 32GB Style: WiFi Color: Gold","","Yes","Boo","2.0","2020 Apple iPad (10.2-inch, Wi-Fi, 32GB) - Space Gray (8th Generation)","https://www.amazon.com/Apple-iPad-10-2-inch-Wi-Fi-32GB/product-reviews/B08J65DST5/ref=cm_cr_dp_d_show_all_btm?ie=UTF8&reviewerType=all_reviews&pageNumber=51"
"Great ipad","Apple delivers a great product.  In the world of electronics you get what you pay for with apple.  Love it!","23 May 2021","Size: 32GB Style: WiFi Color: Gold","","Yes","LH","5.0","2020 Apple iPad (10.2-inch, Wi-Fi, 32GB) - Space Gray (8th Generation)","https://www.amazon.com/Apple-iPad-10-2-inch-Wi-Fi-32GB/product-reviews/B08J65DST5/ref=cm_cr_dp_d_show_all_btm?ie=UTF8&reviewerType=all_reviews&pageNumber=51"
"I am so happy I ordered this product","Thank you for such a wonderful product at an amazing price. The ipad arrived before the estimated shipping date, is exactly as described, and is my side-kick. I do not go anywhere without this. My children love this and are able to use it. Its perfect. Thank you again!","19 Apr 2021","Size: 32GB Style: WiFi + Cellular Color: Gold","","Yes","Victoria Ornelas","5.0","2020 Apple iPad (10.2-inch, Wi-Fi, 32GB) - Space Gray (8th Generation)","https://www.amazon.com/Apple-iPad-10-2-inch-Wi-Fi-32GB/product-reviews/B08J65DST5/ref=cm_cr_dp_d_show_all_btm?ie=UTF8&reviewerType=all_reviews&pageNumber=51"
"Five stars from a completely satisfied customer.","IPad coupled with the Apple keyboard and mouse function like a compact PC; the iPad generation 8 and accessories couldn’t be better. They have greatly exceeded my expectations,","19 May 2021","Size: 128GB Style: WiFi Color: Space Gray","","Yes","Vic","5.0","2020 Apple iPad (10.2-inch, Wi-Fi, 32GB) - Space Gray (8th Generation)","https://www.amazon.com/Apple-iPad-10-2-inch-Wi-Fi-32GB/product-reviews/B08J65DST5/ref=cm_cr_dp_d_show_all_btm?ie=UTF8&reviewerType=all_reviews&pageNumber=51"
"A day early.","The iPad showed up a day early and intact. Not much else to say. It's an iPad and it does iPad stuff very well.","17 Apr 2021","Size: 128GB Style: WiFi Color: Silver","","Yes","JGV3","5.0","2020 Apple iPad (10.2-inch, Wi-Fi, 32GB) - Space Gray (8th Generation)","https://www.amazon.com/Apple-iPad-10-2-inch-Wi-Fi-32GB/product-reviews/B08J65DST5/ref=cm_cr_dp_d_show_all_btm?ie=UTF8&reviewerType=all_reviews&pageNumber=51"
"Great!","Great! My expectations were not even more than a good day dream of me a man and a man with me I love being weird and you don’t feel like you don’t know how to get that you can get you out to you and I. He!LPp keYBöARd","14 May 2021","Size: 32GB Style: WiFi Color: Silver","","Yes","jamieglynn","5.0","2020 Apple iPad (10.2-inch, Wi-Fi, 32GB) - Space Gray (8th Generation)","https://www.amazon.com/Apple-iPad-10-2-inch-Wi-Fi-32GB/product-reviews/B08J65DST5/ref=cm_cr_dp_d_show_all_btm?ie=UTF8&reviewerType=all_reviews&pageNumber=51"
"Alert sounds very low","Would have been nice if manual came with it!!  Kind of heavy to hold. Not very user friendly.  Alert sound very low.","04 Dec 2020","Size: 32GB Style: WiFi Color: Space Gray","","Yes","Janice Coughlan","4.0","2020 Apple iPad (10.2-inch, Wi-Fi, 32GB) - Space Gray (8th Generation)","https://www.amazon.com/Apple-iPad-10-2-inch-Wi-Fi-32GB/product-reviews/B08J65DST5/ref=cm_cr_dp_d_show_all_btm?ie=UTF8&reviewerType=all_reviews&pageNumber=51"
"Good tablet","I graduated from Fire tablet to the ipad, which functions nicely and quickly. Easy to understand and use.","18 Feb 2021","Size: 32GB Style: WiFi Color: Space Gray","","Yes","Country person","5.0","2020 Apple iPad (10.2-inch, Wi-Fi, 32GB) - Space Gray (8th Generation)","https://www.amazon.com/Apple-iPad-10-2-inch-Wi-Fi-32GB/product-reviews/B08J65DST5/ref=cm_cr_dp_d_show_all_btm?ie=UTF8&reviewerType=all_reviews&pageNumber=52"
"Consistently good quality","Great product. Have had iPads for several years and this one seems to be the same high quality as others.","01 Dec 2020","Size: 128GB Style: WiFi Color: Space Gray","","Yes","MyTwoCents","5.0","2020 Apple iPad (10.2-inch, Wi-Fi, 32GB) - Space Gray (8th Generation)","https://www.amazon.com/Apple-iPad-10-2-inch-Wi-Fi-32GB/product-reviews/B08J65DST5/ref=cm_cr_dp_d_show_all_btm?ie=UTF8&reviewerType=all_reviews&pageNumber=52"
"Great iPad 8th gen!!!","Loved it! All I expected! Works fine no problem!!","28 Sep 2020","Size: 32GB Style: WiFi Color: Space Gray","","Yes","Krismar Williams","5.0","2020 Apple iPad (10.2-inch, Wi-Fi, 32GB) - Space Gray (8th Generation)","https://www.amazon.com/Apple-iPad-10-2-inch-Wi-Fi-32GB/product-reviews/B08J65DST5/ref=cm_cr_dp_d_show_all_btm?ie=UTF8&reviewerType=all_reviews&pageNumber=52"
"Great Value","I already have an IPad, but I wanted a newer one. It came at a great price.  Screen is brighter, faster.","08 Jan 2021","Size: 32GB Style: WiFi Color: Space Gray","","Yes","Grammar Police","5.0","2020 Apple iPad (10.2-inch, Wi-Fi, 32GB) - Space Gray (8th Generation)","https://www.amazon.com/Apple-iPad-10-2-inch-Wi-Fi-32GB/product-reviews/B08J65DST5/ref=cm_cr_dp_d_show_all_btm?ie=UTF8&reviewerType=all_reviews&pageNumber=52"
"Does it’s job","I bought this iPad for myself (as opposed to my kids) and I love it. Makes doing workouts easier visually","07 May 2021","Size: 32GB Style: WiFi Color: Gold","","Yes","Its me again","5.0","2020 Apple iPad (10.2-inch, Wi-Fi, 32GB) - Space Gray (8th Generation)","https://www.amazon.com/Apple-iPad-10-2-inch-Wi-Fi-32GB/product-reviews/B08J65DST5/ref=cm_cr_dp_d_show_all_btm?ie=UTF8&reviewerType=all_reviews&pageNumber=52"
"A beautiful gift for my mother","I ordered this bff or my mother's 70th. It was easy to set up and connect to her phone and watch. This is a wonderful gift and a perfect size iPad for any needs.","27 Oct 2020","Size: 32GB Style: WiFi Color: Gold","","Yes","Sweetpea82","5.0","2020 Apple iPad (10.2-inch, Wi-Fi, 32GB) - Space Gray (8th Generation)","https://www.amazon.com/Apple-iPad-10-2-inch-Wi-Fi-32GB/product-reviews/B08J65DST5/ref=cm_cr_dp_d_show_all_btm?ie=UTF8&reviewerType=all_reviews&pageNumber=52"
"It looks pretty and is relatively easy to use.","So far, so good.  I am reading a book to help me along....... without a manual, I needed to buy a book.","18 Jan 2021","Size: 32GB Style: WiFi Color: Gold","","Yes","Piping Plover","5.0","2020 Apple iPad (10.2-inch, Wi-Fi, 32GB) - Space Gray (8th Generation)","https://www.amazon.com/Apple-iPad-10-2-inch-Wi-Fi-32GB/product-reviews/B08J65DST5/ref=cm_cr_dp_d_show_all_btm?ie=UTF8&reviewerType=all_reviews&pageNumber=52"
"Nice iPad","Purchased to replace an older on with a screen crack. Works great, fast clear and all Apple. Recommend.","09 Jan 2021","Size: 32GB Style: WiFi Color: Space Gray","","Yes","Joe Biaggio","5.0","2020 Apple iPad (10.2-inch, Wi-Fi, 32GB) - Space Gray (8th Generation)","https://www.amazon.com/Apple-iPad-10-2-inch-Wi-Fi-32GB/product-reviews/B08J65DST5/ref=cm_cr_dp_d_show_all_btm?ie=UTF8&reviewerType=all_reviews&pageNumber=52"
"Great value","I bought this for my 9 yr old. Great value. Its not the latest ipad but its great for his needs. The packaging was beautiful. My son can download most of the games he likes including minecraft modes, the battery life is definitely longer than a galaxy which he is transitioning from.  I got the grey color.","02 Jan 2021","Size: 32GB Style: WiFi Color: Silver","","Yes","Esther N.","5.0","2020 Apple iPad (10.2-inch, Wi-Fi, 32GB) - Space Gray (8th Generation)","https://www.amazon.com/Apple-iPad-10-2-inch-Wi-Fi-32GB/product-reviews/B08J65DST5/ref=cm_cr_dp_d_show_all_btm?ie=UTF8&reviewerType=all_reviews&pageNumber=52"
"Great value","I saw this same model on a shopping channel last night for $200 more so this is a really decent purchase.","05 Jan 2021","Size: 32GB Style: WiFi Color: Gold","","Yes","Michaelsmind","5.0","2020 Apple iPad (10.2-inch, Wi-Fi, 32GB) - Space Gray (8th Generation)","https://www.amazon.com/Apple-iPad-10-2-inch-Wi-Fi-32GB/product-reviews/B08J65DST5/ref=cm_cr_dp_d_show_all_btm?ie=UTF8&reviewerType=all_reviews&pageNumber=52"
"Excellent I Pad","The colors are brighter and it holds a charge much longer.  It takes a lot less time to charge it up.","25 Apr 2021","Size: 32GB Style: WiFi Color: Silver","","Yes","Mary Lou Noftle","5.0","2020 Apple iPad (10.2-inch, Wi-Fi, 32GB) - Space Gray (8th Generation)","https://www.amazon.com/Apple-iPad-10-2-inch-Wi-Fi-32GB/product-reviews/B08J65DST5/ref=cm_cr_dp_d_show_all_btm?ie=UTF8&reviewerType=all_reviews&pageNumber=53"
"Amazing","amazing","12 May 2021","Size: 128GB Style: WiFi Color: Silver","","Yes","@","5.0","2020 Apple iPad (10.2-inch, Wi-Fi, 32GB) - Space Gray (8th Generation)","https://www.amazon.com/Apple-iPad-10-2-inch-Wi-Fi-32GB/product-reviews/B08J65DST5/ref=cm_cr_dp_d_show_all_btm?ie=UTF8&reviewerType=all_reviews&pageNumber=53"
"iPad greatness","The sharpness and clarity of the screen is amazing! There are so many things you can do , it boggles the mind.","25 Feb 2021","Size: 32GB Style: WiFi Color: Space Gray","","Yes","Kelley F. Snook","5.0","2020 Apple iPad (10.2-inch, Wi-Fi, 32GB) - Space Gray (8th Generation)","https://www.amazon.com/Apple-iPad-10-2-inch-Wi-Fi-32GB/product-reviews/B08J65DST5/ref=cm_cr_dp_d_show_all_btm?ie=UTF8&reviewerType=all_reviews&pageNumber=53"
"Great! And great price!","I had to upgrade from 2nd gen because Apple doesn’t support many of the apps I use. This one is Great!!  Loved the price!","27 Feb 2021","Size: 32GB Style: WiFi Color: Space Gray","","Yes","do it myself-er","5.0","2020 Apple iPad (10.2-inch, Wi-Fi, 32GB) - Space Gray (8th Generation)","https://www.amazon.com/Apple-iPad-10-2-inch-Wi-Fi-32GB/product-reviews/B08J65DST5/ref=cm_cr_dp_d_show_all_btm?ie=UTF8&reviewerType=all_reviews&pageNumber=53"
"IPad 8th generation","I love this iPad, I received this on a Thursday afternoon with the ottorbox defender and it was perfect.","06 Feb 2021","Size: 128GB Style: WiFi Color: Space Gray","https://images-na.ssl-images-amazon.com/images/I/71k8F296dlL._SY88.jpg
https://images-na.ssl-images-amazon.com/images/I/71wrraG7KyL._SY88.jpg","Yes","Nathan Sassaman","5.0","2020 Apple iPad (10.2-inch, Wi-Fi, 32GB) - Space Gray (8th Generation)","https://www.amazon.com/Apple-iPad-10-2-inch-Wi-Fi-32GB/product-reviews/B08J65DST5/ref=cm_cr_dp_d_show_all_btm?ie=UTF8&reviewerType=all_reviews&pageNumber=53"
"Good deal","Still trying to get the hang of it but so far its outstanding. It was also less expensive option i found.","10 May 2021","Size: 128GB Style: WiFi Color: Space Gray","","Yes","Tom L.","5.0","2020 Apple iPad (10.2-inch, Wi-Fi, 32GB) - Space Gray (8th Generation)","https://www.amazon.com/Apple-iPad-10-2-inch-Wi-Fi-32GB/product-reviews/B08J65DST5/ref=cm_cr_dp_d_show_all_btm?ie=UTF8&reviewerType=all_reviews&pageNumber=53"
"what can I say if you like Apple products you'll love it","The battery life and screen brightness is amazing plus I got the 128GB and I am very happy with this","06 Apr 2021","Size: 128GB Style: WiFi Color: Space Gray","","Yes","Jeremiah","5.0","2020 Apple iPad (10.2-inch, Wi-Fi, 32GB) - Space Gray (8th Generation)","https://www.amazon.com/Apple-iPad-10-2-inch-Wi-Fi-32GB/product-reviews/B08J65DST5/ref=cm_cr_dp_d_show_all_btm?ie=UTF8&reviewerType=all_reviews&pageNumber=53"
"Awesome and fast","Smooth and seamless OS, not slow and junk quality like a firetab. Apple owns the market in tablets in my opinion","14 Mar 2021","Size: 128GB Style: WiFi Color: Space Gray","","Yes","J. Eads","5.0","2020 Apple iPad (10.2-inch, Wi-Fi, 32GB) - Space Gray (8th Generation)","https://www.amazon.com/Apple-iPad-10-2-inch-Wi-Fi-32GB/product-reviews/B08J65DST5/ref=cm_cr_dp_d_show_all_btm?ie=UTF8&reviewerType=all_reviews&pageNumber=53"
"As Expected","Very good quality at a good price. Only complaint, the active screen is very close to the edge/, attention to where/how you hold the IPad is a must.","17 Mar 2021","Size: 128GB Style: WiFi Color: Space Gray","","Yes","Mr.Powers","5.0","2020 Apple iPad (10.2-inch, Wi-Fi, 32GB) - Space Gray (8th Generation)","https://www.amazon.com/Apple-iPad-10-2-inch-Wi-Fi-32GB/product-reviews/B08J65DST5/ref=cm_cr_dp_d_show_all_btm?ie=UTF8&reviewerType=all_reviews&pageNumber=53"
"Very Satisfied","Your browser does not support HTML5 video. I received this iPad pretty quick. I was skeptical about buying it from amazon due to come of the reviews but I took a chance and I actually happy and satisfied . No glitching, no error message. Came fully charged. I was able to set it up and set up a new Apple iCloud for my son with no issue. I’m happy that I bought it!","24 Mar 2021","Size: 32GB Style: WiFi Color: Gold","","Yes","Brianna","5.0","2020 Apple iPad (10.2-inch, Wi-Fi, 32GB) - Space Gray (8th Generation)","https://www.amazon.com/Apple-iPad-10-2-inch-Wi-Fi-32GB/product-reviews/B08J65DST5/ref=cm_cr_dp_d_show_all_btm?ie=UTF8&reviewerType=all_reviews&pageNumber=53"
"Love","Just got my iPad and I love it!  Easy to use and set up and I love how big and crisp the screen is!","20 Nov 2020","Size: 128GB Style: WiFi Color: Space Gray","","Yes","K Marie","5.0","2020 Apple iPad (10.2-inch, Wi-Fi, 32GB) - Space Gray (8th Generation)","https://www.amazon.com/Apple-iPad-10-2-inch-Wi-Fi-32GB/product-reviews/B08J65DST5/ref=cm_cr_dp_d_show_all_btm?ie=UTF8&reviewerType=all_reviews&pageNumber=54"
"Easy to use","Purchased for elderly neighbor. Her first iPad. She loves it and picked up how to use very quickly.","26 May 2021","Size: 32GB Style: WiFi Color: Gold","","Yes","DT/Niknak","5.0","2020 Apple iPad (10.2-inch, Wi-Fi, 32GB) - Space Gray (8th Generation)","https://www.amazon.com/Apple-iPad-10-2-inch-Wi-Fi-32GB/product-reviews/B08J65DST5/ref=cm_cr_dp_d_show_all_btm?ie=UTF8&reviewerType=all_reviews&pageNumber=54"
"Very much satisfied","Ideal tablet. Easy to setup. I added the otter box and protection plan. All is happy in apple land.","25 Mar 2021","Size: 128GB Style: WiFi Color: Silver","","Yes","Big D","5.0","2020 Apple iPad (10.2-inch, Wi-Fi, 32GB) - Space Gray (8th Generation)","https://www.amazon.com/Apple-iPad-10-2-inch-Wi-Fi-32GB/product-reviews/B08J65DST5/ref=cm_cr_dp_d_show_all_btm?ie=UTF8&reviewerType=all_reviews&pageNumber=54"
"I'm a new apple fan","I really like the ipad, can't believe I waited so long to try one. Works great and is easy to use.","15 Mar 2021","Size: 32GB Style: WiFi Color: Space Gray","","Yes","Clairc","5.0","2020 Apple iPad (10.2-inch, Wi-Fi, 32GB) - Space Gray (8th Generation)","https://www.amazon.com/Apple-iPad-10-2-inch-Wi-Fi-32GB/product-reviews/B08J65DST5/ref=cm_cr_dp_d_show_all_btm?ie=UTF8&reviewerType=all_reviews&pageNumber=54"
"Good product","Once all info was downloaded from the old iPad to the new one it has been working iextdremely well","09 Mar 2021","Size: 128GB Style: WiFi Color: Space Gray","","Yes","Martin Goldman","4.0","2020 Apple iPad (10.2-inch, Wi-Fi, 32GB) - Space Gray (8th Generation)","https://www.amazon.com/Apple-iPad-10-2-inch-Wi-Fi-32GB/product-reviews/B08J65DST5/ref=cm_cr_dp_d_show_all_btm?ie=UTF8&reviewerType=all_reviews&pageNumber=54"
"the best option for kids online crouse","dring the pandmic time, all the kids need online course, the chrome book are poor to use, and i think the ipad 8 the cheap but faster one, choose the 128g one, you won't undate in 3 years.","01 Dec 2020","Size: 128GB Style: WiFi Color: Space Gray","","Yes","Amazon Customer","5.0","2020 Apple iPad (10.2-inch, Wi-Fi, 32GB) - Space Gray (8th Generation)","https://www.amazon.com/Apple-iPad-10-2-inch-Wi-Fi-32GB/product-reviews/B08J65DST5/ref=cm_cr_dp_d_show_all_btm?ie=UTF8&reviewerType=all_reviews&pageNumber=54"
"iPad Next Generation “ Way to Go”","IPad is heavier than expected, but excellent quality. Large screen and vibrant clear color graphics","16 Nov 2020","Size: 128GB Style: WiFi Color: Gold","","Yes","C-RAD","5.0","2020 Apple iPad (10.2-inch, Wi-Fi, 32GB) - Space Gray (8th Generation)","https://www.amazon.com/Apple-iPad-10-2-inch-Wi-Fi-32GB/product-reviews/B08J65DST5/ref=cm_cr_dp_d_show_all_btm?ie=UTF8&reviewerType=all_reviews&pageNumber=54"
"Awesome iPad","I have bought 2 of them, they are awesome. Very suitable for everyday tech activities and entertainment.","09 Mar 2021","Size: 32GB Style: WiFi Color: Space Gray","","Yes","Du","5.0","2020 Apple iPad (10.2-inch, Wi-Fi, 32GB) - Space Gray (8th Generation)","https://www.amazon.com/Apple-iPad-10-2-inch-Wi-Fi-32GB/product-reviews/B08J65DST5/ref=cm_cr_dp_d_show_all_btm?ie=UTF8&reviewerType=all_reviews&pageNumber=54"
"Buy this!","I bought this to use for digital art with procreate. For a beginner, I have no complaints!!! 100% would buy again!","28 Mar 2021","Size: 32GB Style: WiFi Color: Space Gray","","Yes","Chloe Oneill","5.0","2020 Apple iPad (10.2-inch, Wi-Fi, 32GB) - Space Gray (8th Generation)","https://www.amazon.com/Apple-iPad-10-2-inch-Wi-Fi-32GB/product-reviews/B08J65DST5/ref=cm_cr_dp_d_show_all_btm?ie=UTF8&reviewerType=all_reviews&pageNumber=54"
"Great price for interval upgrade","Upgraded from first generation iPad Air.  Needed more memory and upgrade iOS.  Perfect for my needs","01 Jun 2021","Size: 32GB Style: WiFi Color: Space Gray","","Yes","Barry H. Braun","5.0","2020 Apple iPad (10.2-inch, Wi-Fi, 32GB) - Space Gray (8th Generation)","https://www.amazon.com/Apple-iPad-10-2-inch-Wi-Fi-32GB/product-reviews/B08J65DST5/ref=cm_cr_dp_d_show_all_btm?ie=UTF8&reviewerType=all_reviews&pageNumber=54"
"IPAD win for college","My future son in law is in LOVE! He is currently taking organic chem and loves taking notes on it.","03 Jun 2021","Size: 128GB Style: WiFi Color: Space Gray","","Yes","mominsmalltown","5.0","2020 Apple iPad (10.2-inch, Wi-Fi, 32GB) - Space Gray (8th Generation)","https://www.amazon.com/Apple-iPad-10-2-inch-Wi-Fi-32GB/product-reviews/B08J65DST5/ref=cm_cr_dp_d_show_all_btm?ie=UTF8&reviewerType=all_reviews&pageNumber=55"
"Great tablet","Have used Apple products for years. Very reliable. Just upgraded to this from my last iPad which is 10 yrs old. Battery life on this tablet is great. Satisfied with purchase","19 Feb 2021","Size: 32GB Style: WiFi Color: Space Gray","","Yes","zycm","5.0","2020 Apple iPad (10.2-inch, Wi-Fi, 32GB) - Space Gray (8th Generation)","https://www.amazon.com/Apple-iPad-10-2-inch-Wi-Fi-32GB/product-reviews/B08J65DST5/ref=cm_cr_dp_d_show_all_btm?ie=UTF8&reviewerType=all_reviews&pageNumber=55"
"New iPad","Arrived earlier than stated. Perfect new condition highly recommended","25 Dec 2020","Size: 128GB Style: WiFi Color: Space Gray","","Yes","Scott Nathan","5.0","2020 Apple iPad (10.2-inch, Wi-Fi, 32GB) - Space Gray (8th Generation)","https://www.amazon.com/Apple-iPad-10-2-inch-Wi-Fi-32GB/product-reviews/B08J65DST5/ref=cm_cr_dp_d_show_all_btm?ie=UTF8&reviewerType=all_reviews&pageNumber=55"
"Nice product.","Great for college student.  Size of screen is perfect. Would suggest buying the stylus pen as well.","01 Dec 2020","Size: 128GB Style: WiFi Color: Gold","","Yes","LBalky4","5.0","2020 Apple iPad (10.2-inch, Wi-Fi, 32GB) - Space Gray (8th Generation)","https://www.amazon.com/Apple-iPad-10-2-inch-Wi-Fi-32GB/product-reviews/B08J65DST5/ref=cm_cr_dp_d_show_all_btm?ie=UTF8&reviewerType=all_reviews&pageNumber=55"
"New but used","This product I ordered new and it came used","02 Mar 2021","Size: 128GB Style: WiFi Color: Space Gray","","Yes","angelo rodriguez","1.0","2020 Apple iPad (10.2-inch, Wi-Fi, 32GB) - Space Gray (8th Generation)","https://www.amazon.com/Apple-iPad-10-2-inch-Wi-Fi-32GB/product-reviews/B08J65DST5/ref=cm_cr_dp_d_show_all_btm?ie=UTF8&reviewerType=all_reviews&pageNumber=55"
"In the 21st century now","New to me- last person in the world getting one! Waiting for help from grandchild! Have high hopes.","01 Dec 2020","Size: 32GB Style: WiFi Color: Space Gray","","Yes","barbara","5.0","2020 Apple iPad (10.2-inch, Wi-Fi, 32GB) - Space Gray (8th Generation)","https://www.amazon.com/Apple-iPad-10-2-inch-Wi-Fi-32GB/product-reviews/B08J65DST5/ref=cm_cr_dp_d_show_all_btm?ie=UTF8&reviewerType=all_reviews&pageNumber=55"
"Great Apple Product","Beautiful rose gold color.  Excellent Apple product with fast delivery and great packaging.  Would definitely recommend and will buy again.  My granddaughter was ecstatic!","14 May 2021","Size: 32GB Style: WiFi Color: Gold","","Yes","SamzGirl","5.0","2020 Apple iPad (10.2-inch, Wi-Fi, 32GB) - Space Gray (8th Generation)","https://www.amazon.com/Apple-iPad-10-2-inch-Wi-Fi-32GB/product-reviews/B08J65DST5/ref=cm_cr_dp_d_show_all_btm?ie=UTF8&reviewerType=all_reviews&pageNumber=55"
"Perfect","Got as an upgrade from iPad Air for my 9 year old daughter for her birthday. Her older iPad was outdated and no longer compatible with a lot of her newer games. This works perfectly with all her apps. Only thing was I wasn’t aware it’s just a little bigger than the other so I had to order a new cover but other than that I’m very happy with it.","05 Jun 2021","Size: 32GB Style: WiFi Color: Gold","","Yes","Jennifer Stover","5.0","2020 Apple iPad (10.2-inch, Wi-Fi, 32GB) - Space Gray (8th Generation)","https://www.amazon.com/Apple-iPad-10-2-inch-Wi-Fi-32GB/product-reviews/B08J65DST5/ref=cm_cr_dp_d_show_all_btm?ie=UTF8&reviewerType=all_reviews&pageNumber=55"
"So Awesome!","Major upgrade for me from the mini iPad. Loving this new one. Thanks Apple for a great product.","10 Jun 2021","Size: 32GB Style: WiFi Color: Gold","","Yes","M. R. Muller","5.0","2020 Apple iPad (10.2-inch, Wi-Fi, 32GB) - Space Gray (8th Generation)","https://www.amazon.com/Apple-iPad-10-2-inch-Wi-Fi-32GB/product-reviews/B08J65DST5/ref=cm_cr_dp_d_show_all_btm?ie=UTF8&reviewerType=all_reviews&pageNumber=55"
"Works as expected.","Nothing special. It’s a basic iPad. I do wish I would  have bought the one with optic and Cellular though","23 Jan 2021","Size: 32GB Style: WiFi Color: Space Gray","","Yes","Darlene","4.0","2020 Apple iPad (10.2-inch, Wi-Fi, 32GB) - Space Gray (8th Generation)","https://www.amazon.com/Apple-iPad-10-2-inch-Wi-Fi-32GB/product-reviews/B08J65DST5/ref=cm_cr_dp_d_show_all_btm?ie=UTF8&reviewerType=all_reviews&pageNumber=55"
"Love it","I love my new iPad, this is my second one. I never use my laptop anymore, this is so easy to use.","25 Dec 2020","Size: 32GB Style: WiFi Color: Space Gray","","Yes","pris","5.0","2020 Apple iPad (10.2-inch, Wi-Fi, 32GB) - Space Gray (8th Generation)","https://www.amazon.com/Apple-iPad-10-2-inch-Wi-Fi-32GB/product-reviews/B08J65DST5/ref=cm_cr_dp_d_show_all_btm?ie=UTF8&reviewerType=all_reviews&pageNumber=56"
"it's an iPad!","It's an iPad, it does exactly what you expect from an iPad.  It's got a fantastic screen, great battery life, runs all the app store apps, has annoyingly few buttons and is entirely non-upgradeable.","17 Dec 2020","Size: 128GB Style: WiFi Color: Space Gray","","Yes","Malgorzata B Glinowiecka","5.0","2020 Apple iPad (10.2-inch, Wi-Fi, 32GB) - Space Gray (8th Generation)","https://www.amazon.com/Apple-iPad-10-2-inch-Wi-Fi-32GB/product-reviews/B08J65DST5/ref=cm_cr_dp_d_show_all_btm?ie=UTF8&reviewerType=all_reviews&pageNumber=56"
"Es una muy buena iPad y aún precio accesible.","pude configurarla con mi iCloud rápido y es rápido para conectarse al wi-fi . Llego antes del tiempo esperado y su carga le dura bastante.","20 Mar 2021","Size: 128GB Style: WiFi Color: Silver","https://images-na.ssl-images-amazon.com/images/I/91Pl+JX-4nL._SY88.jpg","Yes","Maria","5.0","2020 Apple iPad (10.2-inch, Wi-Fi, 32GB) - Space Gray (8th Generation)","https://www.amazon.com/Apple-iPad-10-2-inch-Wi-Fi-32GB/product-reviews/B08J65DST5/ref=cm_cr_dp_d_show_all_btm?ie=UTF8&reviewerType=all_reviews&pageNumber=56"
"Quick delivery","Arrived a week earlier than expected.  Easier to buy back ordered from Amazon, than Apple or Best Buy.  Wonderful upgrade from Air 2, quick and great battery life.","19 Dec 2020","Size: 128GB Style: WiFi Color: Gold","","Yes","Anitres","5.0","2020 Apple iPad (10.2-inch, Wi-Fi, 32GB) - Space Gray (8th Generation)","https://www.amazon.com/Apple-iPad-10-2-inch-Wi-Fi-32GB/product-reviews/B08J65DST5/ref=cm_cr_dp_d_show_all_btm?ie=UTF8&reviewerType=all_reviews&pageNumber=56"
"Great deal!","Ordered this for my dad! He has dementia, and has some issues remembering certain things, but he was able to set this up fairly easy.","19 Apr 2021","Size: 128GB Style: WiFi Color: Space Gray","","Yes","Lolli","5.0","2020 Apple iPad (10.2-inch, Wi-Fi, 32GB) - Space Gray (8th Generation)","https://www.amazon.com/Apple-iPad-10-2-inch-Wi-Fi-32GB/product-reviews/B08J65DST5/ref=cm_cr_dp_d_show_all_btm?ie=UTF8&reviewerType=all_reviews&pageNumber=56"
"Love it","Great picture quality and beautiful color- rise gold. I use it constantly and it has good battery life.","15 Mar 2021","Size: 32GB Style: WiFi Color: Gold","","Yes","grammie S","5.0","2020 Apple iPad (10.2-inch, Wi-Fi, 32GB) - Space Gray (8th Generation)","https://www.amazon.com/Apple-iPad-10-2-inch-Wi-Fi-32GB/product-reviews/B08J65DST5/ref=cm_cr_dp_d_show_all_btm?ie=UTF8&reviewerType=all_reviews&pageNumber=56"
"Speed and ease of use.","Ipad is much too slow for me, being used to using a computer or laptop for close to 45 years.","27 Feb 2021","Size: 32GB Style: WiFi Color: Space Gray","","Yes","Bobbie Lamport","3.0","2020 Apple iPad (10.2-inch, Wi-Fi, 32GB) - Space Gray (8th Generation)","https://www.amazon.com/Apple-iPad-10-2-inch-Wi-Fi-32GB/product-reviews/B08J65DST5/ref=cm_cr_dp_d_show_all_btm?ie=UTF8&reviewerType=all_reviews&pageNumber=56"
"Great learning tool","Each of my three grandchildren old enough to use this tool got it for Christmas. They rave about it and love the idea of using the pencil for their drawings. Great hit.","31 Mar 2021","Size: 32GB Style: WiFi Color: Space Gray","","Yes","RB","5.0","2020 Apple iPad (10.2-inch, Wi-Fi, 32GB) - Space Gray (8th Generation)","https://www.amazon.com/Apple-iPad-10-2-inch-Wi-Fi-32GB/product-reviews/B08J65DST5/ref=cm_cr_dp_d_show_all_btm?ie=UTF8&reviewerType=all_reviews&pageNumber=56"
"Ease of Starting Up","I just had to put the new ipad next to my old one and walah... all done! Great Product.","28 Apr 2021","Size: 32GB Style: WiFi Color: Space Gray","","Yes","Gweman","5.0","2020 Apple iPad (10.2-inch, Wi-Fi, 32GB) - Space Gray (8th Generation)","https://www.amazon.com/Apple-iPad-10-2-inch-Wi-Fi-32GB/product-reviews/B08J65DST5/ref=cm_cr_dp_d_show_all_btm?ie=UTF8&reviewerType=all_reviews&pageNumber=56"
"earphone port problem","I really liked the product and was addicted to it, but just within a month of purchase, the earphone port got damaged. It was working fine the last night, and the next day morning, it suddenly stopped working. I had no option other than to return it back. Anyway, I got a full refund. I don't know when I am going to use my apple pencil, a spare screen protector, and a cover for the 10.2 iPad.","27 Apr 2021","Size: 32GB Style: WiFi Color: Space Gray","","Yes","Aman Shrestha","2.0","2020 Apple iPad (10.2-inch, Wi-Fi, 32GB) - Space Gray (8th Generation)","https://www.amazon.com/Apple-iPad-10-2-inch-Wi-Fi-32GB/product-reviews/B08J65DST5/ref=cm_cr_dp_d_show_all_btm?ie=UTF8&reviewerType=all_reviews&pageNumber=56"
"Great gadget","It’s an iPad. I have had many since they first came on the market. I have taken iPads on all my travels over the last several years. I still marvel at how versatile this machine is.","26 Feb 2021","Size: 32GB Style: WiFi Color: Gold","","Yes","Eron Tworetzky","5.0","2020 Apple iPad (10.2-inch, Wi-Fi, 32GB) - Space Gray (8th Generation)","https://www.amazon.com/Apple-iPad-10-2-inch-Wi-Fi-32GB/product-reviews/B08J65DST5/ref=cm_cr_dp_d_show_all_btm?ie=UTF8&reviewerType=all_reviews&pageNumber=57"
"Love my new IPad","Excellent piece of technology.  What more can I say about Apple products?  Never had an issue.","01 Jan 2021","Size: 32GB Style: WiFi Color: Space Gray","","Yes","Nancyd1970","5.0","2020 Apple iPad (10.2-inch, Wi-Fi, 32GB) - Space Gray (8th Generation)","https://www.amazon.com/Apple-iPad-10-2-inch-Wi-Fi-32GB/product-reviews/B08J65DST5/ref=cm_cr_dp_d_show_all_btm?ie=UTF8&reviewerType=all_reviews&pageNumber=57"
"Not Disappointed—Great Functionality","Not disappointed, much faster than my older 10” tablet, and overall functionality exceeds my expectations! Still exploring some of the options available.","17 Apr 2021","Size: 32GB Style: WiFi Color: Gold","","Yes","Pensters","5.0","2020 Apple iPad (10.2-inch, Wi-Fi, 32GB) - Space Gray (8th Generation)","https://www.amazon.com/Apple-iPad-10-2-inch-Wi-Fi-32GB/product-reviews/B08J65DST5/ref=cm_cr_dp_d_show_all_btm?ie=UTF8&reviewerType=all_reviews&pageNumber=57"
"different","We bought it for my husband's Christmas gift. It is not big different as the old model. But i still APPLE product.","19 Dec 2020","Size: 32GB Style: WiFi Color: Space Gray","","Yes","Sophia","3.0","2020 Apple iPad (10.2-inch, Wi-Fi, 32GB) - Space Gray (8th Generation)","https://www.amazon.com/Apple-iPad-10-2-inch-Wi-Fi-32GB/product-reviews/B08J65DST5/ref=cm_cr_dp_d_show_all_btm?ie=UTF8&reviewerType=all_reviews&pageNumber=57"
"Great Price. Great Purchase","Finally upgraded! My mini was when they first came out. It didn’t even upgrade anymore. Held off until I was able to get one that was reasonable on the wallet. Great purchase. Very happy!","14 Nov 2020","Size: 32GB Style: WiFi Color: Space Gray","https://images-na.ssl-images-amazon.com/images/I/81NTVJQYZkL._SY88.jpg","Yes","Nicole","5.0","2020 Apple iPad (10.2-inch, Wi-Fi, 32GB) - Space Gray (8th Generation)","https://www.amazon.com/Apple-iPad-10-2-inch-Wi-Fi-32GB/product-reviews/B08J65DST5/ref=cm_cr_dp_d_show_all_btm?ie=UTF8&reviewerType=all_reviews&pageNumber=57"
"Great iPad","This iPad was a replacement for my iPad Pro. The new one exceeds everything about the pro.","19 Jan 2021","Size: 32GB Style: WiFi Color: Space Gray","","Yes","Ralph Saperstein","5.0","2020 Apple iPad (10.2-inch, Wi-Fi, 32GB) - Space Gray (8th Generation)","https://www.amazon.com/Apple-iPad-10-2-inch-Wi-Fi-32GB/product-reviews/B08J65DST5/ref=cm_cr_dp_d_show_all_btm?ie=UTF8&reviewerType=all_reviews&pageNumber=57"
"It’s Apple. As good as it gets.","It’s an Apple product. Nothing more needs to be said. You get what you pay for with them.","19 Dec 2020","Size: 32GB Style: WiFi Color: Gold","","Yes","Amazon Customer","5.0","2020 Apple iPad (10.2-inch, Wi-Fi, 32GB) - Space Gray (8th Generation)","https://www.amazon.com/Apple-iPad-10-2-inch-Wi-Fi-32GB/product-reviews/B08J65DST5/ref=cm_cr_dp_d_show_all_btm?ie=UTF8&reviewerType=all_reviews&pageNumber=57"
"Great purchase for the value","Got this IPad for my daughter and she loves it!! Beautiful graphics and fast speed, with a ten hour battery life!  Certainly an improvement!!","21 Nov 2020","Size: 128GB Style: WiFi Color: Silver","","Yes","James C.","5.0","2020 Apple iPad (10.2-inch, Wi-Fi, 32GB) - Space Gray (8th Generation)","https://www.amazon.com/Apple-iPad-10-2-inch-Wi-Fi-32GB/product-reviews/B08J65DST5/ref=cm_cr_dp_d_show_all_btm?ie=UTF8&reviewerType=all_reviews&pageNumber=57"
"Great tool to use for anything you can think of","I bought the iPad as a Christmas present for my boyfriend and he loves it! He’s using it for anything you can imagine and it’s so convenient for his travels. The original package for stolen from my front porch, but after talking to Amazon management, they were so kind and send me another one. It was worth the troubles.","19 Jan 2021","Size: 32GB Style: WiFi Color: Space Gray","","Yes","Rieke","5.0","2020 Apple iPad (10.2-inch, Wi-Fi, 32GB) - Space Gray (8th Generation)","https://www.amazon.com/Apple-iPad-10-2-inch-Wi-Fi-32GB/product-reviews/B08J65DST5/ref=cm_cr_dp_d_show_all_btm?ie=UTF8&reviewerType=all_reviews&pageNumber=57"
"11/10","What is not to love it’s a 8th generation iPad!! Perfect for the price and it was absolutely worth it!","10 Jan 2021","Size: 32GB Style: WiFi Color: Space Gray","","Yes","William Flanagan","5.0","2020 Apple iPad (10.2-inch, Wi-Fi, 32GB) - Space Gray (8th Generation)","https://www.amazon.com/Apple-iPad-10-2-inch-Wi-Fi-32GB/product-reviews/B08J65DST5/ref=cm_cr_dp_d_show_all_btm?ie=UTF8&reviewerType=all_reviews&pageNumber=57"
"Brand new in original packaging.","It came in original packaging wrapped in plastic just as if it came from the Apple store. I took it to the store after I set up and they were able to add Apple care to it just fine. The picture quality is great and I absolutely love it.","19 Mar 2021","Size: 128GB Style: WiFi Color: Space Gray","","Yes","Denise","5.0","2020 Apple iPad (10.2-inch, Wi-Fi, 32GB) - Space Gray (8th Generation)","https://www.amazon.com/Apple-iPad-10-2-inch-Wi-Fi-32GB/product-reviews/B08J65DST5/ref=cm_cr_dp_d_show_all_btm?ie=UTF8&reviewerType=all_reviews&pageNumber=58"
"its an iPad, works like an iPad should.","You buy an iPad, you get an iPad .  it works fine, screen is great, what more can I say.","22 Feb 2021","Size: 32GB Style: WiFi Color: Gold","","Yes","A. Junco","5.0","2020 Apple iPad (10.2-inch, Wi-Fi, 32GB) - Space Gray (8th Generation)","https://www.amazon.com/Apple-iPad-10-2-inch-Wi-Fi-32GB/product-reviews/B08J65DST5/ref=cm_cr_dp_d_show_all_btm?ie=UTF8&reviewerType=all_reviews&pageNumber=58"
"Easy to use....","Great iPad. This is the second one I have purchased. Great features, small and super light weight.","03 Jan 2021","Size: 32GB Style: WiFi Color: Space Gray","","Yes","barb","5.0","2020 Apple iPad (10.2-inch, Wi-Fi, 32GB) - Space Gray (8th Generation)","https://www.amazon.com/Apple-iPad-10-2-inch-Wi-Fi-32GB/product-reviews/B08J65DST5/ref=cm_cr_dp_d_show_all_btm?ie=UTF8&reviewerType=all_reviews&pageNumber=58"
"Nice size .. Nice pad..Happy Customer","Love my IPad..furst Apple product ive ever had.. Use mostly for draing and designing on the go but i love it..","05 Apr 2021","Size: 128GB Style: WiFi Color: Space Gray","","Yes","Sharon","5.0","2020 Apple iPad (10.2-inch, Wi-Fi, 32GB) - Space Gray (8th Generation)","https://www.amazon.com/Apple-iPad-10-2-inch-Wi-Fi-32GB/product-reviews/B08J65DST5/ref=cm_cr_dp_d_show_all_btm?ie=UTF8&reviewerType=all_reviews&pageNumber=58"
"Best value.","There are more expensive iPads with nicer screens. But this handles just like my iPad Pro outside of screen. This is the best value. I like it enough to return my iPad Pro for this one.","12 Feb 2021","Size: 128GB Style: WiFi Color: Silver","","Yes","Carlos a. Hernandez","5.0","2020 Apple iPad (10.2-inch, Wi-Fi, 32GB) - Space Gray (8th Generation)","https://www.amazon.com/Apple-iPad-10-2-inch-Wi-Fi-32GB/product-reviews/B08J65DST5/ref=cm_cr_dp_d_show_all_btm?ie=UTF8&reviewerType=all_reviews&pageNumber=58"
"Easy set up and user friendly","Very nice tablet! Great for gaming, coloring, Pinterest, and much more. Highly recommended","19 Nov 2020","Size: 128GB Style: WiFi Color: Gold","","Yes","buttercup","5.0","2020 Apple iPad (10.2-inch, Wi-Fi, 32GB) - Space Gray (8th Generation)","https://www.amazon.com/Apple-iPad-10-2-inch-Wi-Fi-32GB/product-reviews/B08J65DST5/ref=cm_cr_dp_d_show_all_btm?ie=UTF8&reviewerType=all_reviews&pageNumber=58"
"Satisfied customer","Absolutely impressed. This is my first iPad and I couldn’t be happier. The battery life is great and the picture quality is very clear. It is also light weight so I can carry it to work everyday. I am very satisfied with this purchase.","03 Feb 2021","Size: 128GB Style: WiFi Color: Space Gray","","Yes","Jmurph","5.0","2020 Apple iPad (10.2-inch, Wi-Fi, 32GB) - Space Gray (8th Generation)","https://www.amazon.com/Apple-iPad-10-2-inch-Wi-Fi-32GB/product-reviews/B08J65DST5/ref=cm_cr_dp_d_show_all_btm?ie=UTF8&reviewerType=all_reviews&pageNumber=58"
"Brought this to use procreate","Brought this to use procreate and I do not regret it at all I love this tablet it takes lovely photos and I can face time my family in high resolution","06 Feb 2021","Size: 32GB Style: WiFi Color: Space Gray","https://images-na.ssl-images-amazon.com/images/I/81KanacN68L._SY88.jpg","Yes","Noora","5.0","2020 Apple iPad (10.2-inch, Wi-Fi, 32GB) - Space Gray (8th Generation)","https://www.amazon.com/Apple-iPad-10-2-inch-Wi-Fi-32GB/product-reviews/B08J65DST5/ref=cm_cr_dp_d_show_all_btm?ie=UTF8&reviewerType=all_reviews&pageNumber=58"
"Top Notch Seller","Perfect! You were the only place that had the iPad immediately! Shipping - a day early!","25 Apr 2021","Size: 128GB Style: WiFi Color: Silver","","Yes","Karen A. Mason","5.0","2020 Apple iPad (10.2-inch, Wi-Fi, 32GB) - Space Gray (8th Generation)","https://www.amazon.com/Apple-iPad-10-2-inch-Wi-Fi-32GB/product-reviews/B08J65DST5/ref=cm_cr_dp_d_show_all_btm?ie=UTF8&reviewerType=all_reviews&pageNumber=58"
"Decent price and brand new","Good price. Purchased as a gift for my mother. She likes it so it did the trick. Would recommend","06 Apr 2021","Size: 32GB Style: WiFi Color: Silver","","Yes","Eric","5.0","2020 Apple iPad (10.2-inch, Wi-Fi, 32GB) - Space Gray (8th Generation)","https://www.amazon.com/Apple-iPad-10-2-inch-Wi-Fi-32GB/product-reviews/B08J65DST5/ref=cm_cr_dp_d_show_all_btm?ie=UTF8&reviewerType=all_reviews&pageNumber=58"
"Helpful in college","It’s authentic it works. I got it for nursing school and it’s helped me so much with studying and being organized.","22 Apr 2021","Size: 32GB Style: WiFi Color: Gold","","Yes","Mia Caperton","5.0","2020 Apple iPad (10.2-inch, Wi-Fi, 32GB) - Space Gray (8th Generation)","https://www.amazon.com/Apple-iPad-10-2-inch-Wi-Fi-32GB/product-reviews/B08J65DST5/ref=cm_cr_dp_d_show_all_btm?ie=UTF8&reviewerType=all_reviews&pageNumber=59"
"Damage,heating up to fast.","The only problem was,the IPad got very hot within about 5-mins.I had to return the item.","12 Jan 2021","Size: 128GB Style: WiFi Color: Space Gray","","Yes","Gert","1.0","2020 Apple iPad (10.2-inch, Wi-Fi, 32GB) - Space Gray (8th Generation)","https://www.amazon.com/Apple-iPad-10-2-inch-Wi-Fi-32GB/product-reviews/B08J65DST5/ref=cm_cr_dp_d_show_all_btm?ie=UTF8&reviewerType=all_reviews&pageNumber=59"
"screen","The only difference I have noticed between this item and an iPad Pro is that the screen of this item is hard when you use the apple pencil to write, while the iPad Pro's screen is softer and thus more comfortable to write on. Otherwise, it's a great product.","08 Apr 2021","Size: 32GB Style: WiFi Color: Space Gray","","Yes","Lan","4.0","2020 Apple iPad (10.2-inch, Wi-Fi, 32GB) - Space Gray (8th Generation)","https://www.amazon.com/Apple-iPad-10-2-inch-Wi-Fi-32GB/product-reviews/B08J65DST5/ref=cm_cr_dp_d_show_all_btm?ie=UTF8&reviewerType=all_reviews&pageNumber=59"
"It's nice","First one I have ever had . Still getting used to it. But so far I like it.","23 Nov 2020","Size: 32GB Style: WiFi Color: Gold","","Yes","Julia M.James","5.0","2020 Apple iPad (10.2-inch, Wi-Fi, 32GB) - Space Gray (8th Generation)","https://www.amazon.com/Apple-iPad-10-2-inch-Wi-Fi-32GB/product-reviews/B08J65DST5/ref=cm_cr_dp_d_show_all_btm?ie=UTF8&reviewerType=all_reviews&pageNumber=59"
"Big display","What a Tablet ! Omg very very good sound. Can’t go wrong with Apple products . Very satisfied. The display is big enough and it’s just perfect.","12 Dec 2020","Size: 32GB Style: WiFi Color: Gold","","Yes","Ericka","5.0","2020 Apple iPad (10.2-inch, Wi-Fi, 32GB) - Space Gray (8th Generation)","https://www.amazon.com/Apple-iPad-10-2-inch-Wi-Fi-32GB/product-reviews/B08J65DST5/ref=cm_cr_dp_d_show_all_btm?ie=UTF8&reviewerType=all_reviews&pageNumber=59"
"iPad","It's an iPad and it works just l like the old one that I was no longer able to update the operating system.","01 Feb 2021","Size: 32GB Style: WiFi Color: Gold","","Yes","J. D.","5.0","2020 Apple iPad (10.2-inch, Wi-Fi, 32GB) - Space Gray (8th Generation)","https://www.amazon.com/Apple-iPad-10-2-inch-Wi-Fi-32GB/product-reviews/B08J65DST5/ref=cm_cr_dp_d_show_all_btm?ie=UTF8&reviewerType=all_reviews&pageNumber=59"
"I love my Apple iPad.","I like the ease of use The battery life is great I also love the big screen makes it easy to read my books.","02 Jan 2021","Size: 32GB Style: WiFi Color: Space Gray","","Yes","Kindle Customer","5.0","2020 Apple iPad (10.2-inch, Wi-Fi, 32GB) - Space Gray (8th Generation)","https://www.amazon.com/Apple-iPad-10-2-inch-Wi-Fi-32GB/product-reviews/B08J65DST5/ref=cm_cr_dp_d_show_all_btm?ie=UTF8&reviewerType=all_reviews&pageNumber=59"
"Good Value","My granddaughter loves it. Easy to use and in this pandemic time, great for her to use for school.","26 Jan 2021","Size: 128GB Style: WiFi Color: Silver","","Yes","Sheila Baker","4.0","2020 Apple iPad (10.2-inch, Wi-Fi, 32GB) - Space Gray (8th Generation)","https://www.amazon.com/Apple-iPad-10-2-inch-Wi-Fi-32GB/product-reviews/B08J65DST5/ref=cm_cr_dp_d_show_all_btm?ie=UTF8&reviewerType=all_reviews&pageNumber=59"
"Awesome as always","Was given as a gift but gonna assume it performs as well as any other Apple product.","08 May 2021","Size: 32GB Style: WiFi Color: Silver","","Yes","Robbo","5.0","2020 Apple iPad (10.2-inch, Wi-Fi, 32GB) - Space Gray (8th Generation)","https://www.amazon.com/Apple-iPad-10-2-inch-Wi-Fi-32GB/product-reviews/B08J65DST5/ref=cm_cr_dp_d_show_all_btm?ie=UTF8&reviewerType=all_reviews&pageNumber=59"
"Easy setup","Great I pad! Thin! A version of my phone but larger! Easy setup with I phone nearby!","02 Nov 2020","Size: 32GB Style: WiFi Color: Space Gray","","Yes","DAVID JOHNSON","5.0","2020 Apple iPad (10.2-inch, Wi-Fi, 32GB) - Space Gray (8th Generation)","https://www.amazon.com/Apple-iPad-10-2-inch-Wi-Fi-32GB/product-reviews/B08J65DST5/ref=cm_cr_dp_d_show_all_btm?ie=UTF8&reviewerType=all_reviews&pageNumber=59"
"Great value for the money","Your browser does not support HTML5 video. I was at first Skeptical about buying this iPad on Amazon. But I am happy that I made this choice, this iPad runs amazing and it comes brand new.","11 Nov 2020","Size: 32GB Style: WiFi Color: Gold","","Yes","Victoria Martinez","5.0","2020 Apple iPad (10.2-inch, Wi-Fi, 32GB) - Space Gray (8th Generation)","https://www.amazon.com/Apple-iPad-10-2-inch-Wi-Fi-32GB/product-reviews/B08J65DST5/ref=cm_cr_dp_d_show_all_btm?ie=UTF8&reviewerType=all_reviews&pageNumber=60"
"La amo cada día más","He tenido muchas tablets, pero sin duda esta ha sido la mejor ! Calidad , precio , rendimiento 10/10","25 Feb 2021","Size: 32GB Style: WiFi Color: Gold","","Yes","Antonio de la Vega","5.0","2020 Apple iPad (10.2-inch, Wi-Fi, 32GB) - Space Gray (8th Generation)","https://www.amazon.com/Apple-iPad-10-2-inch-Wi-Fi-32GB/product-reviews/B08J65DST5/ref=cm_cr_dp_d_show_all_btm?ie=UTF8&reviewerType=all_reviews&pageNumber=60"
"Awesome","iPad works perfect for my daily routine stuff. I own every model since it came out and love them all. They all still work. The new one runs much faster.","03 Jun 2021","Size: 128GB Style: WiFi Color: Space Gray","","Yes","Keith Giroir","5.0","2020 Apple iPad (10.2-inch, Wi-Fi, 32GB) - Space Gray (8th Generation)","https://www.amazon.com/Apple-iPad-10-2-inch-Wi-Fi-32GB/product-reviews/B08J65DST5/ref=cm_cr_dp_d_show_all_btm?ie=UTF8&reviewerType=all_reviews&pageNumber=60"
"no instructions","very hard to set up, on line instructions only, no earphones. too much money for what you get","06 Dec 2020","Size: 32GB Style: WiFi + Cellular Color: Space Gray","","Yes","sjs","4.0","2020 Apple iPad (10.2-inch, Wi-Fi, 32GB) - Space Gray (8th Generation)","https://www.amazon.com/Apple-iPad-10-2-inch-Wi-Fi-32GB/product-reviews/B08J65DST5/ref=cm_cr_dp_d_show_all_btm?ie=UTF8&reviewerType=all_reviews&pageNumber=60"
"Perfect","My mother needed an upgrade. The price matched other Black Friday deals. It is what we wanted.","21 Dec 2020","Size: 128GB Style: WiFi Color: Space Gray","","Yes","JennaDLadybug","5.0","2020 Apple iPad (10.2-inch, Wi-Fi, 32GB) - Space Gray (8th Generation)","https://www.amazon.com/Apple-iPad-10-2-inch-Wi-Fi-32GB/product-reviews/B08J65DST5/ref=cm_cr_dp_d_show_all_btm?ie=UTF8&reviewerType=all_reviews&pageNumber=60"
"Great buy","I really like my new iPad.  The picture is fabulous!  Very easy to work.  Love it!","10 Feb 2021","Size: 32GB Style: WiFi Color: Space Gray","","Yes","Mary Ann Marsh","5.0","2020 Apple iPad (10.2-inch, Wi-Fi, 32GB) - Space Gray (8th Generation)","https://www.amazon.com/Apple-iPad-10-2-inch-Wi-Fi-32GB/product-reviews/B08J65DST5/ref=cm_cr_dp_d_show_all_btm?ie=UTF8&reviewerType=all_reviews&pageNumber=60"
"Love my iPad 8","Love my iPad 8. Was easy to set up had to call apple about a few issues but they were great.","27 Dec 2020","Size: 32GB Style: WiFi Color: Silver","","Yes","Kindle Customerbon","5.0","2020 Apple iPad (10.2-inch, Wi-Fi, 32GB) - Space Gray (8th Generation)","https://www.amazon.com/Apple-iPad-10-2-inch-Wi-Fi-32GB/product-reviews/B08J65DST5/ref=cm_cr_dp_d_show_all_btm?ie=UTF8&reviewerType=all_reviews&pageNumber=60"
"The iPad Glitches","My son used this for online classes and it started to glitch after 2 months.  It doesn’t work anymore.","04 Mar 2021","Size: 32GB Style: WiFi Color: Space Gray","","Yes","Jamada Simmons","1.0","2020 Apple iPad (10.2-inch, Wi-Fi, 32GB) - Space Gray (8th Generation)","https://www.amazon.com/Apple-iPad-10-2-inch-Wi-Fi-32GB/product-reviews/B08J65DST5/ref=cm_cr_dp_d_show_all_btm?ie=UTF8&reviewerType=all_reviews&pageNumber=60"
"Nice iPad","Nice iPad. I bought it because my older one had too many apps that were unsupported. Mainly use it for watching videos and it’s great.","14 Mar 2021","Size: 32GB Style: WiFi Color: Space Gray","","Yes","Kenan_conan04","5.0","2020 Apple iPad (10.2-inch, Wi-Fi, 32GB) - Space Gray (8th Generation)","https://www.amazon.com/Apple-iPad-10-2-inch-Wi-Fi-32GB/product-reviews/B08J65DST5/ref=cm_cr_dp_d_show_all_btm?ie=UTF8&reviewerType=all_reviews&pageNumber=60"
"Just what I needed.","I needed an updated model to keep up with my organizational duties.  The iPad is easy to use so it was a seamless transition.","05 Dec 2020","Size: 32GB Style: WiFi Color: Space Gray","","Yes","Colleen","5.0","2020 Apple iPad (10.2-inch, Wi-Fi, 32GB) - Space Gray (8th Generation)","https://www.amazon.com/Apple-iPad-10-2-inch-Wi-Fi-32GB/product-reviews/B08J65DST5/ref=cm_cr_dp_d_show_all_btm?ie=UTF8&reviewerType=all_reviews&pageNumber=60"
"Teen daughter loves it","Bought it for my teen daughter along with an apple pencil and she loves them both!","31 Dec 2020","Size: 128GB Style: WiFi Color: Gold","","Yes","Paul K.","5.0","2020 Apple iPad (10.2-inch, Wi-Fi, 32GB) - Space Gray (8th Generation)","https://www.amazon.com/Apple-iPad-10-2-inch-Wi-Fi-32GB/product-reviews/B08J65DST5/ref=cm_cr_dp_d_show_all_btm?ie=UTF8&reviewerType=all_reviews&pageNumber=61"
"Awesome","The best of the best. I got a better price on here than if I bought it through Apple.","13 Feb 2021","Size: 128GB Style: WiFi Color: Gold","","Yes","Jared S.","5.0","2020 Apple iPad (10.2-inch, Wi-Fi, 32GB) - Space Gray (8th Generation)","https://www.amazon.com/Apple-iPad-10-2-inch-Wi-Fi-32GB/product-reviews/B08J65DST5/ref=cm_cr_dp_d_show_all_btm?ie=UTF8&reviewerType=all_reviews&pageNumber=61"
"My wife loves it!","Its a great product but takes awhile to learn to use it.  I gave this as a gift to my wife for Xmas and she loves it but has still learning how to use it.  Should have came with a beginners guide.","26 Jan 2021","Size: 128GB Style: WiFi Color: Space Gray","","Yes","James","4.0","2020 Apple iPad (10.2-inch, Wi-Fi, 32GB) - Space Gray (8th Generation)","https://www.amazon.com/Apple-iPad-10-2-inch-Wi-Fi-32GB/product-reviews/B08J65DST5/ref=cm_cr_dp_d_show_all_btm?ie=UTF8&reviewerType=all_reviews&pageNumber=61"
"iPad is mine now","A newer iPad is what I needed a good battery life nice screen good color and I bought it on sale","30 Nov 2020","Size: 32GB Style: WiFi Color: Space Gray","","Yes","john becker","5.0","2020 Apple iPad (10.2-inch, Wi-Fi, 32GB) - Space Gray (8th Generation)","https://www.amazon.com/Apple-iPad-10-2-inch-Wi-Fi-32GB/product-reviews/B08J65DST5/ref=cm_cr_dp_d_show_all_btm?ie=UTF8&reviewerType=all_reviews&pageNumber=61"
"APPLE IS AMAZING!!","AMAZING!!! APPLE CAN DO NO WRONG!!","06 Nov 2020","Size: 128GB Style: WiFi Color: Space Gray","","Yes","Mercy Johnson","5.0","2020 Apple iPad (10.2-inch, Wi-Fi, 32GB) - Space Gray (8th Generation)","https://www.amazon.com/Apple-iPad-10-2-inch-Wi-Fi-32GB/product-reviews/B08J65DST5/ref=cm_cr_dp_d_show_all_btm?ie=UTF8&reviewerType=all_reviews&pageNumber=61"
"So much faster than my wife's older iPad","This iPad is lighter and faster than my wife's old iPad. She absolutely loves it!","18 Mar 2021","Size: 128GB Style: WiFi Color: Silver","","Yes","Plasmajam","5.0","2020 Apple iPad (10.2-inch, Wi-Fi, 32GB) - Space Gray (8th Generation)","https://www.amazon.com/Apple-iPad-10-2-inch-Wi-Fi-32GB/product-reviews/B08J65DST5/ref=cm_cr_dp_d_show_all_btm?ie=UTF8&reviewerType=all_reviews&pageNumber=61"
"Best notepad","Hands down, the best test notepad built in an Asian sweat shop with slave labor.","12 Mar 2021","Size: 128GB Style: WiFi Color: Space Gray","","Yes","Michael45","3.0","2020 Apple iPad (10.2-inch, Wi-Fi, 32GB) - Space Gray (8th Generation)","https://www.amazon.com/Apple-iPad-10-2-inch-Wi-Fi-32GB/product-reviews/B08J65DST5/ref=cm_cr_dp_d_show_all_btm?ie=UTF8&reviewerType=all_reviews&pageNumber=61"
"Need an instruction book","I am one of the dummies who needs an instruction book, probably over time will learn","07 Dec 2020","Size: 128GB Style: WiFi Color: Silver","","Yes","Fong-Lie","4.0","2020 Apple iPad (10.2-inch, Wi-Fi, 32GB) - Space Gray (8th Generation)","https://www.amazon.com/Apple-iPad-10-2-inch-Wi-Fi-32GB/product-reviews/B08J65DST5/ref=cm_cr_dp_d_show_all_btm?ie=UTF8&reviewerType=all_reviews&pageNumber=61"
"In love with this iPad","Love love love this. It’s perfect size and has a wonderful screen resolution. Works just like an iPhone or apple computer. Touch screen is very easy to use. You barely have to touch it and it clicks on what you want. Definitely recommend this product.","03 Feb 2021","Size: 32GB Style: WiFi Color: Space Gray","","Yes","Tori","5.0","2020 Apple iPad (10.2-inch, Wi-Fi, 32GB) - Space Gray (8th Generation)","https://www.amazon.com/Apple-iPad-10-2-inch-Wi-Fi-32GB/product-reviews/B08J65DST5/ref=cm_cr_dp_d_show_all_btm?ie=UTF8&reviewerType=all_reviews&pageNumber=61"
"Best price","$20 cheaper than the BEST price you can find out there for this Gen 8.Came fast","22 Jan 2021","Size: 32GB Style: WiFi Color: Gold","","Yes","AWB","5.0","2020 Apple iPad (10.2-inch, Wi-Fi, 32GB) - Space Gray (8th Generation)","https://www.amazon.com/Apple-iPad-10-2-inch-Wi-Fi-32GB/product-reviews/B08J65DST5/ref=cm_cr_dp_d_show_all_btm?ie=UTF8&reviewerType=all_reviews&pageNumber=61"
"Works perfect for square","I tried to buy this 2 times. Never arrived. The third time… is here. I bought for square, works perfect","07 Jun 2021","Size: 128GB Style: WiFi Color: Gold","","Yes","Virginia","5.0","2020 Apple iPad (10.2-inch, Wi-Fi, 32GB) - Space Gray (8th Generation)","https://www.amazon.com/Apple-iPad-10-2-inch-Wi-Fi-32GB/product-reviews/B08J65DST5/ref=cm_cr_dp_d_show_all_btm?ie=UTF8&reviewerType=all_reviews&pageNumber=62"
"More Responsive Than Ipad Gen 7","I bought the Ipad Gen 7 last year and I noticed the performance was sluggish.  When Apple announced the Ipad Gen 8, I went to the Apple store to try it out and I liked it.  Luckily, I found a buyer for my old unit and purchased this one.","12 Nov 2020","Size: 32GB Style: WiFi Color: Gold","","Yes","Henry","5.0","2020 Apple iPad (10.2-inch, Wi-Fi, 32GB) - Space Gray (8th Generation)","https://www.amazon.com/Apple-iPad-10-2-inch-Wi-Fi-32GB/product-reviews/B08J65DST5/ref=cm_cr_dp_d_show_all_btm?ie=UTF8&reviewerType=all_reviews&pageNumber=62"
"Love the size","The size is perfect and just what I wanted. Battery life has been great so far","29 Dec 2020","Size: 128GB Style: WiFi Color: Space Gray","","Yes","Britt","5.0","2020 Apple iPad (10.2-inch, Wi-Fi, 32GB) - Space Gray (8th Generation)","https://www.amazon.com/Apple-iPad-10-2-inch-Wi-Fi-32GB/product-reviews/B08J65DST5/ref=cm_cr_dp_d_show_all_btm?ie=UTF8&reviewerType=all_reviews&pageNumber=62"
"Awesome for price","If you like watching movies/shows it’s great, battery life lasted me week speakers sound Amazing for what it is. Highly Recommend!","19 May 2021","Size: 32GB Style: WiFi Color: Space Gray","","Yes","Jesus Cruz","5.0","2020 Apple iPad (10.2-inch, Wi-Fi, 32GB) - Space Gray (8th Generation)","https://www.amazon.com/Apple-iPad-10-2-inch-Wi-Fi-32GB/product-reviews/B08J65DST5/ref=cm_cr_dp_d_show_all_btm?ie=UTF8&reviewerType=all_reviews&pageNumber=62"
"Love it","I bought this for my daughter, and it is perfect! She loves it and I love it. Suoer easy to use.","16 Jan 2021","Size: 32GB Style: WiFi Color: Gold","","Yes","Tara Eldridge","5.0","2020 Apple iPad (10.2-inch, Wi-Fi, 32GB) - Space Gray (8th Generation)","https://www.amazon.com/Apple-iPad-10-2-inch-Wi-Fi-32GB/product-reviews/B08J65DST5/ref=cm_cr_dp_d_show_all_btm?ie=UTF8&reviewerType=all_reviews&pageNumber=62"
"Eighth generation","This iPad was delivered much sooner than expected, and is so easy to use I have been using it every day!","07 Dec 2020","Size: 32GB Style: WiFi Color: Gold","","Yes","Beth J.","5.0","2020 Apple iPad (10.2-inch, Wi-Fi, 32GB) - Space Gray (8th Generation)","https://www.amazon.com/Apple-iPad-10-2-inch-Wi-Fi-32GB/product-reviews/B08J65DST5/ref=cm_cr_dp_d_show_all_btm?ie=UTF8&reviewerType=all_reviews&pageNumber=62"
"Highly recommend,  quick delivery, good price.","New Apple device, ‘nuf said.  Pricey worth the cost.  High quality.  Received very quickly, relatively good price for a new iPad.","26 Mar 2021","Size: 128GB Style: WiFi Color: Space Gray","","Yes","J. Brown","5.0","2020 Apple iPad (10.2-inch, Wi-Fi, 32GB) - Space Gray (8th Generation)","https://www.amazon.com/Apple-iPad-10-2-inch-Wi-Fi-32GB/product-reviews/B08J65DST5/ref=cm_cr_dp_d_show_all_btm?ie=UTF8&reviewerType=all_reviews&pageNumber=62"
"Works well, fast and great screen size.","Fast delivery, Arrived early. Brand New just as described. ipad works well, I have no complaints.","09 Feb 2021","Size: 128GB Style: WiFi Color: Space Gray","","Yes","DAMIAN HARGRETT","5.0","2020 Apple iPad (10.2-inch, Wi-Fi, 32GB) - Space Gray (8th Generation)","https://www.amazon.com/Apple-iPad-10-2-inch-Wi-Fi-32GB/product-reviews/B08J65DST5/ref=cm_cr_dp_d_show_all_btm?ie=UTF8&reviewerType=all_reviews&pageNumber=62"
"My first IPad","Works perfect and was in brand new packaging what else is there to say really","19 May 2021","Size: 32GB Style: WiFi Color: Space Gray","","Yes","R.H.","5.0","2020 Apple iPad (10.2-inch, Wi-Fi, 32GB) - Space Gray (8th Generation)","https://www.amazon.com/Apple-iPad-10-2-inch-Wi-Fi-32GB/product-reviews/B08J65DST5/ref=cm_cr_dp_d_show_all_btm?ie=UTF8&reviewerType=all_reviews&pageNumber=62"
"Great for the money","At this point, everyone knows what an iPad does. This version does the same thing better and cheaper.","29 Oct 2020","Size: 32GB Style: WiFi Color: Space Gray","","Yes","Brandon Hicks","5.0","2020 Apple iPad (10.2-inch, Wi-Fi, 32GB) - Space Gray (8th Generation)","https://www.amazon.com/Apple-iPad-10-2-inch-Wi-Fi-32GB/product-reviews/B08J65DST5/ref=cm_cr_dp_d_show_all_btm?ie=UTF8&reviewerType=all_reviews&pageNumber=62"
"2020 Apple IPad a great reliable product","A great product, the latest iPad I’ve purchased. Retains the Apple quality features.","11 May 2021","Size: 32GB Style: WiFi Color: Space Gray","","Yes","Dave, Carrollton, TX","5.0","2020 Apple iPad (10.2-inch, Wi-Fi, 32GB) - Space Gray (8th Generation)","https://www.amazon.com/Apple-iPad-10-2-inch-Wi-Fi-32GB/product-reviews/B08J65DST5/ref=cm_cr_dp_d_show_all_btm?ie=UTF8&reviewerType=all_reviews&pageNumber=63"
"Great iPad for the money","Does all of what older model did and more. Bluetooth capabilities are great.","26 Oct 2020","Size: 128GB Style: WiFi Color: Space Gray","","Yes","Dennis76nyc","5.0","2020 Apple iPad (10.2-inch, Wi-Fi, 32GB) - Space Gray (8th Generation)","https://www.amazon.com/Apple-iPad-10-2-inch-Wi-Fi-32GB/product-reviews/B08J65DST5/ref=cm_cr_dp_d_show_all_btm?ie=UTF8&reviewerType=all_reviews&pageNumber=63"
"New","Wow This is such a great deal for the price . Teen daughter super happy","23 Jan 2021","Size: 32GB Style: WiFi Color: Space Gray","","Yes","Apostol Family","5.0","2020 Apple iPad (10.2-inch, Wi-Fi, 32GB) - Space Gray (8th Generation)","https://www.amazon.com/Apple-iPad-10-2-inch-Wi-Fi-32GB/product-reviews/B08J65DST5/ref=cm_cr_dp_d_show_all_btm?ie=UTF8&reviewerType=all_reviews&pageNumber=63"
"Great IPad for general use","I bought the WiFi version because it is slated for home use only. For general use it can’t be beat. Good price for a current version.","13 Nov 2020","Size: 128GB Style: WiFi Color: Space Gray","","Yes","Ron Metheny","5.0","2020 Apple iPad (10.2-inch, Wi-Fi, 32GB) - Space Gray (8th Generation)","https://www.amazon.com/Apple-iPad-10-2-inch-Wi-Fi-32GB/product-reviews/B08J65DST5/ref=cm_cr_dp_d_show_all_btm?ie=UTF8&reviewerType=all_reviews&pageNumber=63"
"Economy friendly","This is a great ipad. Can't beat the price! Also came with Apple t.v and apple games for 3 months tv","01 Jun 2021","Size: 32GB Style: WiFi Color: Space Gray","","Yes","Jen w","5.0","2020 Apple iPad (10.2-inch, Wi-Fi, 32GB) - Space Gray (8th Generation)","https://www.amazon.com/Apple-iPad-10-2-inch-Wi-Fi-32GB/product-reviews/B08J65DST5/ref=cm_cr_dp_d_show_all_btm?ie=UTF8&reviewerType=all_reviews&pageNumber=63"
"Lost items in transferring from old I-pad","Unfortunately lost lots of items transferring from previous I-pad, otherwise would have rated higher","03 Mar 2021","Size: 32GB Style: WiFi Color: Space Gray","","Yes","Barb H","1.0","2020 Apple iPad (10.2-inch, Wi-Fi, 32GB) - Space Gray (8th Generation)","https://www.amazon.com/Apple-iPad-10-2-inch-Wi-Fi-32GB/product-reviews/B08J65DST5/ref=cm_cr_dp_d_show_all_btm?ie=UTF8&reviewerType=all_reviews&pageNumber=63"
"Great Value","Great value for genuine Apple product. Check various colors for best price!","22 Oct 2020","Size: 32GB Style: WiFi Color: Space Gray","","Yes","DIY","5.0","2020 Apple iPad (10.2-inch, Wi-Fi, 32GB) - Space Gray (8th Generation)","https://www.amazon.com/Apple-iPad-10-2-inch-Wi-Fi-32GB/product-reviews/B08J65DST5/ref=cm_cr_dp_d_show_all_btm?ie=UTF8&reviewerType=all_reviews&pageNumber=63"
"Great Ipad","I have bought four ipads in the last 2 years and they've all been excellent","26 Feb 2021","Size: 32GB Style: WiFi Color: Silver","","Yes","Loyd Broyles","5.0","2020 Apple iPad (10.2-inch, Wi-Fi, 32GB) - Space Gray (8th Generation)","https://www.amazon.com/Apple-iPad-10-2-inch-Wi-Fi-32GB/product-reviews/B08J65DST5/ref=cm_cr_dp_d_show_all_btm?ie=UTF8&reviewerType=all_reviews&pageNumber=63"
"Worth its money but battery life gets worse the more it’s used.","It’s an iPad I guess. Better than those android tablets that keep crashing.","21 May 2021","Size: 128GB Style: WiFi Color: Silver","","Yes","Jay","5.0","2020 Apple iPad (10.2-inch, Wi-Fi, 32GB) - Space Gray (8th Generation)","https://www.amazon.com/Apple-iPad-10-2-inch-Wi-Fi-32GB/product-reviews/B08J65DST5/ref=cm_cr_dp_d_show_all_btm?ie=UTF8&reviewerType=all_reviews&pageNumber=63"
"Pretty impressive","I got grounded for a little based on grades, and this sat in my grandmas closet for 2 months without dying. Oh and the screen quality and picture quality are great for art.","23 Feb 2021","Size: 128GB Style: WiFi Color: Gold","","Yes","Tanner","5.0","2020 Apple iPad (10.2-inch, Wi-Fi, 32GB) - Space Gray (8th Generation)","https://www.amazon.com/Apple-iPad-10-2-inch-Wi-Fi-32GB/product-reviews/B08J65DST5/ref=cm_cr_dp_d_show_all_btm?ie=UTF8&reviewerType=all_reviews&pageNumber=63"
"A must iPad","Great ipad! Good for media consumption and has all the tools you need for creative.","26 Jan 2021","Size: 32GB Style: WiFi Color: Space Gray","","Yes","John Elite","5.0","2020 Apple iPad (10.2-inch, Wi-Fi, 32GB) - Space Gray (8th Generation)","https://www.amazon.com/Apple-iPad-10-2-inch-Wi-Fi-32GB/product-reviews/B08J65DST5/ref=cm_cr_dp_d_show_all_btm?ie=UTF8&reviewerType=all_reviews&pageNumber=64"
"Son Loves it!","My son upgraded from the mini to this! HUUUUUGE difference! Battery now lasts all day! Best tablet hands down!","22 Feb 2021","Size: 32GB Style: WiFi Color: Space Gray","","Yes","Andrepsvieira","5.0","2020 Apple iPad (10.2-inch, Wi-Fi, 32GB) - Space Gray (8th Generation)","https://www.amazon.com/Apple-iPad-10-2-inch-Wi-Fi-32GB/product-reviews/B08J65DST5/ref=cm_cr_dp_d_show_all_btm?ie=UTF8&reviewerType=all_reviews&pageNumber=64"
"Wife is happy.","Wife is happy since I broke her smaller one trying to replace the battery.","10 Dec 2020","Size: 128GB Style: WiFi Color: Silver","","Yes","joey boy","5.0","2020 Apple iPad (10.2-inch, Wi-Fi, 32GB) - Space Gray (8th Generation)","https://www.amazon.com/Apple-iPad-10-2-inch-Wi-Fi-32GB/product-reviews/B08J65DST5/ref=cm_cr_dp_d_show_all_btm?ie=UTF8&reviewerType=all_reviews&pageNumber=64"
"Great Quality","This was a replacement for an old I pad like all Apple products top notch.","17 Feb 2021","Size: 32GB Style: WiFi Color: Space Gray","","Yes","judd in illinois.","5.0","2020 Apple iPad (10.2-inch, Wi-Fi, 32GB) - Space Gray (8th Generation)","https://www.amazon.com/Apple-iPad-10-2-inch-Wi-Fi-32GB/product-reviews/B08J65DST5/ref=cm_cr_dp_d_show_all_btm?ie=UTF8&reviewerType=all_reviews&pageNumber=64"
"Arrived Broken","I had the IPAD for a whole day and it was broken! I had to take it to the Apple store and they couldn’t figure out what what wrong with it!","21 May 2021","Size: 128GB Style: WiFi Color: Gold","","Yes","Yo Lewis","1.0","2020 Apple iPad (10.2-inch, Wi-Fi, 32GB) - Space Gray (8th Generation)","https://www.amazon.com/Apple-iPad-10-2-inch-Wi-Fi-32GB/product-reviews/B08J65DST5/ref=cm_cr_dp_d_show_all_btm?ie=UTF8&reviewerType=all_reviews&pageNumber=64"
"Great gift for 14 yr old artist","Daughter loves it. Got for her 14th birthday. Everything was as expected.","02 Dec 2020","Size: 32GB Style: WiFi Color: Space Gray","","Yes","DarthUnderhill","5.0","2020 Apple iPad (10.2-inch, Wi-Fi, 32GB) - Space Gray (8th Generation)","https://www.amazon.com/Apple-iPad-10-2-inch-Wi-Fi-32GB/product-reviews/B08J65DST5/ref=cm_cr_dp_d_show_all_btm?ie=UTF8&reviewerType=all_reviews&pageNumber=64"
"Very quick response on all activities.","I was surprised at the update on gen 8, it completely updated all features on the iPad. Very satisfied.","15 Jan 2021","Size: 32GB Style: WiFi Color: Space Gray","","Yes","Dadeo","5.0","2020 Apple iPad (10.2-inch, Wi-Fi, 32GB) - Space Gray (8th Generation)","https://www.amazon.com/Apple-iPad-10-2-inch-Wi-Fi-32GB/product-reviews/B08J65DST5/ref=cm_cr_dp_d_show_all_btm?ie=UTF8&reviewerType=all_reviews&pageNumber=64"
"Got what we wanted.","This item was a gift for my fiancee and it's everything she was looking for. She primarily uses it for drawing art and tattooing. Her and my daughter both love it. Screen quality and battery life and are excellent, no complaints. The touch screen is very responsive, excellent product.","01 Jun 2021","Size: 32GB Style: WiFi Color: Gold","","Yes","Joshua Maffe","5.0","2020 Apple iPad (10.2-inch, Wi-Fi, 32GB) - Space Gray (8th Generation)","https://www.amazon.com/Apple-iPad-10-2-inch-Wi-Fi-32GB/product-reviews/B08J65DST5/ref=cm_cr_dp_d_show_all_btm?ie=UTF8&reviewerType=all_reviews&pageNumber=64"
"New and ready to roll.","Love it! Brand new sealed. Works great and the 10in screen was just the right size for my 10yr old.","02 Dec 2020","Size: 32GB Style: WiFi Color: Space Gray","","Yes","Rachel","5.0","2020 Apple iPad (10.2-inch, Wi-Fi, 32GB) - Space Gray (8th Generation)","https://www.amazon.com/Apple-iPad-10-2-inch-Wi-Fi-32GB/product-reviews/B08J65DST5/ref=cm_cr_dp_d_show_all_btm?ie=UTF8&reviewerType=all_reviews&pageNumber=64"
"Average iPad","About what I expected for the price.  Average for an iPad in my opinion.","01 Feb 2021","Size: 32GB Style: WiFi Color: Space Gray","","Yes","GBean","3.0","2020 Apple iPad (10.2-inch, Wi-Fi, 32GB) - Space Gray (8th Generation)","https://www.amazon.com/Apple-iPad-10-2-inch-Wi-Fi-32GB/product-reviews/B08J65DST5/ref=cm_cr_dp_d_show_all_btm?ie=UTF8&reviewerType=all_reviews&pageNumber=64"
"Amazing","Bought it as a gift and the person loved it! Still working like a champ!","16 May 2021","Size: 32GB Style: WiFi Color: Gold","","Yes","Quan","5.0","2020 Apple iPad (10.2-inch, Wi-Fi, 32GB) - Space Gray (8th Generation)","https://www.amazon.com/Apple-iPad-10-2-inch-Wi-Fi-32GB/product-reviews/B08J65DST5/ref=cm_cr_dp_d_show_all_btm?ie=UTF8&reviewerType=all_reviews&pageNumber=65"
"Worth the price!","I love how big it is! And the battery last a very long time. So glad I bought it.","12 Nov 2020","Size: 128GB Style: WiFi Color: Gold","https://images-na.ssl-images-amazon.com/images/I/61KeXj6vgSL._SY88.jpg
https://images-na.ssl-images-amazon.com/images/I/71yl0qxqfxL._SY88.jpg","Yes","Karina","5.0","2020 Apple iPad (10.2-inch, Wi-Fi, 32GB) - Space Gray (8th Generation)","https://www.amazon.com/Apple-iPad-10-2-inch-Wi-Fi-32GB/product-reviews/B08J65DST5/ref=cm_cr_dp_d_show_all_btm?ie=UTF8&reviewerType=all_reviews&pageNumber=65"
"Great for watching videos and surfing the web!","Got it for my wife on Mother's Day. It was time for a replacement. She loves it!","07 Jun 2021","Size: 128GB Style: WiFi Color: Space Gray","","Yes","Michael S. Forsberg","5.0","2020 Apple iPad (10.2-inch, Wi-Fi, 32GB) - Space Gray (8th Generation)","https://www.amazon.com/Apple-iPad-10-2-inch-Wi-Fi-32GB/product-reviews/B08J65DST5/ref=cm_cr_dp_d_show_all_btm?ie=UTF8&reviewerType=all_reviews&pageNumber=65"
"Love my ipad","I love my iPad it is easy to use and light weight  it is easy to set up","04 Nov 2020","Size: 128GB Style: WiFi Color: Space Gray","","Yes","Kindle Customer","5.0","2020 Apple iPad (10.2-inch, Wi-Fi, 32GB) - Space Gray (8th Generation)","https://www.amazon.com/Apple-iPad-10-2-inch-Wi-Fi-32GB/product-reviews/B08J65DST5/ref=cm_cr_dp_d_show_all_btm?ie=UTF8&reviewerType=all_reviews&pageNumber=65"
"First apple ipad","What took me so long to transition away from Android.  Super workhorse.","09 May 2021","Size: 32GB Style: WiFi + Cellular Color: Space Gray","","Yes","54730  Shopper","5.0","2020 Apple iPad (10.2-inch, Wi-Fi, 32GB) - Space Gray (8th Generation)","https://www.amazon.com/Apple-iPad-10-2-inch-Wi-Fi-32GB/product-reviews/B08J65DST5/ref=cm_cr_dp_d_show_all_btm?ie=UTF8&reviewerType=all_reviews&pageNumber=65"
"It’s an Apple","Performs as expected. Have several and meets all needs as most Apple products do.","30 Dec 2020","Size: 32GB Style: WiFi Color: Gold","","Yes","Kyle Wright","5.0","2020 Apple iPad (10.2-inch, Wi-Fi, 32GB) - Space Gray (8th Generation)","https://www.amazon.com/Apple-iPad-10-2-inch-Wi-Fi-32GB/product-reviews/B08J65DST5/ref=cm_cr_dp_d_show_all_btm?ie=UTF8&reviewerType=all_reviews&pageNumber=65"
"Very good quality and performance.","This is a new iPad 6 gen and as expected, is performing perfectly without issues.","03 Mar 2021","Size: 32GB Style: WiFi Color: Space Gray","","Yes","Jorge Suarez","5.0","2020 Apple iPad (10.2-inch, Wi-Fi, 32GB) - Space Gray (8th Generation)","https://www.amazon.com/Apple-iPad-10-2-inch-Wi-Fi-32GB/product-reviews/B08J65DST5/ref=cm_cr_dp_d_show_all_btm?ie=UTF8&reviewerType=all_reviews&pageNumber=65"
"Good price","Good I pad better price than the store and could not find it in the store","03 Mar 2021","Size: 128GB Style: WiFi Color: Space Gray","","Yes","Amazon Customer","5.0","2020 Apple iPad (10.2-inch, Wi-Fi, 32GB) - Space Gray (8th Generation)","https://www.amazon.com/Apple-iPad-10-2-inch-Wi-Fi-32GB/product-reviews/B08J65DST5/ref=cm_cr_dp_d_show_all_btm?ie=UTF8&reviewerType=all_reviews&pageNumber=65"
"Great IPAD","Bought for my 11 year old for Christmas. I have an older generation ipad and I can say this one we bought our daughter is so much better with the apps, details,  updates, and charges fast leaving a long charge. Very happy with this purchase.","23 Jan 2021","Size: 32GB Style: WiFi Color: Silver","","Yes","Leath McInt","5.0","2020 Apple iPad (10.2-inch, Wi-Fi, 32GB) - Space Gray (8th Generation)","https://www.amazon.com/Apple-iPad-10-2-inch-Wi-Fi-32GB/product-reviews/B08J65DST5/ref=cm_cr_dp_d_show_all_btm?ie=UTF8&reviewerType=all_reviews&pageNumber=65"
"Great buy","Very happy with this. It works like it’s suppose to and amazing price!","02 Nov 2020","Size: 32GB Style: WiFi Color: Silver","","Yes","Cassie","5.0","2020 Apple iPad (10.2-inch, Wi-Fi, 32GB) - Space Gray (8th Generation)","https://www.amazon.com/Apple-iPad-10-2-inch-Wi-Fi-32GB/product-reviews/B08J65DST5/ref=cm_cr_dp_d_show_all_btm?ie=UTF8&reviewerType=all_reviews&pageNumber=65"
"Great IPad !","This is by far the fastest tablet we have for surfing the web. Love it","22 Jan 2021","Size: 128GB Style: WiFi + Cellular Color: Space Gray","","Yes","Shirley","5.0","2020 Apple iPad (10.2-inch, Wi-Fi, 32GB) - Space Gray (8th Generation)","https://www.amazon.com/Apple-iPad-10-2-inch-Wi-Fi-32GB/product-reviews/B08J65DST5/ref=cm_cr_dp_d_show_all_btm?ie=UTF8&reviewerType=all_reviews&pageNumber=66"
"Very satisfied","Very happy with my iPad. The cost was great for the amount of storage. Well worth the value.","06 Nov 2020","Size: 128GB Style: WiFi Color: Gold","","Yes","Living Life","5.0","2020 Apple iPad (10.2-inch, Wi-Fi, 32GB) - Space Gray (8th Generation)","https://www.amazon.com/Apple-iPad-10-2-inch-Wi-Fi-32GB/product-reviews/B08J65DST5/ref=cm_cr_dp_d_show_all_btm?ie=UTF8&reviewerType=all_reviews&pageNumber=66"
"Great value","This ipad was a great buy, super fast, very sleek, good battery life, and a great price.","11 Feb 2021","Size: 32GB Style: WiFi Color: Gold","","Yes","pbman","5.0","2020 Apple iPad (10.2-inch, Wi-Fi, 32GB) - Space Gray (8th Generation)","https://www.amazon.com/Apple-iPad-10-2-inch-Wi-Fi-32GB/product-reviews/B08J65DST5/ref=cm_cr_dp_d_show_all_btm?ie=UTF8&reviewerType=all_reviews&pageNumber=66"
"Love it","Got this for my daughter and it's very good and clear screen quality.","12 Jun 2021","Size: 128GB Style: WiFi Color: Space Gray","","Yes","MamaBedrock","5.0","2020 Apple iPad (10.2-inch, Wi-Fi, 32GB) - Space Gray (8th Generation)","https://www.amazon.com/Apple-iPad-10-2-inch-Wi-Fi-32GB/product-reviews/B08J65DST5/ref=cm_cr_dp_d_show_all_btm?ie=UTF8&reviewerType=all_reviews&pageNumber=66"
"Great Product","Delivery was ahead of time.  Product in good condition.  Exactly what I wanted","14 Oct 2020","Size: 128GB Style: WiFi Color: Silver","","Yes","Deb Sherman","5.0","2020 Apple iPad (10.2-inch, Wi-Fi, 32GB) - Space Gray (8th Generation)","https://www.amazon.com/Apple-iPad-10-2-inch-Wi-Fi-32GB/product-reviews/B08J65DST5/ref=cm_cr_dp_d_show_all_btm?ie=UTF8&reviewerType=all_reviews&pageNumber=66"
"Value > price","The battery life on this thing is amazing. It's almost on par with my kindle paperwhite when I use the back light. This is amazing value for the price. I use it to read books that I narrate and email from it when I don't want to pull out my laptop. Totally a first world solution, but it's great.","14 Jan 2021","Size: 32GB Style: WiFi Color: Space Gray","","Yes","Patrick Darnell","5.0","2020 Apple iPad (10.2-inch, Wi-Fi, 32GB) - Space Gray (8th Generation)","https://www.amazon.com/Apple-iPad-10-2-inch-Wi-Fi-32GB/product-reviews/B08J65DST5/ref=cm_cr_dp_d_show_all_btm?ie=UTF8&reviewerType=all_reviews&pageNumber=66"
"It is unreliable, mixing up y add,and [ and’ ‘ unexpectedly.","This ipad is not reliable. I am going to return it for a replacement","02 Mar 2021","Size: 32GB Style: WiFi Color: Gold","","Yes","Frances Vandervoort","2.0","2020 Apple iPad (10.2-inch, Wi-Fi, 32GB) - Space Gray (8th Generation)","https://www.amazon.com/Apple-iPad-10-2-inch-Wi-Fi-32GB/product-reviews/B08J65DST5/ref=cm_cr_dp_d_show_all_btm?ie=UTF8&reviewerType=all_reviews&pageNumber=66"
"Memory not expandable","Not a expandable memory I’m stuck at 32 Gb.  Wish I had bought 128gb","16 Apr 2021","Size: 32GB Style: WiFi Color: Silver","","Yes","Lizzy","3.0","2020 Apple iPad (10.2-inch, Wi-Fi, 32GB) - Space Gray (8th Generation)","https://www.amazon.com/Apple-iPad-10-2-inch-Wi-Fi-32GB/product-reviews/B08J65DST5/ref=cm_cr_dp_d_show_all_btm?ie=UTF8&reviewerType=all_reviews&pageNumber=66"
"Super Great Value!","The iPad 8th generation 32gb is all I expected.  I am not a big gamer so 32gb was perfect for me.  The display is clear and vibrant and all you expect from Apple!  I definitely recommend this one for the value and performance.","31 Dec 2020","Size: 32GB Style: WiFi Color: Space Gray","https://images-na.ssl-images-amazon.com/images/I/A1rXc7OhkVL._SY88.jpg","Yes","Lisa Ferguson","5.0","2020 Apple iPad (10.2-inch, Wi-Fi, 32GB) - Space Gray (8th Generation)","https://www.amazon.com/Apple-iPad-10-2-inch-Wi-Fi-32GB/product-reviews/B08J65DST5/ref=cm_cr_dp_d_show_all_btm?ie=UTF8&reviewerType=all_reviews&pageNumber=66"
"Love it","Replaced my old iPad. Like some of the new features in updated version.","02 Dec 2020","Size: 32GB Style: WiFi Color: Space Gray","","Yes","Amazon Customer","5.0","2020 Apple iPad (10.2-inch, Wi-Fi, 32GB) - Space Gray (8th Generation)","https://www.amazon.com/Apple-iPad-10-2-inch-Wi-Fi-32GB/product-reviews/B08J65DST5/ref=cm_cr_dp_d_show_all_btm?ie=UTF8&reviewerType=all_reviews&pageNumber=66"
"Great price for the best tablet out there.","My 4th iPad, great value for this one if you don’t need a lot of storage.","25 Nov 2020","Size: 32GB Style: WiFi Color: Space Gray","","Yes","Jeffrey R. Gresko","5.0","2020 Apple iPad (10.2-inch, Wi-Fi, 32GB) - Space Gray (8th Generation)","https://www.amazon.com/Apple-iPad-10-2-inch-Wi-Fi-32GB/product-reviews/B08J65DST5/ref=cm_cr_dp_d_show_all_btm?ie=UTF8&reviewerType=all_reviews&pageNumber=67"
"Great","Great product and easy to set up. You will not regret the purchase.","04 Dec 2020","Size: 32GB Style: WiFi Color: Space Gray","","Yes","SADIE","5.0","2020 Apple iPad (10.2-inch, Wi-Fi, 32GB) - Space Gray (8th Generation)","https://www.amazon.com/Apple-iPad-10-2-inch-Wi-Fi-32GB/product-reviews/B08J65DST5/ref=cm_cr_dp_d_show_all_btm?ie=UTF8&reviewerType=all_reviews&pageNumber=67"
"Love apple quality and user friendly","This is my 3rd full regular iPad they work seamlessly together ","06 Apr 2021","Size: 32GB Style: WiFi Color: Space Gray","","Yes","Amazon Customer","5.0","2020 Apple iPad (10.2-inch, Wi-Fi, 32GB) - Space Gray (8th Generation)","https://www.amazon.com/Apple-iPad-10-2-inch-Wi-Fi-32GB/product-reviews/B08J65DST5/ref=cm_cr_dp_d_show_all_btm?ie=UTF8&reviewerType=all_reviews&pageNumber=67"
"Nice I-pad!","I received this tablet for Christmas and I don't think a day goes by that I don't use it for either playing a game of poker or just catching up on current events.  It is a nice size and the battery life is great.","29 Jan 2021","Size: 32GB Style: WiFi Color: Space Gray","","Yes","River  Rat!","5.0","2020 Apple iPad (10.2-inch, Wi-Fi, 32GB) - Space Gray (8th Generation)","https://www.amazon.com/Apple-iPad-10-2-inch-Wi-Fi-32GB/product-reviews/B08J65DST5/ref=cm_cr_dp_d_show_all_btm?ie=UTF8&reviewerType=all_reviews&pageNumber=67"
"Great price, great product.","Very happy with the purchase. GREAT price. Who doesn’t love Apple?","29 Dec 2020","Size: 128GB Style: WiFi Color: Space Gray","","Yes","Xanthia","5.0","2020 Apple iPad (10.2-inch, Wi-Fi, 32GB) - Space Gray (8th Generation)","https://www.amazon.com/Apple-iPad-10-2-inch-Wi-Fi-32GB/product-reviews/B08J65DST5/ref=cm_cr_dp_d_show_all_btm?ie=UTF8&reviewerType=all_reviews&pageNumber=67"
"Good value","Needed to replace iPad. This was a great option, good value and works great.","16 Jan 2021","Size: 128GB Style: WiFi Color: Silver","","Yes","Ammy Hanson","5.0","2020 Apple iPad (10.2-inch, Wi-Fi, 32GB) - Space Gray (8th Generation)","https://www.amazon.com/Apple-iPad-10-2-inch-Wi-Fi-32GB/product-reviews/B08J65DST5/ref=cm_cr_dp_d_show_all_btm?ie=UTF8&reviewerType=all_reviews&pageNumber=67"
"Quality Device","Best tablet for the price point, even with having to use the rather simple ipad ios.","20 Nov 2020","Size: 32GB Style: WiFi Color: Space Gray","","Yes","Robert Silk","5.0","2020 Apple iPad (10.2-inch, Wi-Fi, 32GB) - Space Gray (8th Generation)","https://www.amazon.com/Apple-iPad-10-2-inch-Wi-Fi-32GB/product-reviews/B08J65DST5/ref=cm_cr_dp_d_show_all_btm?ie=UTF8&reviewerType=all_reviews&pageNumber=67"
"Perfect","I bought this for my daughter and she loves it it’s perfect for her needs.","02 May 2021","Size: 32GB Style: WiFi Color: Gold","","Yes","Ana Cortez","5.0","2020 Apple iPad (10.2-inch, Wi-Fi, 32GB) - Space Gray (8th Generation)","https://www.amazon.com/Apple-iPad-10-2-inch-Wi-Fi-32GB/product-reviews/B08J65DST5/ref=cm_cr_dp_d_show_all_btm?ie=UTF8&reviewerType=all_reviews&pageNumber=67"
"Perfect purchase","Absolutely wonderful it's exactly what my wife wanted it's perfect.","09 Feb 2021","Size: 128GB Style: WiFi Color: Space Gray","","Yes","WILLIAM J SEFTON","5.0","2020 Apple iPad (10.2-inch, Wi-Fi, 32GB) - Space Gray (8th Generation)","https://www.amazon.com/Apple-iPad-10-2-inch-Wi-Fi-32GB/product-reviews/B08J65DST5/ref=cm_cr_dp_d_show_all_btm?ie=UTF8&reviewerType=all_reviews&pageNumber=67"
"Great ipad","My daughter loved her tablet and now she can watch youtube and draw and colored","08 May 2021","Size: 128GB Style: WiFi Color: Space Gray","","Yes","Tatiana perez","5.0","2020 Apple iPad (10.2-inch, Wi-Fi, 32GB) - Space Gray (8th Generation)","https://www.amazon.com/Apple-iPad-10-2-inch-Wi-Fi-32GB/product-reviews/B08J65DST5/ref=cm_cr_dp_d_show_all_btm?ie=UTF8&reviewerType=all_reviews&pageNumber=67"
"Fabulous device .","I love my new iPad . It is fast , so easy to use and priced right .","22 Dec 2020","Size: 32GB Style: WiFi Color: Silver","","Yes","Bob in Pa.","5.0","2020 Apple iPad (10.2-inch, Wi-Fi, 32GB) - Space Gray (8th Generation)","https://www.amazon.com/Apple-iPad-10-2-inch-Wi-Fi-32GB/product-reviews/B08J65DST5/ref=cm_cr_dp_d_show_all_btm?ie=UTF8&reviewerType=all_reviews&pageNumber=68"
"Highly recommend iPad. Great price! love it","Love the size of the screen, the clarity of the color and the quickness of changing applications with the lightest touch.  Price was great also.  Highly recommend","16 Apr 2021","Size: 128GB Style: WiFi Color: Gold","","Yes","S. Baker","5.0","2020 Apple iPad (10.2-inch, Wi-Fi, 32GB) - Space Gray (8th Generation)","https://www.amazon.com/Apple-iPad-10-2-inch-Wi-Fi-32GB/product-reviews/B08J65DST5/ref=cm_cr_dp_d_show_all_btm?ie=UTF8&reviewerType=all_reviews&pageNumber=68"
"Great Tool","As always a very good machine. Use this in my business. 3rd one I've owned.","21 Jan 2021","Size: 32GB Style: WiFi Color: Gold","","Yes","Tlmobe","5.0","2020 Apple iPad (10.2-inch, Wi-Fi, 32GB) - Space Gray (8th Generation)","https://www.amazon.com/Apple-iPad-10-2-inch-Wi-Fi-32GB/product-reviews/B08J65DST5/ref=cm_cr_dp_d_show_all_btm?ie=UTF8&reviewerType=all_reviews&pageNumber=68"
"GREAY PRODUCT !!!!","VERY GREAT PURCHASE. I LOVE MY IPAD. FRESH OUT OF THE APPLE BOX, BRAND NEW NO SCRATCHES","24 Feb 2021","Size: 32GB Style: WiFi Color: Gold","","Yes","Nene ocasio","5.0","2020 Apple iPad (10.2-inch, Wi-Fi, 32GB) - Space Gray (8th Generation)","https://www.amazon.com/Apple-iPad-10-2-inch-Wi-Fi-32GB/product-reviews/B08J65DST5/ref=cm_cr_dp_d_show_all_btm?ie=UTF8&reviewerType=all_reviews&pageNumber=68"
"Love it.","Great price! It's Fast! Nice and big screen. Easy set up.","19 Apr 2021","Size: 128GB Style: WiFi Color: Space Gray","","Yes","Patty L. Yoshimura","5.0","2020 Apple iPad (10.2-inch, Wi-Fi, 32GB) - Space Gray (8th Generation)","https://www.amazon.com/Apple-iPad-10-2-inch-Wi-Fi-32GB/product-reviews/B08J65DST5/ref=cm_cr_dp_d_show_all_btm?ie=UTF8&reviewerType=all_reviews&pageNumber=68"
"Great","Love it. Perfect for my needs. Fast, clear. I use it w procreate.","26 Apr 2021","Size: 32GB Style: WiFi Color: Gold","","Yes","RS","5.0","2020 Apple iPad (10.2-inch, Wi-Fi, 32GB) - Space Gray (8th Generation)","https://www.amazon.com/Apple-iPad-10-2-inch-Wi-Fi-32GB/product-reviews/B08J65DST5/ref=cm_cr_dp_d_show_all_btm?ie=UTF8&reviewerType=all_reviews&pageNumber=68"
"Great!","This is such a great product. It’s slim and easy to carry. Perfect for traveling.","15 Jun 2021","Size: 128GB Style: WiFi Color: Space Gray","","Yes","Maria B","5.0","2020 Apple iPad (10.2-inch, Wi-Fi, 32GB) - Space Gray (8th Generation)","https://www.amazon.com/Apple-iPad-10-2-inch-Wi-Fi-32GB/product-reviews/B08J65DST5/ref=cm_cr_dp_d_show_all_btm?ie=UTF8&reviewerType=all_reviews&pageNumber=68"
"My first Apple product","I've always been an Android Fanboy, but decided to get myself an iPad for Note taking and drawing here and there, and oh boy am I impressed with the quality of this device it feels smooth, although you don't get the freedom of android (installing cracked APK lol) it's fantastic, I'd recommend getting a pen","31 May 2021","Size: 128GB Style: WiFi Color: Silver","https://images-na.ssl-images-amazon.com/images/I/B1j9jjs1ZWS._SY88.jpg","Yes","valentin","5.0","2020 Apple iPad (10.2-inch, Wi-Fi, 32GB) - Space Gray (8th Generation)","https://www.amazon.com/Apple-iPad-10-2-inch-Wi-Fi-32GB/product-reviews/B08J65DST5/ref=cm_cr_dp_d_show_all_btm?ie=UTF8&reviewerType=all_reviews&pageNumber=68"
"Nice iPad","Bought this as a gift. Receiver was pleased. I don’t have personal experience using it. Arrived timely and well packaged.","10 Jan 2021","Size: 32GB Style: WiFi Color: Gold","","Yes","Alice Copeland","5.0","2020 Apple iPad (10.2-inch, Wi-Fi, 32GB) - Space Gray (8th Generation)","https://www.amazon.com/Apple-iPad-10-2-inch-Wi-Fi-32GB/product-reviews/B08J65DST5/ref=cm_cr_dp_d_show_all_btm?ie=UTF8&reviewerType=all_reviews&pageNumber=68"
"Happy wife, happy life","This is an upgrade from an iPad mini for my wife. She’s thrilled.","04 Apr 2021","Size: 128GB Style: WiFi Color: Space Gray","","Yes","Richard","5.0","2020 Apple iPad (10.2-inch, Wi-Fi, 32GB) - Space Gray (8th Generation)","https://www.amazon.com/Apple-iPad-10-2-inch-Wi-Fi-32GB/product-reviews/B08J65DST5/ref=cm_cr_dp_d_show_all_btm?ie=UTF8&reviewerType=all_reviews&pageNumber=68"
"Easy to ise","Bought as a gift for my spouse. He uses it constantly with ease.","14 Jan 2021","Size: 128GB Style: WiFi Color: Silver","","Yes","PTK","5.0","2020 Apple iPad (10.2-inch, Wi-Fi, 32GB) - Space Gray (8th Generation)","https://www.amazon.com/Apple-iPad-10-2-inch-Wi-Fi-32GB/product-reviews/B08J65DST5/ref=cm_cr_dp_d_show_all_btm?ie=UTF8&reviewerType=all_reviews&pageNumber=69"
"Size & battery life","Just the right size screen.  Play my games on it & battery lasts so long. Touch screen is amazing too. I also use it to facetime with my son & family truly awesome time & money well spent.","14 May 2021","Size: 32GB Style: WiFi Color: Gold","","Yes","Darlene Doup","5.0","2020 Apple iPad (10.2-inch, Wi-Fi, 32GB) - Space Gray (8th Generation)","https://www.amazon.com/Apple-iPad-10-2-inch-Wi-Fi-32GB/product-reviews/B08J65DST5/ref=cm_cr_dp_d_show_all_btm?ie=UTF8&reviewerType=all_reviews&pageNumber=69"
"School friendly","Product came in great packaging  and was not tampered with. A little over priced but is great for beginner graphic designers and editors. Should come with more than 36gb","13 Jan 2021","Size: 32GB Style: WiFi Color: Space Gray","https://images-na.ssl-images-amazon.com/images/I/91qicFEtBaL._SY88.jpg
https://images-na.ssl-images-amazon.com/images/I/91vjBZaEB0L._SY88.jpg","Yes","Amazon Customer","5.0","2020 Apple iPad (10.2-inch, Wi-Fi, 32GB) - Space Gray (8th Generation)","https://www.amazon.com/Apple-iPad-10-2-inch-Wi-Fi-32GB/product-reviews/B08J65DST5/ref=cm_cr_dp_d_show_all_btm?ie=UTF8&reviewerType=all_reviews&pageNumber=69"
"Stable system","The color is good, and the processor is great after upgrading.  High cost performance, worth buying.","24 Oct 2020","Size: 128GB Style: WiFi Color: Gold","","Yes","assassin","5.0","2020 Apple iPad (10.2-inch, Wi-Fi, 32GB) - Space Gray (8th Generation)","https://www.amazon.com/Apple-iPad-10-2-inch-Wi-Fi-32GB/product-reviews/B08J65DST5/ref=cm_cr_dp_d_show_all_btm?ie=UTF8&reviewerType=all_reviews&pageNumber=69"
"Easy to use and was priced right","This was purchased for my wife as an update and it works great.","14 Dec 2020","Size: 32GB Style: WiFi Color: Gold","","Yes","Amazon Customer","5.0","2020 Apple iPad (10.2-inch, Wi-Fi, 32GB) - Space Gray (8th Generation)","https://www.amazon.com/Apple-iPad-10-2-inch-Wi-Fi-32GB/product-reviews/B08J65DST5/ref=cm_cr_dp_d_show_all_btm?ie=UTF8&reviewerType=all_reviews&pageNumber=69"
"Love it","Best Christmas present ever.  It does all that i need and more.","16 Feb 2021","Size: 128GB Style: WiFi Color: Gold","","Yes","John W.","5.0","2020 Apple iPad (10.2-inch, Wi-Fi, 32GB) - Space Gray (8th Generation)","https://www.amazon.com/Apple-iPad-10-2-inch-Wi-Fi-32GB/product-reviews/B08J65DST5/ref=cm_cr_dp_d_show_all_btm?ie=UTF8&reviewerType=all_reviews&pageNumber=69"
"Great iPad","I have really enjoyed using this iPad.  Easy to operate.  Great screen.","11 Mar 2021","Size: 128GB Style: WiFi Color: Silver","","Yes","Carlene","5.0","2020 Apple iPad (10.2-inch, Wi-Fi, 32GB) - Space Gray (8th Generation)","https://www.amazon.com/Apple-iPad-10-2-inch-Wi-Fi-32GB/product-reviews/B08J65DST5/ref=cm_cr_dp_d_show_all_btm?ie=UTF8&reviewerType=all_reviews&pageNumber=69"
"Super Efficient","Battery life is longer than my old ipad which was 3rd generation.","12 Jan 2021","Size: 32GB Style: WiFi Color: Silver","","Yes","Pablo","5.0","2020 Apple iPad (10.2-inch, Wi-Fi, 32GB) - Space Gray (8th Generation)","https://www.amazon.com/Apple-iPad-10-2-inch-Wi-Fi-32GB/product-reviews/B08J65DST5/ref=cm_cr_dp_d_show_all_btm?ie=UTF8&reviewerType=all_reviews&pageNumber=69"
"Perfect size","I have one and ordered one for my husband.  Wonderful product.","11 Mar 2021","Size: 32GB Style: WiFi Color: Space Gray","","Yes","JODY","5.0","2020 Apple iPad (10.2-inch, Wi-Fi, 32GB) - Space Gray (8th Generation)","https://www.amazon.com/Apple-iPad-10-2-inch-Wi-Fi-32GB/product-reviews/B08J65DST5/ref=cm_cr_dp_d_show_all_btm?ie=UTF8&reviewerType=all_reviews&pageNumber=69"
"Great for the price","Love iPads just upgraded my mom and my iPads and couldn’t be happier with the product.","10 Nov 2020","Size: 128GB Style: WiFi Color: Silver","","Yes","Nadia Goodson","5.0","2020 Apple iPad (10.2-inch, Wi-Fi, 32GB) - Space Gray (8th Generation)","https://www.amazon.com/Apple-iPad-10-2-inch-Wi-Fi-32GB/product-reviews/B08J65DST5/ref=cm_cr_dp_d_show_all_btm?ie=UTF8&reviewerType=all_reviews&pageNumber=69"
"Does the job","It’s Apple.  Really not much else that needs to be said.  It’s a fine piece of equipment.  Would be nice if they’d add touch to wake to the basic iPad series.","15 Dec 2020","Size: 32GB Style: WiFi Color: Space Gray","","Yes","SD-LEO97","5.0","2020 Apple iPad (10.2-inch, Wi-Fi, 32GB) - Space Gray (8th Generation)","https://www.amazon.com/Apple-iPad-10-2-inch-Wi-Fi-32GB/product-reviews/B08J65DST5/ref=cm_cr_dp_d_show_all_btm?ie=UTF8&reviewerType=all_reviews&pageNumber=70"
"Terrible!","Not even a day into owning...","11 Apr 2021","Size: 32GB Style: WiFi Color: Gold","https://images-na.ssl-images-amazon.com/images/I/81fb18Wa-qL._SY88.jpg","Yes","Givoughn","1.0","2020 Apple iPad (10.2-inch, Wi-Fi, 32GB) - Space Gray (8th Generation)","https://www.amazon.com/Apple-iPad-10-2-inch-Wi-Fi-32GB/product-reviews/B08J65DST5/ref=cm_cr_dp_d_show_all_btm?ie=UTF8&reviewerType=all_reviews&pageNumber=70"
"I pad","Nest gift to my self was the ipad now can learn to ditagl art","14 Mar 2021","Size: 32GB Style: WiFi Color: Gold","","Yes","kathy","5.0","2020 Apple iPad (10.2-inch, Wi-Fi, 32GB) - Space Gray (8th Generation)","https://www.amazon.com/Apple-iPad-10-2-inch-Wi-Fi-32GB/product-reviews/B08J65DST5/ref=cm_cr_dp_d_show_all_btm?ie=UTF8&reviewerType=all_reviews&pageNumber=70"
"Another Great Apple Product","Best looking and functioning electronic device in the family.","04 Feb 2021","Size: 32GB Style: WiFi Color: Space Gray","","Yes","rtl373","5.0","2020 Apple iPad (10.2-inch, Wi-Fi, 32GB) - Space Gray (8th Generation)","https://www.amazon.com/Apple-iPad-10-2-inch-Wi-Fi-32GB/product-reviews/B08J65DST5/ref=cm_cr_dp_d_show_all_btm?ie=UTF8&reviewerType=all_reviews&pageNumber=70"
"Great ipad","This iPad has great memory and speed. Very easy to set up. I would recommend.","19 Dec 2020","Size: 128GB Style: WiFi Color: Space Gray","","Yes","Jan C","5.0","2020 Apple iPad (10.2-inch, Wi-Fi, 32GB) - Space Gray (8th Generation)","https://www.amazon.com/Apple-iPad-10-2-inch-Wi-Fi-32GB/product-reviews/B08J65DST5/ref=cm_cr_dp_d_show_all_btm?ie=UTF8&reviewerType=all_reviews&pageNumber=70"
"Worth the upgrade.","Much better than my previous iPad.  Great price, worth the upgrade.","31 Mar 2021","Size: 32GB Style: WiFi + Cellular Color: Gold","","Yes","Mark Semon","5.0","2020 Apple iPad (10.2-inch, Wi-Fi, 32GB) - Space Gray (8th Generation)","https://www.amazon.com/Apple-iPad-10-2-inch-Wi-Fi-32GB/product-reviews/B08J65DST5/ref=cm_cr_dp_d_show_all_btm?ie=UTF8&reviewerType=all_reviews&pageNumber=70"
"NICE DEAL AMAZON!","1st Apple product. Really like it....give me more time with it. New boy toy.","11 Dec 2020","Size: 128GB Style: WiFi Color: Space Gray","","Yes","Mask Up Massachusetts","5.0","2020 Apple iPad (10.2-inch, Wi-Fi, 32GB) - Space Gray (8th Generation)","https://www.amazon.com/Apple-iPad-10-2-inch-Wi-Fi-32GB/product-reviews/B08J65DST5/ref=cm_cr_dp_d_show_all_btm?ie=UTF8&reviewerType=all_reviews&pageNumber=70"
"WOW! POWERFUL and AFFORDABLE","This is powerful tablet with an affordable price","08 Oct 2020","Size: 32GB Style: WiFi Color: Gold","","Yes","donktank","5.0","2020 Apple iPad (10.2-inch, Wi-Fi, 32GB) - Space Gray (8th Generation)","https://www.amazon.com/Apple-iPad-10-2-inch-Wi-Fi-32GB/product-reviews/B08J65DST5/ref=cm_cr_dp_d_show_all_btm?ie=UTF8&reviewerType=all_reviews&pageNumber=70"
"Apple is Life","Buy this, you must!  Replace old iPad, must!  I have spoken...#babyyodaforeva","15 Oct 2020","Size: 32GB Style: WiFi Color: Gold","","Yes","KhMyers","5.0","2020 Apple iPad (10.2-inch, Wi-Fi, 32GB) - Space Gray (8th Generation)","https://www.amazon.com/Apple-iPad-10-2-inch-Wi-Fi-32GB/product-reviews/B08J65DST5/ref=cm_cr_dp_d_show_all_btm?ie=UTF8&reviewerType=all_reviews&pageNumber=70"
"Twinkie","Battery life is great","14 Nov 2020","Size: 32GB Style: WiFi Color: Gold","","Yes","twinkie","5.0","2020 Apple iPad (10.2-inch, Wi-Fi, 32GB) - Space Gray (8th Generation)","https://www.amazon.com/Apple-iPad-10-2-inch-Wi-Fi-32GB/product-reviews/B08J65DST5/ref=cm_cr_dp_d_show_all_btm?ie=UTF8&reviewerType=all_reviews&pageNumber=70"
"Myfavorite thing I have","It is. W O N D E R F U L.  I am on it every day THANKYOU  THANKYOU  T HANYOU.  For making it possible","20 Jan 2021","Size: 128GB Style: WiFi Color: Gold","","Yes","Diana Wright","5.0","2020 Apple iPad (10.2-inch, Wi-Fi, 32GB) - Space Gray (8th Generation)","https://www.amazon.com/Apple-iPad-10-2-inch-Wi-Fi-32GB/product-reviews/B08J65DST5/ref=cm_cr_dp_d_show_all_btm?ie=UTF8&reviewerType=all_reviews&pageNumber=71"
"Great Product","Very sleek and light. Great price for the product considering speed.","18 Apr 2021","Size: 32GB Style: WiFi Color: Gold","","Yes","mountaineer","5.0","2020 Apple iPad (10.2-inch, Wi-Fi, 32GB) - Space Gray (8th Generation)","https://www.amazon.com/Apple-iPad-10-2-inch-Wi-Fi-32GB/product-reviews/B08J65DST5/ref=cm_cr_dp_d_show_all_btm?ie=UTF8&reviewerType=all_reviews&pageNumber=71"
"Great!","Amazing Ipad. Has a lot of features for the price","06 Oct 2020","Size: 32GB Style: WiFi Color: Space Gray","","Yes","Anonymous","5.0","2020 Apple iPad (10.2-inch, Wi-Fi, 32GB) - Space Gray (8th Generation)","https://www.amazon.com/Apple-iPad-10-2-inch-Wi-Fi-32GB/product-reviews/B08J65DST5/ref=cm_cr_dp_d_show_all_btm?ie=UTF8&reviewerType=all_reviews&pageNumber=71"
"Great IPAd","I’ve had I pads before.  This one is perfect in every way.","25 Feb 2021","Size: 32GB Style: WiFi Color: Space Gray","","Yes","Jane Bee Doe","5.0","2020 Apple iPad (10.2-inch, Wi-Fi, 32GB) - Space Gray (8th Generation)","https://www.amazon.com/Apple-iPad-10-2-inch-Wi-Fi-32GB/product-reviews/B08J65DST5/ref=cm_cr_dp_d_show_all_btm?ie=UTF8&reviewerType=all_reviews&pageNumber=71"
"Beautiful Ipads","Got 2... one for my Daughter and one for my niece for Christmas. These were PERFECT.","14 Feb 2021","Size: 32GB Style: WiFi Color: Gold","","Yes","EXCLUZIVE","5.0","2020 Apple iPad (10.2-inch, Wi-Fi, 32GB) - Space Gray (8th Generation)","https://www.amazon.com/Apple-iPad-10-2-inch-Wi-Fi-32GB/product-reviews/B08J65DST5/ref=cm_cr_dp_d_show_all_btm?ie=UTF8&reviewerType=all_reviews&pageNumber=71"
"Works great.","Very easy to set up & many improvements over my old ipad.","18 Jan 2021","Size: 128GB Style: WiFi Color: Silver","","Yes","Rudy","5.0","2020 Apple iPad (10.2-inch, Wi-Fi, 32GB) - Space Gray (8th Generation)","https://www.amazon.com/Apple-iPad-10-2-inch-Wi-Fi-32GB/product-reviews/B08J65DST5/ref=cm_cr_dp_d_show_all_btm?ie=UTF8&reviewerType=all_reviews&pageNumber=71"
"Do you really need a review?","Good quality tablet from Apple. That should be all I need to say.","13 Apr 2021","Size: 128GB Style: WiFi Color: Space Gray","","Yes","Mark","5.0","2020 Apple iPad (10.2-inch, Wi-Fi, 32GB) - Space Gray (8th Generation)","https://www.amazon.com/Apple-iPad-10-2-inch-Wi-Fi-32GB/product-reviews/B08J65DST5/ref=cm_cr_dp_d_show_all_btm?ie=UTF8&reviewerType=all_reviews&pageNumber=71"
"My old one died had to replace it new one MUCH better","Easy to use","07 Dec 2020","Size: 128GB Style: WiFi Color: Gold","","Yes","Amazon Customer","5.0","2020 Apple iPad (10.2-inch, Wi-Fi, 32GB) - Space Gray (8th Generation)","https://www.amazon.com/Apple-iPad-10-2-inch-Wi-Fi-32GB/product-reviews/B08J65DST5/ref=cm_cr_dp_d_show_all_btm?ie=UTF8&reviewerType=all_reviews&pageNumber=71"
"Gen8 Ipad","Keeping my comments short about my newI IPad, I love everything about it.... Thanks Amazon.....","24 Feb 2021","Size: 32GB Style: WiFi + Cellular Color: Silver","","Yes","Phil","5.0","2020 Apple iPad (10.2-inch, Wi-Fi, 32GB) - Space Gray (8th Generation)","https://www.amazon.com/Apple-iPad-10-2-inch-Wi-Fi-32GB/product-reviews/B08J65DST5/ref=cm_cr_dp_d_show_all_btm?ie=UTF8&reviewerType=all_reviews&pageNumber=71"
"More clear","The size and to send notes to family","27 Oct 2020","Size: 32GB Style: WiFi Color: Gold","","Yes","Lulu","5.0","2020 Apple iPad (10.2-inch, Wi-Fi, 32GB) - Space Gray (8th Generation)","https://www.amazon.com/Apple-iPad-10-2-inch-Wi-Fi-32GB/product-reviews/B08J65DST5/ref=cm_cr_dp_d_show_all_btm?ie=UTF8&reviewerType=all_reviews&pageNumber=71"
"Beautiful Apple product!","Love, love it! It replaced my ipad 2 and it really is so much better.","16 Dec 2020","Size: 32GB Style: WiFi Color: Gold","","Yes","Therease Gilbert","5.0","2020 Apple iPad (10.2-inch, Wi-Fi, 32GB) - Space Gray (8th Generation)","https://www.amazon.com/Apple-iPad-10-2-inch-Wi-Fi-32GB/product-reviews/B08J65DST5/ref=cm_cr_dp_d_show_all_btm?ie=UTF8&reviewerType=all_reviews&pageNumber=72"
"Very nice.","I use this for pleasure. The screen quality is terrific. I  had been using an iPad 6 for a few years that was comfortable to hold. The series 8 is heavier and uncomfortable to hold for me. It is also wider than the 6. After holding it for an hour I go back to the 6.","27 Feb 2021","Size: 128GB Style: WiFi Color: Space Gray","","Yes","Larry S.","4.0","2020 Apple iPad (10.2-inch, Wi-Fi, 32GB) - Space Gray (8th Generation)","https://www.amazon.com/Apple-iPad-10-2-inch-Wi-Fi-32GB/product-reviews/B08J65DST5/ref=cm_cr_dp_d_show_all_btm?ie=UTF8&reviewerType=all_reviews&pageNumber=72"
"This was a quality product at a good price","This was a Christmas gift for my son and as soon as I saw it, now I want one for myself!","18 Feb 2021","Size: 128GB Style: WiFi Color: Space Gray","","Yes","R.D. Moore","5.0","2020 Apple iPad (10.2-inch, Wi-Fi, 32GB) - Space Gray (8th Generation)","https://www.amazon.com/Apple-iPad-10-2-inch-Wi-Fi-32GB/product-reviews/B08J65DST5/ref=cm_cr_dp_d_show_all_btm?ie=UTF8&reviewerType=all_reviews&pageNumber=72"
"Nice!","Great product and Amazon had a great price when I bought","24 Feb 2021","Size: 128GB Style: WiFi Color: Space Gray","","Yes","Northern Cheesehead","5.0","2020 Apple iPad (10.2-inch, Wi-Fi, 32GB) - Space Gray (8th Generation)","https://www.amazon.com/Apple-iPad-10-2-inch-Wi-Fi-32GB/product-reviews/B08J65DST5/ref=cm_cr_dp_d_show_all_btm?ie=UTF8&reviewerType=all_reviews&pageNumber=72"
"I like my new IPad.","I really like my IPad.  Holding it while using is easy since I bought a Newtrent cover.  Recommend this product.","05 Jun 2021","Size: 128GB Style: WiFi Color: Space Gray","","Yes","Dianna","5.0","2020 Apple iPad (10.2-inch, Wi-Fi, 32GB) - Space Gray (8th Generation)","https://www.amazon.com/Apple-iPad-10-2-inch-Wi-Fi-32GB/product-reviews/B08J65DST5/ref=cm_cr_dp_d_show_all_btm?ie=UTF8&reviewerType=all_reviews&pageNumber=72"
"Arrived ahead of Expected ship date -","Arrived ahead of expected shipping date -- appreciate the extra effort.  Love the product!  Works great -- thx u","16 Jan 2021","Size: 32GB Style: WiFi Color: Gold","","Yes","Scott Ellingson","5.0","2020 Apple iPad (10.2-inch, Wi-Fi, 32GB) - Space Gray (8th Generation)","https://www.amazon.com/Apple-iPad-10-2-inch-Wi-Fi-32GB/product-reviews/B08J65DST5/ref=cm_cr_dp_d_show_all_btm?ie=UTF8&reviewerType=all_reviews&pageNumber=72"
"Great iPad","This iPad is a big improvement over the earlier iPad’s.","01 Apr 2021","Size: 128GB Style: WiFi Color: Gold","","Yes","Elizabeth R. Boykin","5.0","2020 Apple iPad (10.2-inch, Wi-Fi, 32GB) - Space Gray (8th Generation)","https://www.amazon.com/Apple-iPad-10-2-inch-Wi-Fi-32GB/product-reviews/B08J65DST5/ref=cm_cr_dp_d_show_all_btm?ie=UTF8&reviewerType=all_reviews&pageNumber=72"
"Excelente","Esta tableta funciona perfecto y tiene bastante espacio","28 Mar 2021","Size: 32GB Style: WiFi Color: Silver","","Yes","Amazon Customer","5.0","2020 Apple iPad (10.2-inch, Wi-Fi, 32GB) - Space Gray (8th Generation)","https://www.amazon.com/Apple-iPad-10-2-inch-Wi-Fi-32GB/product-reviews/B08J65DST5/ref=cm_cr_dp_d_show_all_btm?ie=UTF8&reviewerType=all_reviews&pageNumber=72"
"Nice and fast","I bought this for my mom and I am happy with the product.","20 May 2021","Size: 128GB Style: WiFi Color: Space Gray","","Yes","Adriana Mysore","5.0","2020 Apple iPad (10.2-inch, Wi-Fi, 32GB) - Space Gray (8th Generation)","https://www.amazon.com/Apple-iPad-10-2-inch-Wi-Fi-32GB/product-reviews/B08J65DST5/ref=cm_cr_dp_d_show_all_btm?ie=UTF8&reviewerType=all_reviews&pageNumber=72"
"Ipad","I love this iPad and I got one for my boyfriend who loves it too","14 Jan 2021","Size: 32GB Style: WiFi Color: Space Gray","","Yes","Terri Fisher","5.0","2020 Apple iPad (10.2-inch, Wi-Fi, 32GB) - Space Gray (8th Generation)","https://www.amazon.com/Apple-iPad-10-2-inch-Wi-Fi-32GB/product-reviews/B08J65DST5/ref=cm_cr_dp_d_show_all_btm?ie=UTF8&reviewerType=all_reviews&pageNumber=72"
"New 2020 Ipad","Excellent product for classes, notes and online access.  Shipment was received earlier than expected.","10 Jan 2021","Size: 32GB Style: WiFi Color: Space Gray","","Yes","Pat Salazar","5.0","2020 Apple iPad (10.2-inch, Wi-Fi, 32GB) - Space Gray (8th Generation)","https://www.amazon.com/Apple-iPad-10-2-inch-Wi-Fi-32GB/product-reviews/B08J65DST5/ref=cm_cr_dp_d_show_all_btm?ie=UTF8&reviewerType=all_reviews&pageNumber=73"
"Great!","My daughter got this for Christmas and she couldn't be happier!","25 Dec 2020","Size: 128GB Style: WiFi Color: Gold","","Yes","Amazon Customer","5.0","2020 Apple iPad (10.2-inch, Wi-Fi, 32GB) - Space Gray (8th Generation)","https://www.amazon.com/Apple-iPad-10-2-inch-Wi-Fi-32GB/product-reviews/B08J65DST5/ref=cm_cr_dp_d_show_all_btm?ie=UTF8&reviewerType=all_reviews&pageNumber=73"
"REALLY fast!","I do a lot of work in apps and simulations, they have never been faster!!","03 May 2021","Size: 128GB Style: WiFi Color: Space Gray","","Yes","Dinger","5.0","2020 Apple iPad (10.2-inch, Wi-Fi, 32GB) - Space Gray (8th Generation)","https://www.amazon.com/Apple-iPad-10-2-inch-Wi-Fi-32GB/product-reviews/B08J65DST5/ref=cm_cr_dp_d_show_all_btm?ie=UTF8&reviewerType=all_reviews&pageNumber=73"
"Great savings on IPAD","Saved about $150 on the exact same product. Perfectly NEW and works great.","19 Jan 2021","Size: 32GB Style: WiFi Color: Silver","","Yes","John Blumenshine","5.0","2020 Apple iPad (10.2-inch, Wi-Fi, 32GB) - Space Gray (8th Generation)","https://www.amazon.com/Apple-iPad-10-2-inch-Wi-Fi-32GB/product-reviews/B08J65DST5/ref=cm_cr_dp_d_show_all_btm?ie=UTF8&reviewerType=all_reviews&pageNumber=73"
"Works like an iPhone!","I just updated my iPad from my 2009 2gen. Wow what a difference, I actually use it as a phone while home. Almost any feature on my iPhone is available on my new iPad.","06 Apr 2021","Size: 128GB Style: WiFi Color: Gold","","Yes","Amazon Customer","5.0","2020 Apple iPad (10.2-inch, Wi-Fi, 32GB) - Space Gray (8th Generation)","https://www.amazon.com/Apple-iPad-10-2-inch-Wi-Fi-32GB/product-reviews/B08J65DST5/ref=cm_cr_dp_d_show_all_btm?ie=UTF8&reviewerType=all_reviews&pageNumber=73"
"Great product.","I purchased this iPad for my mom and she is enjoying it.","04 Apr 2021","Size: 32GB Style: WiFi Color: Gold","","Yes","Mary Brown","5.0","2020 Apple iPad (10.2-inch, Wi-Fi, 32GB) - Space Gray (8th Generation)","https://www.amazon.com/Apple-iPad-10-2-inch-Wi-Fi-32GB/product-reviews/B08J65DST5/ref=cm_cr_dp_d_show_all_btm?ie=UTF8&reviewerType=all_reviews&pageNumber=73"
"Great little iPad!!","Great size, great price, very happy with this IPad!!","01 Dec 2020","Size: 32GB Style: WiFi Color: Gold","","Yes","Stavis Bay USA","5.0","2020 Apple iPad (10.2-inch, Wi-Fi, 32GB) - Space Gray (8th Generation)","https://www.amazon.com/Apple-iPad-10-2-inch-Wi-Fi-32GB/product-reviews/B08J65DST5/ref=cm_cr_dp_d_show_all_btm?ie=UTF8&reviewerType=all_reviews&pageNumber=73"
"Like brand new","Everything they said - like brand new, good battery life, . . .","27 May 2021","Size: 32GB Style: WiFi Color: Gold","","Yes","Customer kg","5.0","2020 Apple iPad (10.2-inch, Wi-Fi, 32GB) - Space Gray (8th Generation)","https://www.amazon.com/Apple-iPad-10-2-inch-Wi-Fi-32GB/product-reviews/B08J65DST5/ref=cm_cr_dp_d_show_all_btm?ie=UTF8&reviewerType=all_reviews&pageNumber=73"
"Great and handy","This was a gift to my school teacher daughter in law and she loves it.","13 Mar 2021","Size: 32GB Style: WiFi Color: Space Gray","","Yes","Basil Wilson","5.0","2020 Apple iPad (10.2-inch, Wi-Fi, 32GB) - Space Gray (8th Generation)","https://www.amazon.com/Apple-iPad-10-2-inch-Wi-Fi-32GB/product-reviews/B08J65DST5/ref=cm_cr_dp_d_show_all_btm?ie=UTF8&reviewerType=all_reviews&pageNumber=73"
"Better than smaller I Pads","It’s large enough to stream videos and to read print","28 Jan 2021","Size: 32GB Style: WiFi Color: Space Gray","","Yes","Lucinda (.","5.0","2020 Apple iPad (10.2-inch, Wi-Fi, 32GB) - Space Gray (8th Generation)","https://www.amazon.com/Apple-iPad-10-2-inch-Wi-Fi-32GB/product-reviews/B08J65DST5/ref=cm_cr_dp_d_show_all_btm?ie=UTF8&reviewerType=all_reviews&pageNumber=73"
"Love It","Fast service.  Just as described  Will order again.","18 Jan 2021","Size: 32GB Style: WiFi Color: Silver","","Yes","Tom","5.0","2020 Apple iPad (10.2-inch, Wi-Fi, 32GB) - Space Gray (8th Generation)","https://www.amazon.com/Apple-iPad-10-2-inch-Wi-Fi-32GB/product-reviews/B08J65DST5/ref=cm_cr_dp_d_show_all_btm?ie=UTF8&reviewerType=all_reviews&pageNumber=74"
"Excellent!!!!","Battery seems to last for ever. Well worth the money.","08 May 2021","Size: 128GB Style: WiFi Color: Space Gray","","Yes","Daryl S","5.0","2020 Apple iPad (10.2-inch, Wi-Fi, 32GB) - Space Gray (8th Generation)","https://www.amazon.com/Apple-iPad-10-2-inch-Wi-Fi-32GB/product-reviews/B08J65DST5/ref=cm_cr_dp_d_show_all_btm?ie=UTF8&reviewerType=all_reviews&pageNumber=74"
"great gift","Great gift for my 80+ year old mom.. she loves it..","03 May 2021","Size: 128GB Style: WiFi Color: Gold","","Yes","Helen Tyler","5.0","2020 Apple iPad (10.2-inch, Wi-Fi, 32GB) - Space Gray (8th Generation)","https://www.amazon.com/Apple-iPad-10-2-inch-Wi-Fi-32GB/product-reviews/B08J65DST5/ref=cm_cr_dp_d_show_all_btm?ie=UTF8&reviewerType=all_reviews&pageNumber=74"
"Great price","What can you say about an iPad. They are exceptional. And this was a good price.","28 Jan 2021","Size: 32GB Style: WiFi Color: Space Gray","","Yes","Michelle","5.0","2020 Apple iPad (10.2-inch, Wi-Fi, 32GB) - Space Gray (8th Generation)","https://www.amazon.com/Apple-iPad-10-2-inch-Wi-Fi-32GB/product-reviews/B08J65DST5/ref=cm_cr_dp_d_show_all_btm?ie=UTF8&reviewerType=all_reviews&pageNumber=74"
"Great gift","This is a replacement for an old I pad.  It’s great.","23 Jan 2021","Size: 128GB Style: WiFi Color: Space Gray","","Yes","me","5.0","2020 Apple iPad (10.2-inch, Wi-Fi, 32GB) - Space Gray (8th Generation)","https://www.amazon.com/Apple-iPad-10-2-inch-Wi-Fi-32GB/product-reviews/B08J65DST5/ref=cm_cr_dp_d_show_all_btm?ie=UTF8&reviewerType=all_reviews&pageNumber=74"
"Perfect tablet","Good size and great interface with a lasting battery","10 Mar 2021","Size: 32GB Style: WiFi Color: Gold","","Yes","Codee","5.0","2020 Apple iPad (10.2-inch, Wi-Fi, 32GB) - Space Gray (8th Generation)","https://www.amazon.com/Apple-iPad-10-2-inch-Wi-Fi-32GB/product-reviews/B08J65DST5/ref=cm_cr_dp_d_show_all_btm?ie=UTF8&reviewerType=all_reviews&pageNumber=74"
"Best purchase everrr","I love my iPad ! I’ve been wanting one forever and I finally got it ! It works amazingly, no cracks, dents, or anything. 100% satisfied and in love !!!","11 May 2021","Size: 32GB Style: WiFi Color: Gold","","Yes","Nyesha Pretlow","5.0","2020 Apple iPad (10.2-inch, Wi-Fi, 32GB) - Space Gray (8th Generation)","https://www.amazon.com/Apple-iPad-10-2-inch-Wi-Fi-32GB/product-reviews/B08J65DST5/ref=cm_cr_dp_d_show_all_btm?ie=UTF8&reviewerType=all_reviews&pageNumber=74"
"My first apple  Ipad it does everything","it replaces all my old devices makes them obsolete","29 Apr 2021","Size: 128GB Style: WiFi Color: Gold","","Yes","silver","5.0","2020 Apple iPad (10.2-inch, Wi-Fi, 32GB) - Space Gray (8th Generation)","https://www.amazon.com/Apple-iPad-10-2-inch-Wi-Fi-32GB/product-reviews/B08J65DST5/ref=cm_cr_dp_d_show_all_btm?ie=UTF8&reviewerType=all_reviews&pageNumber=74"
"Love this ipad","Reasonable price and it is perfect for my uses.  I upgraded from first generation!!!","03 Feb 2021","Size: 32GB Style: WiFi Color: Gold","","Yes","Patricia Fazio","5.0","2020 Apple iPad (10.2-inch, Wi-Fi, 32GB) - Space Gray (8th Generation)","https://www.amazon.com/Apple-iPad-10-2-inch-Wi-Fi-32GB/product-reviews/B08J65DST5/ref=cm_cr_dp_d_show_all_btm?ie=UTF8&reviewerType=all_reviews&pageNumber=74"
"GREAT for price","Has all needed features at a very reasonable price","02 Jun 2021","Size: 32GB Style: WiFi Color: Space Gray","","Yes","Joseph B.","5.0","2020 Apple iPad (10.2-inch, Wi-Fi, 32GB) - Space Gray (8th Generation)","https://www.amazon.com/Apple-iPad-10-2-inch-Wi-Fi-32GB/product-reviews/B08J65DST5/ref=cm_cr_dp_d_show_all_btm?ie=UTF8&reviewerType=all_reviews&pageNumber=74"
"USELESS!","Did not work at ALL!!!! Screen quality is great for a non working DEVICE.","04 Jun 2021","Size: 32GB Style: WiFi Color: Gold","","Yes","Harold Katelnikoff","1.0","2020 Apple iPad (10.2-inch, Wi-Fi, 32GB) - Space Gray (8th Generation)","https://www.amazon.com/Apple-iPad-10-2-inch-Wi-Fi-32GB/product-reviews/B08J65DST5/ref=cm_cr_dp_d_show_all_btm?ie=UTF8&reviewerType=all_reviews&pageNumber=75"
"Perfect deal!","I'm pleased with it! Fast delivery! Perfect deal!","11 May 2021","Size: 32GB Style: WiFi Color: Space Gray","","Yes","HUEND GONALVES OLIVEIRA","5.0","2020 Apple iPad (10.2-inch, Wi-Fi, 32GB) - Space Gray (8th Generation)","https://www.amazon.com/Apple-iPad-10-2-inch-Wi-Fi-32GB/product-reviews/B08J65DST5/ref=cm_cr_dp_d_show_all_btm?ie=UTF8&reviewerType=all_reviews&pageNumber=75"
"As described - fast delivery","Great product.  Long battery life.  It's an Apple","14 Apr 2021","Size: 128GB Style: WiFi Color: Gold","","Yes","Dennis Kato","5.0","2020 Apple iPad (10.2-inch, Wi-Fi, 32GB) - Space Gray (8th Generation)","https://www.amazon.com/Apple-iPad-10-2-inch-Wi-Fi-32GB/product-reviews/B08J65DST5/ref=cm_cr_dp_d_show_all_btm?ie=UTF8&reviewerType=all_reviews&pageNumber=75"
"Great replacement for my older iPad.","Much easier to access sites and longer battery life.","03 Dec 2020","Size: 128GB Style: WiFi Color: Silver","","Yes","Violet","5.0","2020 Apple iPad (10.2-inch, Wi-Fi, 32GB) - Space Gray (8th Generation)","https://www.amazon.com/Apple-iPad-10-2-inch-Wi-Fi-32GB/product-reviews/B08J65DST5/ref=cm_cr_dp_d_show_all_btm?ie=UTF8&reviewerType=all_reviews&pageNumber=75"
"Worth the money","Great product easy to set up. Love apple products . Worth the money. Love the new draw features.","27 Apr 2021","Size: 128GB Style: WiFi Color: Silver","","Yes","Amazon Customer","5.0","2020 Apple iPad (10.2-inch, Wi-Fi, 32GB) - Space Gray (8th Generation)","https://www.amazon.com/Apple-iPad-10-2-inch-Wi-Fi-32GB/product-reviews/B08J65DST5/ref=cm_cr_dp_d_show_all_btm?ie=UTF8&reviewerType=all_reviews&pageNumber=75"
"Good buy for an IPad.","This is my second IPad. So far it’s working well.","06 May 2021","Size: 32GB Style: WiFi Color: Gold","","Yes","mug","5.0","2020 Apple iPad (10.2-inch, Wi-Fi, 32GB) - Space Gray (8th Generation)","https://www.amazon.com/Apple-iPad-10-2-inch-Wi-Fi-32GB/product-reviews/B08J65DST5/ref=cm_cr_dp_d_show_all_btm?ie=UTF8&reviewerType=all_reviews&pageNumber=75"
"Replaced one that was over 10 years old","Great speed and 100% improvement from our old one","26 Dec 2020","Size: 32GB Style: WiFi Color: Space Gray","","Yes","Amazon Customer","5.0","2020 Apple iPad (10.2-inch, Wi-Fi, 32GB) - Space Gray (8th Generation)","https://www.amazon.com/Apple-iPad-10-2-inch-Wi-Fi-32GB/product-reviews/B08J65DST5/ref=cm_cr_dp_d_show_all_btm?ie=UTF8&reviewerType=all_reviews&pageNumber=75"
"I love it!","it came as advertised and very quickly. I love it!","05 Apr 2021","Size: 32GB Style: WiFi Color: Gold","","Yes","Ed Gambe","5.0","2020 Apple iPad (10.2-inch, Wi-Fi, 32GB) - Space Gray (8th Generation)","https://www.amazon.com/Apple-iPad-10-2-inch-Wi-Fi-32GB/product-reviews/B08J65DST5/ref=cm_cr_dp_d_show_all_btm?ie=UTF8&reviewerType=all_reviews&pageNumber=75"
"Greatpurchase for gift.","Great gift.  Major picture upgrade from old iPad","08 May 2021","Size: 128GB Style: WiFi Color: Gold","","Yes","RWQ","5.0","2020 Apple iPad (10.2-inch, Wi-Fi, 32GB) - Space Gray (8th Generation)","https://www.amazon.com/Apple-iPad-10-2-inch-Wi-Fi-32GB/product-reviews/B08J65DST5/ref=cm_cr_dp_d_show_all_btm?ie=UTF8&reviewerType=all_reviews&pageNumber=75"
"works fine.","works fine from the first power on.  recommended.","09 Feb 2021","Size: 128GB Style: WiFi Color: Space Gray","","Yes","Isaac C Anderson","5.0","2020 Apple iPad (10.2-inch, Wi-Fi, 32GB) - Space Gray (8th Generation)","https://www.amazon.com/Apple-iPad-10-2-inch-Wi-Fi-32GB/product-reviews/B08J65DST5/ref=cm_cr_dp_d_show_all_btm?ie=UTF8&reviewerType=all_reviews&pageNumber=75"
"Real nice.","Gift for grandson. For School. He just loves it.","10 Jun 2021","Size: 128GB Style: WiFi Color: Silver","","Yes","Potman","5.0","2020 Apple iPad (10.2-inch, Wi-Fi, 32GB) - Space Gray (8th Generation)","https://www.amazon.com/Apple-iPad-10-2-inch-Wi-Fi-32GB/product-reviews/B08J65DST5/ref=cm_cr_dp_d_show_all_btm?ie=UTF8&reviewerType=all_reviews&pageNumber=76"
"Perfect For Everyday Use, But Not Serious Work","It has had some connection issues and is a little slower than I would have liked, but overall it's everything I wanted and perfect for everyday use.","07 May 2021","Size: 32GB Style: WiFi Color: Gold","","Yes","Hannah","4.0","2020 Apple iPad (10.2-inch, Wi-Fi, 32GB) - Space Gray (8th Generation)","https://www.amazon.com/Apple-iPad-10-2-inch-Wi-Fi-32GB/product-reviews/B08J65DST5/ref=cm_cr_dp_d_show_all_btm?ie=UTF8&reviewerType=all_reviews&pageNumber=76"
"She loves the Ipad","My Mom (94) loves her new iPad. She uses it everyday.  Her last one was a 2011 model. Great value too.","20 Jan 2021","Size: 32GB Style: WiFi Color: Space Gray","","Yes","Amazon Customer","5.0","2020 Apple iPad (10.2-inch, Wi-Fi, 32GB) - Space Gray (8th Generation)","https://www.amazon.com/Apple-iPad-10-2-inch-Wi-Fi-32GB/product-reviews/B08J65DST5/ref=cm_cr_dp_d_show_all_btm?ie=UTF8&reviewerType=all_reviews&pageNumber=76"
"iPad for me","I have never had an iPad before but just love this one.  So easy to use and fast","01 Jan 2021","Size: 128GB Style: WiFi Color: Silver","","Yes","Martha Shull","5.0","2020 Apple iPad (10.2-inch, Wi-Fi, 32GB) - Space Gray (8th Generation)","https://www.amazon.com/Apple-iPad-10-2-inch-Wi-Fi-32GB/product-reviews/B08J65DST5/ref=cm_cr_dp_d_show_all_btm?ie=UTF8&reviewerType=all_reviews&pageNumber=76"
"Great price","Great price, As always apple products are great","27 Apr 2021","Size: 128GB Style: WiFi Color: Gold","","Yes","RLD","5.0","2020 Apple iPad (10.2-inch, Wi-Fi, 32GB) - Space Gray (8th Generation)","https://www.amazon.com/Apple-iPad-10-2-inch-Wi-Fi-32GB/product-reviews/B08J65DST5/ref=cm_cr_dp_d_show_all_btm?ie=UTF8&reviewerType=all_reviews&pageNumber=76"
"Apple = good quality","My sons iPad was old and cracked so I got him this one he was really happy love Apple products","27 Dec 2020","Size: 32GB Style: WiFi Color: Gold","","Yes","Miguel Sanchez","5.0","2020 Apple iPad (10.2-inch, Wi-Fi, 32GB) - Space Gray (8th Generation)","https://www.amazon.com/Apple-iPad-10-2-inch-Wi-Fi-32GB/product-reviews/B08J65DST5/ref=cm_cr_dp_d_show_all_btm?ie=UTF8&reviewerType=all_reviews&pageNumber=76"
"Ipad 8th Generation. Wifi, 32GB","Ii is just the right size for for my needs. I can take it for travel. It will save my eyes from all the things I have been doing on my iphone. I have used it since yesterday and it still has plenty of battery. I've downloaded my favorite apps with no problems. I'm happy.","17 Jan 2021","Size: 32GB Style: WiFi Color: Gold","","Yes","Lana Hester","5.0","2020 Apple iPad (10.2-inch, Wi-Fi, 32GB) - Space Gray (8th Generation)","https://www.amazon.com/Apple-iPad-10-2-inch-Wi-Fi-32GB/product-reviews/B08J65DST5/ref=cm_cr_dp_d_show_all_btm?ie=UTF8&reviewerType=all_reviews&pageNumber=76"
"works fine transition from old to new easy","standard apple item works great more memory best","04 Jun 2021","Size: 128GB Style: WiFi Color: Gold","","Yes","David Horn","5.0","2020 Apple iPad (10.2-inch, Wi-Fi, 32GB) - Space Gray (8th Generation)","https://www.amazon.com/Apple-iPad-10-2-inch-Wi-Fi-32GB/product-reviews/B08J65DST5/ref=cm_cr_dp_d_show_all_btm?ie=UTF8&reviewerType=all_reviews&pageNumber=76"
"Very Efficient for school work","Perfect for school work grandson was very happy","18 Feb 2021","Size: 128GB Style: WiFi Color: Space Gray","","Yes","Rose muratalla","5.0","2020 Apple iPad (10.2-inch, Wi-Fi, 32GB) - Space Gray (8th Generation)","https://www.amazon.com/Apple-iPad-10-2-inch-Wi-Fi-32GB/product-reviews/B08J65DST5/ref=cm_cr_dp_d_show_all_btm?ie=UTF8&reviewerType=all_reviews&pageNumber=76"
"New updated iPad is a delight!","It’s great to have an update to my “ancient” iPad!","09 Apr 2021","Size: 128GB Style: WiFi Color: Space Gray","","Yes","John G Holmes","5.0","2020 Apple iPad (10.2-inch, Wi-Fi, 32GB) - Space Gray (8th Generation)","https://www.amazon.com/Apple-iPad-10-2-inch-Wi-Fi-32GB/product-reviews/B08J65DST5/ref=cm_cr_dp_d_show_all_btm?ie=UTF8&reviewerType=all_reviews&pageNumber=76"
"Frendly to student","Battery life is long enough for me to use the whole day. It is affordable and useful enough compared to other ipad","20 Dec 2020","Size: 128GB Style: WiFi Color: Space Gray","","Yes","Lisa","5.0","2020 Apple iPad (10.2-inch, Wi-Fi, 32GB) - Space Gray (8th Generation)","https://www.amazon.com/Apple-iPad-10-2-inch-Wi-Fi-32GB/product-reviews/B08J65DST5/ref=cm_cr_dp_d_show_all_btm?ie=UTF8&reviewerType=all_reviews&pageNumber=77"
"Products performs as stated.","Works well not problems with any of the programs.","06 Apr 2021","Size: 128GB Style: WiFi Color: Gold","","Yes","Amazon Customer","5.0","2020 Apple iPad (10.2-inch, Wi-Fi, 32GB) - Space Gray (8th Generation)","https://www.amazon.com/Apple-iPad-10-2-inch-Wi-Fi-32GB/product-reviews/B08J65DST5/ref=cm_cr_dp_d_show_all_btm?ie=UTF8&reviewerType=all_reviews&pageNumber=77"
"Easy to buy and shipping easy and fast","It’s A great iPad but software issues with widgets ! Had take it back factory specs ! Still having problems!","30 May 2021","Size: 32GB Style: WiFi Color: Space Gray","","Yes","Amazon Customer","3.0","2020 Apple iPad (10.2-inch, Wi-Fi, 32GB) - Space Gray (8th Generation)","https://www.amazon.com/Apple-iPad-10-2-inch-Wi-Fi-32GB/product-reviews/B08J65DST5/ref=cm_cr_dp_d_show_all_btm?ie=UTF8&reviewerType=all_reviews&pageNumber=77"
"Pretty iPad Cover","Granddaughter loved it! So far it looks great!","31 May 2021","Size: 32GB Style: WiFi Color: Gold","","Yes","Hello","5.0","2020 Apple iPad (10.2-inch, Wi-Fi, 32GB) - Space Gray (8th Generation)","https://www.amazon.com/Apple-iPad-10-2-inch-Wi-Fi-32GB/product-reviews/B08J65DST5/ref=cm_cr_dp_d_show_all_btm?ie=UTF8&reviewerType=all_reviews&pageNumber=77"
"Love it!","Great size, easy to set up and so much to use.","10 Nov 2020","Size: 32GB Style: WiFi Color: Space Gray","","Yes","Sarah L","5.0","2020 Apple iPad (10.2-inch, Wi-Fi, 32GB) - Space Gray (8th Generation)","https://www.amazon.com/Apple-iPad-10-2-inch-Wi-Fi-32GB/product-reviews/B08J65DST5/ref=cm_cr_dp_d_show_all_btm?ie=UTF8&reviewerType=all_reviews&pageNumber=77"
"Rose Gold-Not Gold","The color is not regular gold. It’s rose gold.","27 Dec 2020","Size: 32GB Style: WiFi Color: Gold","","Yes","JoAnn","5.0","2020 Apple iPad (10.2-inch, Wi-Fi, 32GB) - Space Gray (8th Generation)","https://www.amazon.com/Apple-iPad-10-2-inch-Wi-Fi-32GB/product-reviews/B08J65DST5/ref=cm_cr_dp_d_show_all_btm?ie=UTF8&reviewerType=all_reviews&pageNumber=77"
"Nice","Nice smooth and pretty quick. Would recommend.","28 Dec 2020","Size: 32GB Style: WiFi Color: Gold","","Yes","Robert and Bob","5.0","2020 Apple iPad (10.2-inch, Wi-Fi, 32GB) - Space Gray (8th Generation)","https://www.amazon.com/Apple-iPad-10-2-inch-Wi-Fi-32GB/product-reviews/B08J65DST5/ref=cm_cr_dp_d_show_all_btm?ie=UTF8&reviewerType=all_reviews&pageNumber=77"
"Calidad y precio grandioso Ipad","Grandioso Ipad super calidad vs precio lo mejor","08 Apr 2021","Size: 32GB Style: WiFi Color: Space Gray","","Yes","ENRIQUE APARICIO","5.0","2020 Apple iPad (10.2-inch, Wi-Fi, 32GB) - Space Gray (8th Generation)","https://www.amazon.com/Apple-iPad-10-2-inch-Wi-Fi-32GB/product-reviews/B08J65DST5/ref=cm_cr_dp_d_show_all_btm?ie=UTF8&reviewerType=all_reviews&pageNumber=77"
"Great quality","My daughter loves this tablet and it synced with her iPhone instantly.","14 Mar 2021","Size: 128GB Style: WiFi Color: Gold","","Yes","Flutterby","5.0","2020 Apple iPad (10.2-inch, Wi-Fi, 32GB) - Space Gray (8th Generation)","https://www.amazon.com/Apple-iPad-10-2-inch-Wi-Fi-32GB/product-reviews/B08J65DST5/ref=cm_cr_dp_d_show_all_btm?ie=UTF8&reviewerType=all_reviews&pageNumber=77"
"Battery Life Questionable","Performs well but battery last less than 8 hrs","20 May 2021","Size: 32GB Style: WiFi Color: Space Gray","","Yes","Fernando Rodriguez","5.0","2020 Apple iPad (10.2-inch, Wi-Fi, 32GB) - Space Gray (8th Generation)","https://www.amazon.com/Apple-iPad-10-2-inch-Wi-Fi-32GB/product-reviews/B08J65DST5/ref=cm_cr_dp_d_show_all_btm?ie=UTF8&reviewerType=all_reviews&pageNumber=77"
"Great buy","Apple iPad is the standard for tablets. This model has great screen quality, battery life, and picture quality. I","25 Feb 2021","Size: 128GB Style: WiFi Color: Space Gray","","Yes","kyra","5.0","2020 Apple iPad (10.2-inch, Wi-Fi, 32GB) - Space Gray (8th Generation)","https://www.amazon.com/Apple-iPad-10-2-inch-Wi-Fi-32GB/product-reviews/B08J65DST5/ref=cm_cr_dp_d_show_all_btm?ie=UTF8&reviewerType=all_reviews&pageNumber=78"
"It's awesome, but battery life isnt too great.","I love this Ipad I purchased! one problem is the battery goes by really fast. Other than that it's perfect.","17 Apr 2021","Size: 32GB Style: WiFi Color: Gold","","Yes","Chuck E. Tate","4.0","2020 Apple iPad (10.2-inch, Wi-Fi, 32GB) - Space Gray (8th Generation)","https://www.amazon.com/Apple-iPad-10-2-inch-Wi-Fi-32GB/product-reviews/B08J65DST5/ref=cm_cr_dp_d_show_all_btm?ie=UTF8&reviewerType=all_reviews&pageNumber=78"
"Good deal!","Good little gadget. I like it. Very reliable.","18 Apr 2021","Size: 32GB Style: WiFi Color: Space Gray","","Yes","Corkerstein","5.0","2020 Apple iPad (10.2-inch, Wi-Fi, 32GB) - Space Gray (8th Generation)","https://www.amazon.com/Apple-iPad-10-2-inch-Wi-Fi-32GB/product-reviews/B08J65DST5/ref=cm_cr_dp_d_show_all_btm?ie=UTF8&reviewerType=all_reviews&pageNumber=78"
"Great!","Bought for grandson. Loves it! Great product.","02 Jun 2021","Size: 128GB Style: WiFi Color: Silver","","Yes","Marti Routh","5.0","2020 Apple iPad (10.2-inch, Wi-Fi, 32GB) - Space Gray (8th Generation)","https://www.amazon.com/Apple-iPad-10-2-inch-Wi-Fi-32GB/product-reviews/B08J65DST5/ref=cm_cr_dp_d_show_all_btm?ie=UTF8&reviewerType=all_reviews&pageNumber=78"
"Love It","Perfect. Product as described.  Fast service.","27 Apr 2021","Size: 128GB Style: WiFi Color: Space Gray","","Yes","Diane J. Gardner","5.0","2020 Apple iPad (10.2-inch, Wi-Fi, 32GB) - Space Gray (8th Generation)","https://www.amazon.com/Apple-iPad-10-2-inch-Wi-Fi-32GB/product-reviews/B08J65DST5/ref=cm_cr_dp_d_show_all_btm?ie=UTF8&reviewerType=all_reviews&pageNumber=78"
"Battery life","My old battery died.hope this lasts longer,like the new features.","21 Nov 2020","Size: 128GB Style: WiFi Color: Space Gray","","Yes","Amazon Customer","5.0","2020 Apple iPad (10.2-inch, Wi-Fi, 32GB) - Space Gray (8th Generation)","https://www.amazon.com/Apple-iPad-10-2-inch-Wi-Fi-32GB/product-reviews/B08J65DST5/ref=cm_cr_dp_d_show_all_btm?ie=UTF8&reviewerType=all_reviews&pageNumber=78"
"Easy to log into and nice features for the price.","This was so easy to set up, I really like the touchscreen and to be able to log in with finger touch!","10 May 2021","Size: 128GB Style: WiFi Color: Space Gray","","Yes","Lynn","5.0","2020 Apple iPad (10.2-inch, Wi-Fi, 32GB) - Space Gray (8th Generation)","https://www.amazon.com/Apple-iPad-10-2-inch-Wi-Fi-32GB/product-reviews/B08J65DST5/ref=cm_cr_dp_d_show_all_btm?ie=UTF8&reviewerType=all_reviews&pageNumber=78"
"Apple promised delivery at the end of January.  We received it on the 28th, and are delighted.","Obviously, it’s an IPad.  This is also a test.","31 Dec 2020","Size: 128GB Style: WiFi Color: Gold","","Yes","Kate A. Ruby","5.0","2020 Apple iPad (10.2-inch, Wi-Fi, 32GB) - Space Gray (8th Generation)","https://www.amazon.com/Apple-iPad-10-2-inch-Wi-Fi-32GB/product-reviews/B08J65DST5/ref=cm_cr_dp_d_show_all_btm?ie=UTF8&reviewerType=all_reviews&pageNumber=78"
"Enough memory to play games","Grandson loves it.  Can now play his games whenever he wants.","13 May 2021","Size: 128GB Style: WiFi Color: Space Gray","","Yes","MH47","5.0","2020 Apple iPad (10.2-inch, Wi-Fi, 32GB) - Space Gray (8th Generation)","https://www.amazon.com/Apple-iPad-10-2-inch-Wi-Fi-32GB/product-reviews/B08J65DST5/ref=cm_cr_dp_d_show_all_btm?ie=UTF8&reviewerType=all_reviews&pageNumber=78"
"IPAD","What can you say great quality apple product","16 May 2021","Size: 32GB Style: WiFi Color: Gold","","Yes","Average Joe","5.0","2020 Apple iPad (10.2-inch, Wi-Fi, 32GB) - Space Gray (8th Generation)","https://www.amazon.com/Apple-iPad-10-2-inch-Wi-Fi-32GB/product-reviews/B08J65DST5/ref=cm_cr_dp_d_show_all_btm?ie=UTF8&reviewerType=all_reviews&pageNumber=78"
"Good price","Cute and great priced. With alot of storage.","21 May 2021","Size: 128GB Style: WiFi Color: Gold","","Yes","Tricia Ledford","5.0","2020 Apple iPad (10.2-inch, Wi-Fi, 32GB) - Space Gray (8th Generation)","https://www.amazon.com/Apple-iPad-10-2-inch-Wi-Fi-32GB/product-reviews/B08J65DST5/ref=cm_cr_dp_d_show_all_btm?ie=UTF8&reviewerType=all_reviews&pageNumber=79"
"Its nice and new","Comes with everything you need to get going if you are apple savy. Got this for my wife to use as a digital cook book organizer, delivered on time and works like an IPAD should!","30 Dec 2020","Size: 32GB Style: WiFi Color: Space Gray","","Yes","brian buford","5.0","2020 Apple iPad (10.2-inch, Wi-Fi, 32GB) - Space Gray (8th Generation)","https://www.amazon.com/Apple-iPad-10-2-inch-Wi-Fi-32GB/product-reviews/B08J65DST5/ref=cm_cr_dp_d_show_all_btm?ie=UTF8&reviewerType=all_reviews&pageNumber=79"
"Great price","love love this easy to you and the price is great got here fast also .would definitely recommend","14 Oct 2020","Size: 32GB Style: WiFi Color: Gold","","Yes","Lisa fuentes","5.0","2020 Apple iPad (10.2-inch, Wi-Fi, 32GB) - Space Gray (8th Generation)","https://www.amazon.com/Apple-iPad-10-2-inch-Wi-Fi-32GB/product-reviews/B08J65DST5/ref=cm_cr_dp_d_show_all_btm?ie=UTF8&reviewerType=all_reviews&pageNumber=79"
"Good deal for latest gen iPad.","I mean, it’s an iPad, what can I say. Works great and it was a good deal.","26 Mar 2021","Size: 32GB Style: WiFi Color: Space Gray","","Yes","Nicole","5.0","2020 Apple iPad (10.2-inch, Wi-Fi, 32GB) - Space Gray (8th Generation)","https://www.amazon.com/Apple-iPad-10-2-inch-Wi-Fi-32GB/product-reviews/B08J65DST5/ref=cm_cr_dp_d_show_all_btm?ie=UTF8&reviewerType=all_reviews&pageNumber=79"
"It's easy to handle - slim - and lots of battery life","I had trouble transferring everything from my old ipad but got on line with a CR and they talked me through it.","04 Dec 2020","Size: 128GB Style: WiFi Color: Silver","","Yes","babs","5.0","2020 Apple iPad (10.2-inch, Wi-Fi, 32GB) - Space Gray (8th Generation)","https://www.amazon.com/Apple-iPad-10-2-inch-Wi-Fi-32GB/product-reviews/B08J65DST5/ref=cm_cr_dp_d_show_all_btm?ie=UTF8&reviewerType=all_reviews&pageNumber=79"
"Good value","Great product, got it for Christmas and very happy with it","21 Feb 2021","Size: 32GB Style: WiFi Color: Gold","","Yes","Amazon Customer","5.0","2020 Apple iPad (10.2-inch, Wi-Fi, 32GB) - Space Gray (8th Generation)","https://www.amazon.com/Apple-iPad-10-2-inch-Wi-Fi-32GB/product-reviews/B08J65DST5/ref=cm_cr_dp_d_show_all_btm?ie=UTF8&reviewerType=all_reviews&pageNumber=79"
"Excelente inversión","Llego muy bien, sellado totalmente, me encantó el producto","23 Apr 2021","Size: 32GB Style: WiFi Color: Space Gray","","Yes","Jose Castillo-Ponce","5.0","2020 Apple iPad (10.2-inch, Wi-Fi, 32GB) - Space Gray (8th Generation)","https://www.amazon.com/Apple-iPad-10-2-inch-Wi-Fi-32GB/product-reviews/B08J65DST5/ref=cm_cr_dp_d_show_all_btm?ie=UTF8&reviewerType=all_reviews&pageNumber=79"
"Great buy.","Really like using this for notes on the go.","30 Apr 2021","Size: 128GB Style: WiFi Color: Gold","","Yes","KimmyjoNC","5.0","2020 Apple iPad (10.2-inch, Wi-Fi, 32GB) - Space Gray (8th Generation)","https://www.amazon.com/Apple-iPad-10-2-inch-Wi-Fi-32GB/product-reviews/B08J65DST5/ref=cm_cr_dp_d_show_all_btm?ie=UTF8&reviewerType=all_reviews&pageNumber=79"
"Worth every penny","Fast shipping and product works great. I use it primarily for note ability for med school.","04 Jun 2021","Size: 128GB Style: WiFi Color: Space Gray","","Yes","Keng Moua","5.0","2020 Apple iPad (10.2-inch, Wi-Fi, 32GB) - Space Gray (8th Generation)","https://www.amazon.com/Apple-iPad-10-2-inch-Wi-Fi-32GB/product-reviews/B08J65DST5/ref=cm_cr_dp_d_show_all_btm?ie=UTF8&reviewerType=all_reviews&pageNumber=79"
"GREAT BRAND NEW IN BOX","AMAZING, came brand new in the box!!! Never used box was in great condition iPad not a scratch on it still in protective film great purchase work every penny thank you Amazon!!","10 Jun 2021","Size: 32GB Style: WiFi Color: Gold","https://images-na.ssl-images-amazon.com/images/I/B1R4U7DGM9S._SY88.jpg
https://images-na.ssl-images-amazon.com/images/I/B1rO1PYZDFS._SY88.jpg
https://images-na.ssl-images-amazon.com/images/I/B1sZJF8X4aS._SY88.jpg","Yes","Victoria","5.0","2020 Apple iPad (10.2-inch, Wi-Fi, 32GB) - Space Gray (8th Generation)","https://www.amazon.com/Apple-iPad-10-2-inch-Wi-Fi-32GB/product-reviews/B08J65DST5/ref=cm_cr_dp_d_show_all_btm?ie=UTF8&reviewerType=all_reviews&pageNumber=79"
"Great Value","I purchased this during the Oct. prime day- great value for this product.  I am very pleased with how easily I transferred apps and photos from my android phone.  Worth the wait to purchase an IPAD.","26 Oct 2020","Size: 32GB Style: WiFi Color: Gold","","Yes","Bee","5.0","2020 Apple iPad (10.2-inch, Wi-Fi, 32GB) - Space Gray (8th Generation)","https://www.amazon.com/Apple-iPad-10-2-inch-Wi-Fi-32GB/product-reviews/B08J65DST5/ref=cm_cr_dp_d_show_all_btm?ie=UTF8&reviewerType=all_reviews&pageNumber=80"
"Great Buy","Love all the features and 10.2 Inch Screen","28 May 2021","Size: 128GB Style: WiFi Color: Space Gray","","Yes","I.C.","5.0","2020 Apple iPad (10.2-inch, Wi-Fi, 32GB) - Space Gray (8th Generation)","https://www.amazon.com/Apple-iPad-10-2-inch-Wi-Fi-32GB/product-reviews/B08J65DST5/ref=cm_cr_dp_d_show_all_btm?ie=UTF8&reviewerType=all_reviews&pageNumber=80"
"iPad","Such a great gift, Apple did good on this.","27 Dec 2020","Size: 32GB Style: WiFi Color: Space Gray","","Yes","Stacey Perrin-Brest","5.0","2020 Apple iPad (10.2-inch, Wi-Fi, 32GB) - Space Gray (8th Generation)","https://www.amazon.com/Apple-iPad-10-2-inch-Wi-Fi-32GB/product-reviews/B08J65DST5/ref=cm_cr_dp_d_show_all_btm?ie=UTF8&reviewerType=all_reviews&pageNumber=80"
"A must have","I have never been happier. MERRY CHRISTMAS","22 Dec 2020","Size: 128GB Style: WiFi Color: Space Gray","","Yes","WILLIAM J DUNGAN","5.0","2020 Apple iPad (10.2-inch, Wi-Fi, 32GB) - Space Gray (8th Generation)","https://www.amazon.com/Apple-iPad-10-2-inch-Wi-Fi-32GB/product-reviews/B08J65DST5/ref=cm_cr_dp_d_show_all_btm?ie=UTF8&reviewerType=all_reviews&pageNumber=80"
"Me encanta!!!","Me encanta el tamaño, no pesa mucho y puedo ver perfectamente la información q busco en ella.","27 Feb 2021","Size: 32GB Style: WiFi Color: Silver","","Yes","Flor M. Diaz Gonzalez","5.0","2020 Apple iPad (10.2-inch, Wi-Fi, 32GB) - Space Gray (8th Generation)","https://www.amazon.com/Apple-iPad-10-2-inch-Wi-Fi-32GB/product-reviews/B08J65DST5/ref=cm_cr_dp_d_show_all_btm?ie=UTF8&reviewerType=all_reviews&pageNumber=80"
"iPad 10.2","Great service great product iPad is great works terrific","14 Jun 2021","Size: 128GB Style: WiFi Color: Silver","","Yes","Amazon Customer","5.0","2020 Apple iPad (10.2-inch, Wi-Fi, 32GB) - Space Gray (8th Generation)","https://www.amazon.com/Apple-iPad-10-2-inch-Wi-Fi-32GB/product-reviews/B08J65DST5/ref=cm_cr_dp_d_show_all_btm?ie=UTF8&reviewerType=all_reviews&pageNumber=80"
"It’s an Apple product","Using it to make this good recommendation","20 Apr 2021","Size: 128GB Style: WiFi Color: Space Gray","","Yes","LesD","5.0","2020 Apple iPad (10.2-inch, Wi-Fi, 32GB) - Space Gray (8th Generation)","https://www.amazon.com/Apple-iPad-10-2-inch-Wi-Fi-32GB/product-reviews/B08J65DST5/ref=cm_cr_dp_d_show_all_btm?ie=UTF8&reviewerType=all_reviews&pageNumber=80"
"Worth the money","Lack of accessories is kind of a turn off","14 Apr 2021","Size: 32GB Style: WiFi Color: Space Gray","","Yes","Samson","5.0","2020 Apple iPad (10.2-inch, Wi-Fi, 32GB) - Space Gray (8th Generation)","https://www.amazon.com/Apple-iPad-10-2-inch-Wi-Fi-32GB/product-reviews/B08J65DST5/ref=cm_cr_dp_d_show_all_btm?ie=UTF8&reviewerType=all_reviews&pageNumber=80"
"I’d buy it again!","Wonderful upgrade from a very early iPad.","03 Jun 2021","Size: 32GB Style: WiFi Color: Space Gray","","Yes","Sam","5.0","2020 Apple iPad (10.2-inch, Wi-Fi, 32GB) - Space Gray (8th Generation)","https://www.amazon.com/Apple-iPad-10-2-inch-Wi-Fi-32GB/product-reviews/B08J65DST5/ref=cm_cr_dp_d_show_all_btm?ie=UTF8&reviewerType=all_reviews&pageNumber=80"
"Works great.","It’s an Apple product what’s not to like.","22 Dec 2020","Size: 32GB Style: WiFi Color: Gold","","Yes","Pam Lipscomb","5.0","2020 Apple iPad (10.2-inch, Wi-Fi, 32GB) - Space Gray (8th Generation)","https://www.amazon.com/Apple-iPad-10-2-inch-Wi-Fi-32GB/product-reviews/B08J65DST5/ref=cm_cr_dp_d_show_all_btm?ie=UTF8&reviewerType=all_reviews&pageNumber=80"
"Ipad","Great replacement for my 9 year old ipadair","12 Mar 2021","Size: 32GB Style: WiFi Color: Space Gray","","Yes","Russell Katuin","5.0","2020 Apple iPad (10.2-inch, Wi-Fi, 32GB) - Space Gray (8th Generation)","https://www.amazon.com/Apple-iPad-10-2-inch-Wi-Fi-32GB/product-reviews/B08J65DST5/ref=cm_cr_dp_d_show_all_btm?ie=UTF8&reviewerType=all_reviews&pageNumber=81"
"Definitely worth the money.","I Love my iPad. If your just using it for games, videos, social media, it’s great for a 32G I’ve downloaded all the apps I wanted. The battery life is long lasting. It said the delivery date was 2 weeks from when I purchased it but I got it in a week. Definitely worth the money.","23 Jan 2021","Size: 32GB Style: WiFi Color: Gold","https://images-na.ssl-images-amazon.com/images/I/A1EEqHs3oqL._SY88.jpg
https://images-na.ssl-images-amazon.com/images/I/A1oOJPDnCxL._SY88.jpg
https://images-na.ssl-images-amazon.com/images/I/B1G-LxHCaqS._SY88.jpg
https://images-na.ssl-images-amazon.com/images/I/B1tOMr8MPES._SY88.jpg","Yes","Amanda","5.0","2020 Apple iPad (10.2-inch, Wi-Fi, 32GB) - Space Gray (8th Generation)","https://www.amazon.com/Apple-iPad-10-2-inch-Wi-Fi-32GB/product-reviews/B08J65DST5/ref=cm_cr_dp_d_show_all_btm?ie=UTF8&reviewerType=all_reviews&pageNumber=81"
"Ipad","Ordered this for my wife and she loves it","29 Apr 2021","Size: 32GB Style: WiFi Color: Silver","","Yes","William A.","5.0","2020 Apple iPad (10.2-inch, Wi-Fi, 32GB) - Space Gray (8th Generation)","https://www.amazon.com/Apple-iPad-10-2-inch-Wi-Fi-32GB/product-reviews/B08J65DST5/ref=cm_cr_dp_d_show_all_btm?ie=UTF8&reviewerType=all_reviews&pageNumber=81"
"Price is right!","Great price!  User friendly!  Love my ipad.","25 Dec 2020","Size: 32GB Style: WiFi Color: Gold","","Yes","Marcialee","5.0","2020 Apple iPad (10.2-inch, Wi-Fi, 32GB) - Space Gray (8th Generation)","https://www.amazon.com/Apple-iPad-10-2-inch-Wi-Fi-32GB/product-reviews/B08J65DST5/ref=cm_cr_dp_d_show_all_btm?ie=UTF8&reviewerType=all_reviews&pageNumber=81"
"Life consuming","Newest model works great. Too great actually. On it way more than I want to be.","21 Dec 2020","Size: 32GB Style: WiFi Color: Space Gray","","Yes","Seti","5.0","2020 Apple iPad (10.2-inch, Wi-Fi, 32GB) - Space Gray (8th Generation)","https://www.amazon.com/Apple-iPad-10-2-inch-Wi-Fi-32GB/product-reviews/B08J65DST5/ref=cm_cr_dp_d_show_all_btm?ie=UTF8&reviewerType=all_reviews&pageNumber=81"
"I love my iPad","I order it on a rose color work perfectly","24 Feb 2021","Size: 32GB Style: WiFi Color: Gold","","Yes","Butterfly","5.0","2020 Apple iPad (10.2-inch, Wi-Fi, 32GB) - Space Gray (8th Generation)","https://www.amazon.com/Apple-iPad-10-2-inch-Wi-Fi-32GB/product-reviews/B08J65DST5/ref=cm_cr_dp_d_show_all_btm?ie=UTF8&reviewerType=all_reviews&pageNumber=81"
"Very good deal for basic iPad.","Great value for basic iPad.  GOOD DEAL!!","15 Feb 2021","Size: 32GB Style: WiFi Color: Space Gray","","Yes","Brenda R","5.0","2020 Apple iPad (10.2-inch, Wi-Fi, 32GB) - Space Gray (8th Generation)","https://www.amazon.com/Apple-iPad-10-2-inch-Wi-Fi-32GB/product-reviews/B08J65DST5/ref=cm_cr_dp_d_show_all_btm?ie=UTF8&reviewerType=all_reviews&pageNumber=81"
"Functional","Just what I wanted, light weight and functional.","26 Oct 2020","Size: 128GB Style: WiFi Color: Space Gray","","Yes","Gloria Meehan","5.0","2020 Apple iPad (10.2-inch, Wi-Fi, 32GB) - Space Gray (8th Generation)","https://www.amazon.com/Apple-iPad-10-2-inch-Wi-Fi-32GB/product-reviews/B08J65DST5/ref=cm_cr_dp_d_show_all_btm?ie=UTF8&reviewerType=all_reviews&pageNumber=81"
"Good buy!","Arrived and works as expected. Very happy.","03 Jan 2021","Size: 32GB Style: WiFi Color: Space Gray","","Yes","Jen","5.0","2020 Apple iPad (10.2-inch, Wi-Fi, 32GB) - Space Gray (8th Generation)","https://www.amazon.com/Apple-iPad-10-2-inch-Wi-Fi-32GB/product-reviews/B08J65DST5/ref=cm_cr_dp_d_show_all_btm?ie=UTF8&reviewerType=all_reviews&pageNumber=81"
"Great gift","Nice size. Actual ipad. Good to order from here because I didn’t have to wait in line or anything @ the apple store. Comes with full packaging.","17 Jan 2021","Size: 32GB Style: WiFi Color: Space Gray","","Yes","DAdrianne ChaversAmazon Customer","5.0","2020 Apple iPad (10.2-inch, Wi-Fi, 32GB) - Space Gray (8th Generation)","https://www.amazon.com/Apple-iPad-10-2-inch-Wi-Fi-32GB/product-reviews/B08J65DST5/ref=cm_cr_dp_d_show_all_btm?ie=UTF8&reviewerType=all_reviews&pageNumber=81"
"Does not disappoint!","Everything is as expected for an I-pad.","10 Mar 2021","Size: 32GB Style: WiFi Color: Gold","","Yes","Famah Smith","5.0","2020 Apple iPad (10.2-inch, Wi-Fi, 32GB) - Space Gray (8th Generation)","https://www.amazon.com/Apple-iPad-10-2-inch-Wi-Fi-32GB/product-reviews/B08J65DST5/ref=cm_cr_dp_d_show_all_btm?ie=UTF8&reviewerType=all_reviews&pageNumber=82"
"LOVE","I’m obsessed! Great price i got it on prime day!","17 Oct 2020","Size: 32GB Style: WiFi Color: Silver","","Yes","Janet D","5.0","2020 Apple iPad (10.2-inch, Wi-Fi, 32GB) - Space Gray (8th Generation)","https://www.amazon.com/Apple-iPad-10-2-inch-Wi-Fi-32GB/product-reviews/B08J65DST5/ref=cm_cr_dp_d_show_all_btm?ie=UTF8&reviewerType=all_reviews&pageNumber=82"
"Good product","Christmas gift for wife, she loves it.","01 Jun 2021","Size: 128GB Style: WiFi Color: Gold","","Yes","Kindle Customer","5.0","2020 Apple iPad (10.2-inch, Wi-Fi, 32GB) - Space Gray (8th Generation)","https://www.amazon.com/Apple-iPad-10-2-inch-Wi-Fi-32GB/product-reviews/B08J65DST5/ref=cm_cr_dp_d_show_all_btm?ie=UTF8&reviewerType=all_reviews&pageNumber=82"
"Value and function are super","We are living this device. Great value","24 Jan 2021","Size: 128GB Style: WiFi Color: Space Gray","","Yes","Laura M. Warner","5.0","2020 Apple iPad (10.2-inch, Wi-Fi, 32GB) - Space Gray (8th Generation)","https://www.amazon.com/Apple-iPad-10-2-inch-Wi-Fi-32GB/product-reviews/B08J65DST5/ref=cm_cr_dp_d_show_all_btm?ie=UTF8&reviewerType=all_reviews&pageNumber=82"
"excellent","happy with my upgrate, this ipad air is gourgeous and super fast, great buy","01 Dec 2020","Size: 32GB Style: WiFi Color: Space Gray","","Yes","TigerNick","5.0","2020 Apple iPad (10.2-inch, Wi-Fi, 32GB) - Space Gray (8th Generation)","https://www.amazon.com/Apple-iPad-10-2-inch-Wi-Fi-32GB/product-reviews/B08J65DST5/ref=cm_cr_dp_d_show_all_btm?ie=UTF8&reviewerType=all_reviews&pageNumber=82"
"Very nice. Expensive","Very nice but returned it because I found just as good for much less $","02 Dec 2020","Size: 32GB Style: WiFi Color: Gold","","Yes","Judith Dreier","5.0","2020 Apple iPad (10.2-inch, Wi-Fi, 32GB) - Space Gray (8th Generation)","https://www.amazon.com/Apple-iPad-10-2-inch-Wi-Fi-32GB/product-reviews/B08J65DST5/ref=cm_cr_dp_d_show_all_btm?ie=UTF8&reviewerType=all_reviews&pageNumber=82"
"No disappointments","What can you say? It comes as it comes","24 Apr 2021","Size: 32GB Style: WiFi Color: Gold","","Yes","Hal H","4.0","2020 Apple iPad (10.2-inch, Wi-Fi, 32GB) - Space Gray (8th Generation)","https://www.amazon.com/Apple-iPad-10-2-inch-Wi-Fi-32GB/product-reviews/B08J65DST5/ref=cm_cr_dp_d_show_all_btm?ie=UTF8&reviewerType=all_reviews&pageNumber=82"
"Great value","Easy to use. Easy to see. Lightweight","20 Apr 2021","Size: 32GB Style: WiFi Color: Silver","","Yes","M. A. Killion","5.0","2020 Apple iPad (10.2-inch, Wi-Fi, 32GB) - Space Gray (8th Generation)","https://www.amazon.com/Apple-iPad-10-2-inch-Wi-Fi-32GB/product-reviews/B08J65DST5/ref=cm_cr_dp_d_show_all_btm?ie=UTF8&reviewerType=all_reviews&pageNumber=82"
"Awesome tablet","Totally awesome! Exactly what I needed, super stoked!","16 Oct 2020","Size: 128GB Style: WiFi Color: Space Gray","","Yes","chris","5.0","2020 Apple iPad (10.2-inch, Wi-Fi, 32GB) - Space Gray (8th Generation)","https://www.amazon.com/Apple-iPad-10-2-inch-Wi-Fi-32GB/product-reviews/B08J65DST5/ref=cm_cr_dp_d_show_all_btm?ie=UTF8&reviewerType=all_reviews&pageNumber=82"
"wonderful","Love it use for facetiming my grandkids","25 Feb 2021","Size: 32GB Style: WiFi Color: Gold","","Yes","lolita","5.0","2020 Apple iPad (10.2-inch, Wi-Fi, 32GB) - Space Gray (8th Generation)","https://www.amazon.com/Apple-iPad-10-2-inch-Wi-Fi-32GB/product-reviews/B08J65DST5/ref=cm_cr_dp_d_show_all_btm?ie=UTF8&reviewerType=all_reviews&pageNumber=82"
"Great buy","Bought it as a gift and my little brother loves it ! Works great and we have had no issues at all.","15 Feb 2021","Size: 32GB Style: WiFi Color: Space Gray","","Yes","Anna Ramirez","5.0","2020 Apple iPad (10.2-inch, Wi-Fi, 32GB) - Space Gray (8th Generation)","https://www.amazon.com/Apple-iPad-10-2-inch-Wi-Fi-32GB/product-reviews/B08J65DST5/ref=cm_cr_dp_d_show_all_btm?ie=UTF8&reviewerType=all_reviews&pageNumber=83"
"Perfect","Exactly what I wanted!  Delivered on time and perfect consition","02 Nov 2020","Size: 128GB Style: WiFi Color: Space Gray","","Yes","Richard Laakman","5.0","2020 Apple iPad (10.2-inch, Wi-Fi, 32GB) - Space Gray (8th Generation)","https://www.amazon.com/Apple-iPad-10-2-inch-Wi-Fi-32GB/product-reviews/B08J65DST5/ref=cm_cr_dp_d_show_all_btm?ie=UTF8&reviewerType=all_reviews&pageNumber=83"
"Great product snd easy to use.","Great Apple product - long battery life!","25 May 2021","Size: 128GB Style: WiFi Color: Silver","","Yes","Satisfied  Customer","5.0","2020 Apple iPad (10.2-inch, Wi-Fi, 32GB) - Space Gray (8th Generation)","https://www.amazon.com/Apple-iPad-10-2-inch-Wi-Fi-32GB/product-reviews/B08J65DST5/ref=cm_cr_dp_d_show_all_btm?ie=UTF8&reviewerType=all_reviews&pageNumber=83"
"Perfect","Perfect! Great value! Beautifully packaged.","06 Jan 2021","Size: 128GB Style: WiFi Color: Gold","","Yes","DVaPer","5.0","2020 Apple iPad (10.2-inch, Wi-Fi, 32GB) - Space Gray (8th Generation)","https://www.amazon.com/Apple-iPad-10-2-inch-Wi-Fi-32GB/product-reviews/B08J65DST5/ref=cm_cr_dp_d_show_all_btm?ie=UTF8&reviewerType=all_reviews&pageNumber=83"
"Christmas present","I brought it for granddaughter for Xmas","14 Dec 2020","Size: 32GB Style: WiFi Color: Space Gray","","Yes","Lady Hays","5.0","2020 Apple iPad (10.2-inch, Wi-Fi, 32GB) - Space Gray (8th Generation)","https://www.amazon.com/Apple-iPad-10-2-inch-Wi-Fi-32GB/product-reviews/B08J65DST5/ref=cm_cr_dp_d_show_all_btm?ie=UTF8&reviewerType=all_reviews&pageNumber=83"
"easy to transferee date from my old ipad to the new ipad","updated my ipad to a newer one. It was simple","01 May 2021","Size: 32GB Style: WiFi Color: Space Gray","","Yes","sandra l. rutt","5.0","2020 Apple iPad (10.2-inch, Wi-Fi, 32GB) - Space Gray (8th Generation)","https://www.amazon.com/Apple-iPad-10-2-inch-Wi-Fi-32GB/product-reviews/B08J65DST5/ref=cm_cr_dp_d_show_all_btm?ie=UTF8&reviewerType=all_reviews&pageNumber=83"
"Good Product","Good Product. There some issues with the iphone to the ipad.","11 Jan 2021","Size: 128GB Style: WiFi Color: Space Gray","","Yes","viscogr","4.0","2020 Apple iPad (10.2-inch, Wi-Fi, 32GB) - Space Gray (8th Generation)","https://www.amazon.com/Apple-iPad-10-2-inch-Wi-Fi-32GB/product-reviews/B08J65DST5/ref=cm_cr_dp_d_show_all_btm?ie=UTF8&reviewerType=all_reviews&pageNumber=83"
"Great","Beautiful i-pad that my grandmother loved as a Christmas gift. Shipping was as expected","04 Feb 2021","Size: 32GB Style: WiFi Color: Gold","","Yes","Shannon H","5.0","2020 Apple iPad (10.2-inch, Wi-Fi, 32GB) - Space Gray (8th Generation)","https://www.amazon.com/Apple-iPad-10-2-inch-Wi-Fi-32GB/product-reviews/B08J65DST5/ref=cm_cr_dp_d_show_all_btm?ie=UTF8&reviewerType=all_reviews&pageNumber=83"
"New ipad","Larger screen n iPad. Longer battery life","14 Apr 2021","Size: 32GB Style: WiFi Color: Gold","","Yes","pat cisarik","5.0","2020 Apple iPad (10.2-inch, Wi-Fi, 32GB) - Space Gray (8th Generation)","https://www.amazon.com/Apple-iPad-10-2-inch-Wi-Fi-32GB/product-reviews/B08J65DST5/ref=cm_cr_dp_d_show_all_btm?ie=UTF8&reviewerType=all_reviews&pageNumber=83"
"Perfect","Replaced my older iPad with this model.  Very please with streaming and upload speeds.  Great picture quality.  Slim design","26 Feb 2021","Size: 128GB Style: WiFi Color: Silver","","Yes","Rick","5.0","2020 Apple iPad (10.2-inch, Wi-Fi, 32GB) - Space Gray (8th Generation)","https://www.amazon.com/Apple-iPad-10-2-inch-Wi-Fi-32GB/product-reviews/B08J65DST5/ref=cm_cr_dp_d_show_all_btm?ie=UTF8&reviewerType=all_reviews&pageNumber=83"
"Great, as expected.","It turned out great. My grandfather had an older version of the iPad and so I got him this one to replace it. He was ecstatic when he got it and still says he loves it.","07 Apr 2021","Size: 32GB Style: WiFi Color: Silver","","Yes","Herbert Dawnson","5.0","2020 Apple iPad (10.2-inch, Wi-Fi, 32GB) - Space Gray (8th Generation)","https://www.amazon.com/Apple-iPad-10-2-inch-Wi-Fi-32GB/product-reviews/B08J65DST5/ref=cm_cr_dp_d_show_all_btm?ie=UTF8&reviewerType=all_reviews&pageNumber=84"
"Works great and replaces my old IPad Air","I use this for just about every thing. Very happy with it.","25 Dec 2020","Size: 128GB Style: WiFi Color: Silver","","Yes","Denise E. Greller","5.0","2020 Apple iPad (10.2-inch, Wi-Fi, 32GB) - Space Gray (8th Generation)","https://www.amazon.com/Apple-iPad-10-2-inch-Wi-Fi-32GB/product-reviews/B08J65DST5/ref=cm_cr_dp_d_show_all_btm?ie=UTF8&reviewerType=all_reviews&pageNumber=84"
"Good find","Great price for a wonderful product","15 May 2021","Size: 32GB Style: WiFi Color: Space Gray","","Yes","kj shane","5.0","2020 Apple iPad (10.2-inch, Wi-Fi, 32GB) - Space Gray (8th Generation)","https://www.amazon.com/Apple-iPad-10-2-inch-Wi-Fi-32GB/product-reviews/B08J65DST5/ref=cm_cr_dp_d_show_all_btm?ie=UTF8&reviewerType=all_reviews&pageNumber=84"
"Just the right size.","Easy to use. Has plenty of storage.","10 Feb 2021","Size: 128GB Style: WiFi Color: Gold","","Yes","Roger","5.0","2020 Apple iPad (10.2-inch, Wi-Fi, 32GB) - Space Gray (8th Generation)","https://www.amazon.com/Apple-iPad-10-2-inch-Wi-Fi-32GB/product-reviews/B08J65DST5/ref=cm_cr_dp_d_show_all_btm?ie=UTF8&reviewerType=all_reviews&pageNumber=84"
"Works Great!","Works well for what we need it for.","14 Dec 2020","Size: 32GB Style: WiFi Color: Space Gray","","Yes","Maggie J.","5.0","2020 Apple iPad (10.2-inch, Wi-Fi, 32GB) - Space Gray (8th Generation)","https://www.amazon.com/Apple-iPad-10-2-inch-Wi-Fi-32GB/product-reviews/B08J65DST5/ref=cm_cr_dp_d_show_all_btm?ie=UTF8&reviewerType=all_reviews&pageNumber=84"
"Great Product Great Price","Great Product for the 1st time user","11 Jun 2021","Size: 128GB Style: WiFi Color: Silver","","Yes","Bill Walsh","5.0","2020 Apple iPad (10.2-inch, Wi-Fi, 32GB) - Space Gray (8th Generation)","https://www.amazon.com/Apple-iPad-10-2-inch-Wi-Fi-32GB/product-reviews/B08J65DST5/ref=cm_cr_dp_d_show_all_btm?ie=UTF8&reviewerType=all_reviews&pageNumber=84"
"The best there is, battery life is amazing","The best there is, battery life is amazing","05 Dec 2020","Size: 32GB Style: WiFi Color: Silver","","Yes","Amazon Customer","5.0","2020 Apple iPad (10.2-inch, Wi-Fi, 32GB) - Space Gray (8th Generation)","https://www.amazon.com/Apple-iPad-10-2-inch-Wi-Fi-32GB/product-reviews/B08J65DST5/ref=cm_cr_dp_d_show_all_btm?ie=UTF8&reviewerType=all_reviews&pageNumber=84"
"Great!","I got this iPad to upgrade from my old one because it broke, I love it so much I mainly use it for drawing and the screen is such a great size. No issues so far! ","31 May 2021","Size: 128GB Style: WiFi Color: Space Gray","","Yes","Alyssa","5.0","2020 Apple iPad (10.2-inch, Wi-Fi, 32GB) - Space Gray (8th Generation)","https://www.amazon.com/Apple-iPad-10-2-inch-Wi-Fi-32GB/product-reviews/B08J65DST5/ref=cm_cr_dp_d_show_all_btm?ie=UTF8&reviewerType=all_reviews&pageNumber=84"
"It’s a iPad that’s all I can say","Works for me I use it all the time","26 Jan 2021","Size: 128GB Style: WiFi Color: Silver","","Yes","Mark Daquilla","5.0","2020 Apple iPad (10.2-inch, Wi-Fi, 32GB) - Space Gray (8th Generation)","https://www.amazon.com/Apple-iPad-10-2-inch-Wi-Fi-32GB/product-reviews/B08J65DST5/ref=cm_cr_dp_d_show_all_btm?ie=UTF8&reviewerType=all_reviews&pageNumber=84"
"Just right","This a replacement for our old one and it is a great value","02 Jan 2021","Size: 128GB Style: WiFi Color: Gold","","Yes","John Harris","5.0","2020 Apple iPad (10.2-inch, Wi-Fi, 32GB) - Space Gray (8th Generation)","https://www.amazon.com/Apple-iPad-10-2-inch-Wi-Fi-32GB/product-reviews/B08J65DST5/ref=cm_cr_dp_d_show_all_btm?ie=UTF8&reviewerType=all_reviews&pageNumber=84"
"Nice iPad","I use basically to play games. Seems like battery life is not as long as I would like but all in all I’m satisfied with this iPad","03 Mar 2021","Size: 32GB Style: WiFi Color: Space Gray","","Yes","Diane Blackwell","5.0","2020 Apple iPad (10.2-inch, Wi-Fi, 32GB) - Space Gray (8th Generation)","https://www.amazon.com/Apple-iPad-10-2-inch-Wi-Fi-32GB/product-reviews/B08J65DST5/ref=cm_cr_dp_d_show_all_btm?ie=UTF8&reviewerType=all_reviews&pageNumber=85"
"Apple hit it out of the park","This is my third i pad  as always love it","21 Jan 2021","Size: 128GB Style: WiFi Color: Space Gray","","Yes","Douglas Belliveau","5.0","2020 Apple iPad (10.2-inch, Wi-Fi, 32GB) - Space Gray (8th Generation)","https://www.amazon.com/Apple-iPad-10-2-inch-Wi-Fi-32GB/product-reviews/B08J65DST5/ref=cm_cr_dp_d_show_all_btm?ie=UTF8&reviewerType=all_reviews&pageNumber=85"
"Great buy","LOVE it. Works fast, easy to use.","20 Feb 2021","Size: 128GB Style: WiFi + Cellular Color: Gold","","Yes","tjtilly","5.0","2020 Apple iPad (10.2-inch, Wi-Fi, 32GB) - Space Gray (8th Generation)","https://www.amazon.com/Apple-iPad-10-2-inch-Wi-Fi-32GB/product-reviews/B08J65DST5/ref=cm_cr_dp_d_show_all_btm?ie=UTF8&reviewerType=all_reviews&pageNumber=85"
"Love","Works great. Battery life is good","04 Jan 2021","Size: 32GB Style: WiFi Color: Gold","","Yes","stormy","5.0","2020 Apple iPad (10.2-inch, Wi-Fi, 32GB) - Space Gray (8th Generation)","https://www.amazon.com/Apple-iPad-10-2-inch-Wi-Fi-32GB/product-reviews/B08J65DST5/ref=cm_cr_dp_d_show_all_btm?ie=UTF8&reviewerType=all_reviews&pageNumber=85"
"Works great","Makes it easier to use the tablet","14 Jan 2021","Size: 32GB Style: WiFi Color: Gold","","Yes","Robert E Gild","5.0","2020 Apple iPad (10.2-inch, Wi-Fi, 32GB) - Space Gray (8th Generation)","https://www.amazon.com/Apple-iPad-10-2-inch-Wi-Fi-32GB/product-reviews/B08J65DST5/ref=cm_cr_dp_d_show_all_btm?ie=UTF8&reviewerType=all_reviews&pageNumber=85"
"Perfect gift for kids","I bought this for my sister as an graduation gift. Now she uses it all the time. She always uses her phone to watch YouTube and play games now that she has an iPad, it’s on a bigger screen! She also uses it for her zoom and google hangout for class work. I’m glad I bought this for her.","03 Jun 2021","Size: 128GB Style: WiFi Color: Space Gray","","Yes","Amy","5.0","2020 Apple iPad (10.2-inch, Wi-Fi, 32GB) - Space Gray (8th Generation)","https://www.amazon.com/Apple-iPad-10-2-inch-Wi-Fi-32GB/product-reviews/B08J65DST5/ref=cm_cr_dp_d_show_all_btm?ie=UTF8&reviewerType=all_reviews&pageNumber=85"
"Camera is fabulous and the colors of the iPad are brighter.","I am enjoying my  IPAD every day. It!s a little bigger then my old one and the battery lasts longer.","28 May 2021","Size: 128GB Style: WiFi Color: Silver","","Yes","Gloria","5.0","2020 Apple iPad (10.2-inch, Wi-Fi, 32GB) - Space Gray (8th Generation)","https://www.amazon.com/Apple-iPad-10-2-inch-Wi-Fi-32GB/product-reviews/B08J65DST5/ref=cm_cr_dp_d_show_all_btm?ie=UTF8&reviewerType=all_reviews&pageNumber=85"
"New tech","What an amazing deal! I love my new iPad","25 Mar 2021","Size: 32GB Style: WiFi Color: Gold","","Yes","Natika","5.0","2020 Apple iPad (10.2-inch, Wi-Fi, 32GB) - Space Gray (8th Generation)","https://www.amazon.com/Apple-iPad-10-2-inch-Wi-Fi-32GB/product-reviews/B08J65DST5/ref=cm_cr_dp_d_show_all_btm?ie=UTF8&reviewerType=all_reviews&pageNumber=85"
"Works as advertised. Great price","Product is as advertised. Nice bright screen. Wonderful price. Love it.","02 Feb 2021","Size: 32GB Style: WiFi Color: Silver","","Yes","Amazon Customer","5.0","2020 Apple iPad (10.2-inch, Wi-Fi, 32GB) - Space Gray (8th Generation)","https://www.amazon.com/Apple-iPad-10-2-inch-Wi-Fi-32GB/product-reviews/B08J65DST5/ref=cm_cr_dp_d_show_all_btm?ie=UTF8&reviewerType=all_reviews&pageNumber=85"
"Grateful I found a sale","Great price ~ love how it  works","09 Feb 2021","Size: 32GB Style: WiFi Color: Space Gray","https://images-na.ssl-images-amazon.com/images/I/91oCFk5urpL._SY88.jpg
https://images-na.ssl-images-amazon.com/images/I/A1N-b-lfeEL._SY88.jpg","Yes","Roxie","5.0","2020 Apple iPad (10.2-inch, Wi-Fi, 32GB) - Space Gray (8th Generation)","https://www.amazon.com/Apple-iPad-10-2-inch-Wi-Fi-32GB/product-reviews/B08J65DST5/ref=cm_cr_dp_d_show_all_btm?ie=UTF8&reviewerType=all_reviews&pageNumber=85"
"Good condition, been baited & Switched before, Very happy this time I dealt with moral sellers.","I got what I paid for, how nice.","28 Feb 2021","Size: 32GB Style: WiFi Color: Silver","","Yes","PAUL B.","5.0","2020 Apple iPad (10.2-inch, Wi-Fi, 32GB) - Space Gray (8th Generation)","https://www.amazon.com/Apple-iPad-10-2-inch-Wi-Fi-32GB/product-reviews/B08J65DST5/ref=cm_cr_dp_d_show_all_btm?ie=UTF8&reviewerType=all_reviews&pageNumber=86"
"Perfect","Just what we wanted. Good value.","29 Dec 2020","Size: 32GB Style: WiFi Color: Space Gray","","Yes","gbakken","5.0","2020 Apple iPad (10.2-inch, Wi-Fi, 32GB) - Space Gray (8th Generation)","https://www.amazon.com/Apple-iPad-10-2-inch-Wi-Fi-32GB/product-reviews/B08J65DST5/ref=cm_cr_dp_d_show_all_btm?ie=UTF8&reviewerType=all_reviews&pageNumber=86"
"The iPad makes my life so much easier!","Currently my IPad is used mainly for art purposes.","11 Mar 2021","Size: 32GB Style: WiFi Color: Space Gray","","Yes","Susan","5.0","2020 Apple iPad (10.2-inch, Wi-Fi, 32GB) - Space Gray (8th Generation)","https://www.amazon.com/Apple-iPad-10-2-inch-Wi-Fi-32GB/product-reviews/B08J65DST5/ref=cm_cr_dp_d_show_all_btm?ie=UTF8&reviewerType=all_reviews&pageNumber=86"
"Amazing iPad","This iPad came in perfect condition, already charged halfway so I was able to set it up right away. The battery is amazing. I am very happy with this product and would recommend for anyone needing it for school or just wanting it for art / writing / browsing the web. Also good for watching videos and music listening.","01 May 2021","Size: 128GB Style: WiFi Color: Gold","https://images-na.ssl-images-amazon.com/images/I/919-y66pvJL._SY88.jpg
https://images-na.ssl-images-amazon.com/images/I/A1L+7gFOrzL._SY88.jpg","Yes","Cassie Jones","5.0","2020 Apple iPad (10.2-inch, Wi-Fi, 32GB) - Space Gray (8th Generation)","https://www.amazon.com/Apple-iPad-10-2-inch-Wi-Fi-32GB/product-reviews/B08J65DST5/ref=cm_cr_dp_d_show_all_btm?ie=UTF8&reviewerType=all_reviews&pageNumber=86"
"It’s fit in what I’m looking for","I'm glad I've been ordered the right iPad I’ve been looking for.","06 Apr 2021","Size: 128GB Style: WiFi Color: Space Gray","","Yes","Liah","5.0","2020 Apple iPad (10.2-inch, Wi-Fi, 32GB) - Space Gray (8th Generation)","https://www.amazon.com/Apple-iPad-10-2-inch-Wi-Fi-32GB/product-reviews/B08J65DST5/ref=cm_cr_dp_d_show_all_btm?ie=UTF8&reviewerType=all_reviews&pageNumber=86"
"LOVE IT!","This is my first IPad and I love it ! Great value for money and full of features!","25 Oct 2020","Size: 128GB Style: WiFi Color: Space Gray","","Yes","Joane Perry","5.0","2020 Apple iPad (10.2-inch, Wi-Fi, 32GB) - Space Gray (8th Generation)","https://www.amazon.com/Apple-iPad-10-2-inch-Wi-Fi-32GB/product-reviews/B08J65DST5/ref=cm_cr_dp_d_show_all_btm?ie=UTF8&reviewerType=all_reviews&pageNumber=86"
"IPad","Upgraded from older iPad.  Love the new one!","31 Dec 2020","Size: 128GB Style: WiFi + Cellular Color: Gold","","Yes","Kindle Customer","5.0","2020 Apple iPad (10.2-inch, Wi-Fi, 32GB) - Space Gray (8th Generation)","https://www.amazon.com/Apple-iPad-10-2-inch-Wi-Fi-32GB/product-reviews/B08J65DST5/ref=cm_cr_dp_d_show_all_btm?ie=UTF8&reviewerType=all_reviews&pageNumber=86"
"Nice size screen","I am very happy with this ipad.","29 May 2021","Size: 128GB Style: WiFi Color: Silver","","Yes","Karen","5.0","2020 Apple iPad (10.2-inch, Wi-Fi, 32GB) - Space Gray (8th Generation)","https://www.amazon.com/Apple-iPad-10-2-inch-Wi-Fi-32GB/product-reviews/B08J65DST5/ref=cm_cr_dp_d_show_all_btm?ie=UTF8&reviewerType=all_reviews&pageNumber=86"
"Thanks","A Christmas present for my wife","04 Jan 2021","Size: 128GB Style: WiFi Color: Space Gray","","Yes","John F. Hoover","5.0","2020 Apple iPad (10.2-inch, Wi-Fi, 32GB) - Space Gray (8th Generation)","https://www.amazon.com/Apple-iPad-10-2-inch-Wi-Fi-32GB/product-reviews/B08J65DST5/ref=cm_cr_dp_d_show_all_btm?ie=UTF8&reviewerType=all_reviews&pageNumber=86"
"Disappointed = No Engraving as requested","I requested engraving of my name, item delivered without engraving as requested","07 Oct 2020","Size: 128GB Style: WiFi Color: Gold","","Yes","Trincall","5.0","2020 Apple iPad (10.2-inch, Wi-Fi, 32GB) - Space Gray (8th Generation)","https://www.amazon.com/Apple-iPad-10-2-inch-Wi-Fi-32GB/product-reviews/B08J65DST5/ref=cm_cr_dp_d_show_all_btm?ie=UTF8&reviewerType=all_reviews&pageNumber=86"
"Another great product","I mainly use it to play games.","22 Feb 2021","Size: 32GB Style: WiFi Color: Gold","","Yes","J and RL","5.0","2020 Apple iPad (10.2-inch, Wi-Fi, 32GB) - Space Gray (8th Generation)","https://www.amazon.com/Apple-iPad-10-2-inch-Wi-Fi-32GB/product-reviews/B08J65DST5/ref=cm_cr_dp_d_show_all_btm?ie=UTF8&reviewerType=all_reviews&pageNumber=87"
"Best ipad!","Love this ipad I could not asked for more.  The screen and picture quality is awesome. I'm very happy with this ipad it does the job and the battery last forever.  I would recommend this iPad for everything school, work and personal use.","20 Feb 2021","Size: 32GB Style: WiFi Color: Space Gray","","Yes","Lizbeth","5.0","2020 Apple iPad (10.2-inch, Wi-Fi, 32GB) - Space Gray (8th Generation)","https://www.amazon.com/Apple-iPad-10-2-inch-Wi-Fi-32GB/product-reviews/B08J65DST5/ref=cm_cr_dp_d_show_all_btm?ie=UTF8&reviewerType=all_reviews&pageNumber=87"
"so responsive","Great to use loads all apps great clarity and great color love it","29 Jan 2021","Size: 32GB Style: WiFi Color: Space Gray","","Yes","Patti","5.0","2020 Apple iPad (10.2-inch, Wi-Fi, 32GB) - Space Gray (8th Generation)","https://www.amazon.com/Apple-iPad-10-2-inch-Wi-Fi-32GB/product-reviews/B08J65DST5/ref=cm_cr_dp_d_show_all_btm?ie=UTF8&reviewerType=all_reviews&pageNumber=87"
"Pleasantly Surprised","I got exactly what I asked for and it's really nice! This is my first Apple product and im pleasantly surprised. The battery can last for days depending on the apps and time I use it. I plan on taking notes with my iPad in college so I'll update then.","04 Jun 2021","Size: 128GB Style: WiFi Color: Gold","","Yes","Jade","5.0","2020 Apple iPad (10.2-inch, Wi-Fi, 32GB) - Space Gray (8th Generation)","https://www.amazon.com/Apple-iPad-10-2-inch-Wi-Fi-32GB/product-reviews/B08J65DST5/ref=cm_cr_dp_d_show_all_btm?ie=UTF8&reviewerType=all_reviews&pageNumber=87"
"Price and delivery great","It’s a gift and has not been used. Satisfied with price and delivery","19 Dec 2020","Size: 32GB Style: WiFi Color: Silver","","Yes","Ken B.","5.0","2020 Apple iPad (10.2-inch, Wi-Fi, 32GB) - Space Gray (8th Generation)","https://www.amazon.com/Apple-iPad-10-2-inch-Wi-Fi-32GB/product-reviews/B08J65DST5/ref=cm_cr_dp_d_show_all_btm?ie=UTF8&reviewerType=all_reviews&pageNumber=87"
"hubby loves it","hubby thinks it is great !!!!","15 Feb 2021","Size: 128GB Style: WiFi Color: Space Gray","","Yes","E. Gawel","5.0","2020 Apple iPad (10.2-inch, Wi-Fi, 32GB) - Space Gray (8th Generation)","https://www.amazon.com/Apple-iPad-10-2-inch-Wi-Fi-32GB/product-reviews/B08J65DST5/ref=cm_cr_dp_d_show_all_btm?ie=UTF8&reviewerType=all_reviews&pageNumber=87"
"Great tablet","Great new iPad for my husband","11 Mar 2021","Size: 32GB Style: WiFi Color: Gold","","Yes","Marti Bloedow","5.0","2020 Apple iPad (10.2-inch, Wi-Fi, 32GB) - Space Gray (8th Generation)","https://www.amazon.com/Apple-iPad-10-2-inch-Wi-Fi-32GB/product-reviews/B08J65DST5/ref=cm_cr_dp_d_show_all_btm?ie=UTF8&reviewerType=all_reviews&pageNumber=87"
"Beautiful","Perfect gift! Beautiful thing","09 Dec 2020","Size: 128GB Style: WiFi Color: Space Gray","","Yes","P. A. Smith","5.0","2020 Apple iPad (10.2-inch, Wi-Fi, 32GB) - Space Gray (8th Generation)","https://www.amazon.com/Apple-iPad-10-2-inch-Wi-Fi-32GB/product-reviews/B08J65DST5/ref=cm_cr_dp_d_show_all_btm?ie=UTF8&reviewerType=all_reviews&pageNumber=87"
"Good value","Very pleased with my purchase","11 Mar 2021","Size: 32GB Style: WiFi Color: Space Gray","","Yes","Liz Romn","5.0","2020 Apple iPad (10.2-inch, Wi-Fi, 32GB) - Space Gray (8th Generation)","https://www.amazon.com/Apple-iPad-10-2-inch-Wi-Fi-32GB/product-reviews/B08J65DST5/ref=cm_cr_dp_d_show_all_btm?ie=UTF8&reviewerType=all_reviews&pageNumber=87"
"","Runs great ! And works with the update of iOS 14 and up :)","11 Apr 2021","Size: 32GB Style: WiFi Color: Space Gray","","Yes","Traci Fabac","5.0","2020 Apple iPad (10.2-inch, Wi-Fi, 32GB) - Space Gray (8th Generation)","https://www.amazon.com/Apple-iPad-10-2-inch-Wi-Fi-32GB/product-reviews/B08J65DST5/ref=cm_cr_dp_d_show_all_btm?ie=UTF8&reviewerType=all_reviews&pageNumber=87"
"Great iPad.","It was a gift for my husband and he loves it!","22 Dec 2020","Size: 32GB Style: WiFi Color: Silver","","Yes","Cheryl Epps","5.0","2020 Apple iPad (10.2-inch, Wi-Fi, 32GB) - Space Gray (8th Generation)","https://www.amazon.com/Apple-iPad-10-2-inch-Wi-Fi-32GB/product-reviews/B08J65DST5/ref=cm_cr_dp_d_show_all_btm?ie=UTF8&reviewerType=all_reviews&pageNumber=88"
"Upgraded and love it!","I went from a16GB system to the 128, so, you know ........ life is better right there. No more offloading apps and files just to add something. Camera is way better, screen quality and touch reaction as well. Setup, using my iPhone took minutes and everything was as it was before.","16 May 2021","Size: 128GB Style: WiFi Color: Space Gray","","Yes","Amazon Customer","5.0","2020 Apple iPad (10.2-inch, Wi-Fi, 32GB) - Space Gray (8th Generation)","https://www.amazon.com/Apple-iPad-10-2-inch-Wi-Fi-32GB/product-reviews/B08J65DST5/ref=cm_cr_dp_d_show_all_btm?ie=UTF8&reviewerType=all_reviews&pageNumber=88"
"Great for the price","Daughter is thrilled with it and has been using it since Christmas, but states its a great product.","09 Jan 2021","Size: 128GB Style: WiFi Color: Silver","","Yes","Ed G","5.0","2020 Apple iPad (10.2-inch, Wi-Fi, 32GB) - Space Gray (8th Generation)","https://www.amazon.com/Apple-iPad-10-2-inch-Wi-Fi-32GB/product-reviews/B08J65DST5/ref=cm_cr_dp_d_show_all_btm?ie=UTF8&reviewerType=all_reviews&pageNumber=88"
"Great price love my ipad!","Love my ipad! Great price from Amazon! Very happy with it!","09 Dec 2020","Size: 128GB Style: WiFi Color: Space Gray","","Yes","Sunny","5.0","2020 Apple iPad (10.2-inch, Wi-Fi, 32GB) - Space Gray (8th Generation)","https://www.amazon.com/Apple-iPad-10-2-inch-Wi-Fi-32GB/product-reviews/B08J65DST5/ref=cm_cr_dp_d_show_all_btm?ie=UTF8&reviewerType=all_reviews&pageNumber=88"
"Awesome big screen","Awesome love it! Big screen!","23 Nov 2020","Size: 128GB Style: WiFi Color: Gold","","Yes","Sally Yozviak","5.0","2020 Apple iPad (10.2-inch, Wi-Fi, 32GB) - Space Gray (8th Generation)","https://www.amazon.com/Apple-iPad-10-2-inch-Wi-Fi-32GB/product-reviews/B08J65DST5/ref=cm_cr_dp_d_show_all_btm?ie=UTF8&reviewerType=all_reviews&pageNumber=88"
"Awesome","Great iPad at a great price!","05 Nov 2020","Size: 32GB Style: WiFi Color: Space Gray","","Yes","Jason H.","5.0","2020 Apple iPad (10.2-inch, Wi-Fi, 32GB) - Space Gray (8th Generation)","https://www.amazon.com/Apple-iPad-10-2-inch-Wi-Fi-32GB/product-reviews/B08J65DST5/ref=cm_cr_dp_d_show_all_btm?ie=UTF8&reviewerType=all_reviews&pageNumber=88"
"If you love “apple”, just another great product","Another great apple product!","25 Jan 2021","Size: 128GB Style: WiFi Color: Space Gray","","Yes","Bond","5.0","2020 Apple iPad (10.2-inch, Wi-Fi, 32GB) - Space Gray (8th Generation)","https://www.amazon.com/Apple-iPad-10-2-inch-Wi-Fi-32GB/product-reviews/B08J65DST5/ref=cm_cr_dp_d_show_all_btm?ie=UTF8&reviewerType=all_reviews&pageNumber=88"
"Having my new I Pad is amazing.","Having an up to date I Pad is amazing. I’ve had my old I Pad for four years and there is a world of difference with the two. Very glad I purchased my new I Pad.","04 Feb 2021","Size: 32GB Style: WiFi Color: Space Gray","","Yes","Karen Daly","5.0","2020 Apple iPad (10.2-inch, Wi-Fi, 32GB) - Space Gray (8th Generation)","https://www.amazon.com/Apple-iPad-10-2-inch-Wi-Fi-32GB/product-reviews/B08J65DST5/ref=cm_cr_dp_d_show_all_btm?ie=UTF8&reviewerType=all_reviews&pageNumber=88"
"Hermoso pero con batería poco duradera.","Perfectos acabados, interfaz rápida. La batería se acaba rápido aunque no lo uses. Eso es lamentable.","14 Mar 2021","Size: 128GB Style: WiFi Color: Space Gray","","Yes","Marcaja","5.0","2020 Apple iPad (10.2-inch, Wi-Fi, 32GB) - Space Gray (8th Generation)","https://www.amazon.com/Apple-iPad-10-2-inch-Wi-Fi-32GB/product-reviews/B08J65DST5/ref=cm_cr_dp_d_show_all_btm?ie=UTF8&reviewerType=all_reviews&pageNumber=88"
"Great and affordable iPad","Love this iPad! It’s the perfect size, not too heavy and runs beautifully.","27 Mar 2021","Size: 32GB Style: WiFi Color: Space Gray","https://images-na.ssl-images-amazon.com/images/I/B1A1z7g5yUS._SY88.jpg
https://images-na.ssl-images-amazon.com/images/I/B1RbMYt2CbS._SY88.jpg
https://images-na.ssl-images-amazon.com/images/I/B1gM94SRPBS._SY88.jpg","Yes","Diana Rivera","5.0","2020 Apple iPad (10.2-inch, Wi-Fi, 32GB) - Space Gray (8th Generation)","https://www.amazon.com/Apple-iPad-10-2-inch-Wi-Fi-32GB/product-reviews/B08J65DST5/ref=cm_cr_dp_d_show_all_btm?ie=UTF8&reviewerType=all_reviews&pageNumber=88"
"Great product","Works great!!! Very pleased","10 Feb 2021","Size: 32GB Style: WiFi Color: Gold","","Yes","Jadae Braun","5.0","2020 Apple iPad (10.2-inch, Wi-Fi, 32GB) - Space Gray (8th Generation)","https://www.amazon.com/Apple-iPad-10-2-inch-Wi-Fi-32GB/product-reviews/B08J65DST5/ref=cm_cr_dp_d_show_all_btm?ie=UTF8&reviewerType=all_reviews&pageNumber=89"
"My laptop replacement","What can I say it’s an iPad!","23 Feb 2021","Size: 32GB Style: WiFi Color: Gold","","Yes","Skaddyliza","5.0","2020 Apple iPad (10.2-inch, Wi-Fi, 32GB) - Space Gray (8th Generation)","https://www.amazon.com/Apple-iPad-10-2-inch-Wi-Fi-32GB/product-reviews/B08J65DST5/ref=cm_cr_dp_d_show_all_btm?ie=UTF8&reviewerType=all_reviews&pageNumber=89"
"Size and weight","We use it for church media.","01 Mar 2021","Size: 128GB Style: WiFi Color: Space Gray","","Yes","RHONDA LAMPKIN","5.0","2020 Apple iPad (10.2-inch, Wi-Fi, 32GB) - Space Gray (8th Generation)","https://www.amazon.com/Apple-iPad-10-2-inch-Wi-Fi-32GB/product-reviews/B08J65DST5/ref=cm_cr_dp_d_show_all_btm?ie=UTF8&reviewerType=all_reviews&pageNumber=89"
"More than extra...","It’s a great iPad for the price...","28 May 2021","Size: 128GB Style: WiFi Color: Gold","","Yes","rose m. bocasino","5.0","2020 Apple iPad (10.2-inch, Wi-Fi, 32GB) - Space Gray (8th Generation)","https://www.amazon.com/Apple-iPad-10-2-inch-Wi-Fi-32GB/product-reviews/B08J65DST5/ref=cm_cr_dp_d_show_all_btm?ie=UTF8&reviewerType=all_reviews&pageNumber=89"
"Great sale!  Kid loves it","Great sale and no issues.  Kid loves it","23 Feb 2021","Size: 128GB Style: WiFi Color: Silver","","Yes","Peter","5.0","2020 Apple iPad (10.2-inch, Wi-Fi, 32GB) - Space Gray (8th Generation)","https://www.amazon.com/Apple-iPad-10-2-inch-Wi-Fi-32GB/product-reviews/B08J65DST5/ref=cm_cr_dp_d_show_all_btm?ie=UTF8&reviewerType=all_reviews&pageNumber=89"
"Forgot to engrave","It is a good product.  It was supposed to come with my daughters name engraved and it didn’t.  I’m scared to send it back and not get a new one before Christmas.","25 Nov 2020","Size: 128GB Style: WiFi Color: Gold","","Yes","Tiffany Clifford","3.0","2020 Apple iPad (10.2-inch, Wi-Fi, 32GB) - Space Gray (8th Generation)","https://www.amazon.com/Apple-iPad-10-2-inch-Wi-Fi-32GB/product-reviews/B08J65DST5/ref=cm_cr_dp_d_show_all_btm?ie=UTF8&reviewerType=all_reviews&pageNumber=89"
"I LOVE MY IPAD","I LOVE HOW BRIGHT AND CLEAR IT IS AND COMPACT COMPARED TO MY LAPTOP!","03 Feb 2021","Size: 128GB Style: WiFi Color: Space Gray","","Yes","nonieboloney","5.0","2020 Apple iPad (10.2-inch, Wi-Fi, 32GB) - Space Gray (8th Generation)","https://www.amazon.com/Apple-iPad-10-2-inch-Wi-Fi-32GB/product-reviews/B08J65DST5/ref=cm_cr_dp_d_show_all_btm?ie=UTF8&reviewerType=all_reviews&pageNumber=89"
"IPAD,","Purchase as a gift so far wife loves it.","19 Jan 2021","Size: 128GB Style: WiFi Color: Space Gray","","Yes","Robert Schultz","5.0","2020 Apple iPad (10.2-inch, Wi-Fi, 32GB) - Space Gray (8th Generation)","https://www.amazon.com/Apple-iPad-10-2-inch-Wi-Fi-32GB/product-reviews/B08J65DST5/ref=cm_cr_dp_d_show_all_btm?ie=UTF8&reviewerType=all_reviews&pageNumber=89"
"Easy to set up","Easy to set up and use. Screen is very clear.","01 Dec 2020","Size: 128GB Style: WiFi Color: Space Gray","","Yes","PaulSr","5.0","2020 Apple iPad (10.2-inch, Wi-Fi, 32GB) - Space Gray (8th Generation)","https://www.amazon.com/Apple-iPad-10-2-inch-Wi-Fi-32GB/product-reviews/B08J65DST5/ref=cm_cr_dp_d_show_all_btm?ie=UTF8&reviewerType=all_reviews&pageNumber=89"
"32 Gb... Is too little","32 Gb... is to little....","05 Mar 2021","Size: 32GB Style: WiFi Color: Space Gray","","Yes","Jorge","4.0","2020 Apple iPad (10.2-inch, Wi-Fi, 32GB) - Space Gray (8th Generation)","https://www.amazon.com/Apple-iPad-10-2-inch-Wi-Fi-32GB/product-reviews/B08J65DST5/ref=cm_cr_dp_d_show_all_btm?ie=UTF8&reviewerType=all_reviews&pageNumber=89"
"Very easy to set up","I’m very satisfied with my iPad","21 Apr 2021","Size: 32GB Style: WiFi Color: Silver","","Yes","Browneyes","5.0","2020 Apple iPad (10.2-inch, Wi-Fi, 32GB) - Space Gray (8th Generation)","https://www.amazon.com/Apple-iPad-10-2-inch-Wi-Fi-32GB/product-reviews/B08J65DST5/ref=cm_cr_dp_d_show_all_btm?ie=UTF8&reviewerType=all_reviews&pageNumber=90"
"New ipad. What else's","Just need an ipad ,  nothing fancy,  everything work like it should.  Wish the battery last a bit longer.","28 Dec 2020","Size: 32GB Style: WiFi Color: Space Gray","","Yes","Christina Lam","4.0","2020 Apple iPad (10.2-inch, Wi-Fi, 32GB) - Space Gray (8th Generation)","https://www.amazon.com/Apple-iPad-10-2-inch-Wi-Fi-32GB/product-reviews/B08J65DST5/ref=cm_cr_dp_d_show_all_btm?ie=UTF8&reviewerType=all_reviews&pageNumber=90"
"Great product","Not much to say just another great apple product.","23 Jan 2021","Size: 32GB Style: WiFi Color: Space Gray","","Yes","Moe","5.0","2020 Apple iPad (10.2-inch, Wi-Fi, 32GB) - Space Gray (8th Generation)","https://www.amazon.com/Apple-iPad-10-2-inch-Wi-Fi-32GB/product-reviews/B08J65DST5/ref=cm_cr_dp_d_show_all_btm?ie=UTF8&reviewerType=all_reviews&pageNumber=90"
"X","I got a 128 instead of 64","08 Mar 2021","Size: 128GB Style: WiFi Color: Space Gray","","Yes","DONNA KAYE","5.0","2020 Apple iPad (10.2-inch, Wi-Fi, 32GB) - Space Gray (8th Generation)","https://www.amazon.com/Apple-iPad-10-2-inch-Wi-Fi-32GB/product-reviews/B08J65DST5/ref=cm_cr_dp_d_show_all_btm?ie=UTF8&reviewerType=all_reviews&pageNumber=90"
"Exactly what I expected.","We live in an Apple ecosphere. My wife loves the gift.","29 Jan 2021","Size: 32GB Style: WiFi Color: Gold","","Yes","Major Thom","5.0","2020 Apple iPad (10.2-inch, Wi-Fi, 32GB) - Space Gray (8th Generation)","https://www.amazon.com/Apple-iPad-10-2-inch-Wi-Fi-32GB/product-reviews/B08J65DST5/ref=cm_cr_dp_d_show_all_btm?ie=UTF8&reviewerType=all_reviews&pageNumber=90"
"Very useful.","Good quality, very useful.","14 Mar 2021","Size: 128GB Style: WiFi Color: Space Gray","","Yes","Toronja1","5.0","2020 Apple iPad (10.2-inch, Wi-Fi, 32GB) - Space Gray (8th Generation)","https://www.amazon.com/Apple-iPad-10-2-inch-Wi-Fi-32GB/product-reviews/B08J65DST5/ref=cm_cr_dp_d_show_all_btm?ie=UTF8&reviewerType=all_reviews&pageNumber=90"
"Great quality,Took care of,fast","I LOVE IT.I was looking forward for this to come and when it came it was tooken care of and also was very high quality and nice.","15 May 2021","Size: 32GB Style: WiFi Color: Gold","","Yes","Mireya","5.0","2020 Apple iPad (10.2-inch, Wi-Fi, 32GB) - Space Gray (8th Generation)","https://www.amazon.com/Apple-iPad-10-2-inch-Wi-Fi-32GB/product-reviews/B08J65DST5/ref=cm_cr_dp_d_show_all_btm?ie=UTF8&reviewerType=all_reviews&pageNumber=90"
"Works well","Overall I'm happy with this pad. I had a mini ipad previously. I was happier with the smaller size but, this does everything and more. Only thing I didn't like was the apple podcast app. The app on my old pad functioned better. I would recommend","05 Apr 2021","Size: 32GB Style: WiFi Color: Space Gray","","Yes","RB","4.0","2020 Apple iPad (10.2-inch, Wi-Fi, 32GB) - Space Gray (8th Generation)","https://www.amazon.com/Apple-iPad-10-2-inch-Wi-Fi-32GB/product-reviews/B08J65DST5/ref=cm_cr_dp_d_show_all_btm?ie=UTF8&reviewerType=all_reviews&pageNumber=90"
"Great","Love my iPad. Great for everyday use.","23 Feb 2021","Size: 128GB Style: WiFi Color: Gold","","Yes","Adriana","5.0","2020 Apple iPad (10.2-inch, Wi-Fi, 32GB) - Space Gray (8th Generation)","https://www.amazon.com/Apple-iPad-10-2-inch-Wi-Fi-32GB/product-reviews/B08J65DST5/ref=cm_cr_dp_d_show_all_btm?ie=UTF8&reviewerType=all_reviews&pageNumber=90"
"it ok","to set it up i still cant get facebook","17 Jan 2021","Size: 32GB Style: WiFi Color: Gold","","Yes","david manninen","1.0","2020 Apple iPad (10.2-inch, Wi-Fi, 32GB) - Space Gray (8th Generation)","https://www.amazon.com/Apple-iPad-10-2-inch-Wi-Fi-32GB/product-reviews/B08J65DST5/ref=cm_cr_dp_d_show_all_btm?ie=UTF8&reviewerType=all_reviews&pageNumber=90"
"Great Item! Great Price!","Great Item! Great Price!","04 Jan 2021","Size: 128GB Style: WiFi Color: Space Gray","","Yes","djbrady33","5.0","2020 Apple iPad (10.2-inch, Wi-Fi, 32GB) - Space Gray (8th Generation)","https://www.amazon.com/Apple-iPad-10-2-inch-Wi-Fi-32GB/product-reviews/B08J65DST5/ref=cm_cr_dp_d_show_all_btm?ie=UTF8&reviewerType=all_reviews&pageNumber=91"
"It is apple!!","It is good, it is apple!","02 May 2021","Size: 128GB Style: WiFi + Cellular Color: Silver","","Yes","Amazon Customer","5.0","2020 Apple iPad (10.2-inch, Wi-Fi, 32GB) - Space Gray (8th Generation)","https://www.amazon.com/Apple-iPad-10-2-inch-Wi-Fi-32GB/product-reviews/B08J65DST5/ref=cm_cr_dp_d_show_all_btm?ie=UTF8&reviewerType=all_reviews&pageNumber=91"
"Satisfied!","My 14 years old daughter using her iPad for school work and to watch her favorite anime shows. She absolutely loves it! It was  reasonably priced.","08 Apr 2021","Size: 32GB Style: WiFi Color: Space Gray","","Yes","Paige Reed","5.0","2020 Apple iPad (10.2-inch, Wi-Fi, 32GB) - Space Gray (8th Generation)","https://www.amazon.com/Apple-iPad-10-2-inch-Wi-Fi-32GB/product-reviews/B08J65DST5/ref=cm_cr_dp_d_show_all_btm?ie=UTF8&reviewerType=all_reviews&pageNumber=91"
"Great product. Smooth fast and durable","Awesome iPad great price","28 Apr 2021","Size: 32GB Style: WiFi Color: Gold","","Yes","YC","5.0","2020 Apple iPad (10.2-inch, Wi-Fi, 32GB) - Space Gray (8th Generation)","https://www.amazon.com/Apple-iPad-10-2-inch-Wi-Fi-32GB/product-reviews/B08J65DST5/ref=cm_cr_dp_d_show_all_btm?ie=UTF8&reviewerType=all_reviews&pageNumber=91"
"Good for price","Great iPad","27 Sep 2020","Size: 32GB Style: WiFi Color: Space Gray","","Yes","kamyni dwellingham","5.0","2020 Apple iPad (10.2-inch, Wi-Fi, 32GB) - Space Gray (8th Generation)","https://www.amazon.com/Apple-iPad-10-2-inch-Wi-Fi-32GB/product-reviews/B08J65DST5/ref=cm_cr_dp_d_show_all_btm?ie=UTF8&reviewerType=all_reviews&pageNumber=91"
"Easy setup","Nice update from my old one","28 Oct 2020","Size: 32GB Style: WiFi Color: Space Gray","","Yes","Lloyd Ussery","5.0","2020 Apple iPad (10.2-inch, Wi-Fi, 32GB) - Space Gray (8th Generation)","https://www.amazon.com/Apple-iPad-10-2-inch-Wi-Fi-32GB/product-reviews/B08J65DST5/ref=cm_cr_dp_d_show_all_btm?ie=UTF8&reviewerType=all_reviews&pageNumber=91"
"Love it!!","Love apple products! This iPad was a great choice to purchase","31 Jan 2021","Size: 32GB Style: WiFi Color: Space Gray","","Yes","Lauren Igram","5.0","2020 Apple iPad (10.2-inch, Wi-Fi, 32GB) - Space Gray (8th Generation)","https://www.amazon.com/Apple-iPad-10-2-inch-Wi-Fi-32GB/product-reviews/B08J65DST5/ref=cm_cr_dp_d_show_all_btm?ie=UTF8&reviewerType=all_reviews&pageNumber=91"
"Ipad 10","Muy bueno cumplió mis expectativas, lo recomiendo.","23 Jan 2021","Size: 32GB Style: WiFi Color: Space Gray","","Yes","Teresa","5.0","2020 Apple iPad (10.2-inch, Wi-Fi, 32GB) - Space Gray (8th Generation)","https://www.amazon.com/Apple-iPad-10-2-inch-Wi-Fi-32GB/product-reviews/B08J65DST5/ref=cm_cr_dp_d_show_all_btm?ie=UTF8&reviewerType=all_reviews&pageNumber=91"
"Love it!","Love my new Apple Tablet. Helps me stream my morning excersizes, shop, connect with friends, play games etc. It’s been a Godsend during this Pandemic Quarintine.","12 Mar 2021","Size: 128GB Style: WiFi Color: Gold","","Yes","amor","5.0","2020 Apple iPad (10.2-inch, Wi-Fi, 32GB) - Space Gray (8th Generation)","https://www.amazon.com/Apple-iPad-10-2-inch-Wi-Fi-32GB/product-reviews/B08J65DST5/ref=cm_cr_dp_d_show_all_btm?ie=UTF8&reviewerType=all_reviews&pageNumber=91"
"wife loves it","my wife loves this ipad","16 Apr 2021","Size: 128GB Style: WiFi Color: Space Gray","","Yes","rocky","5.0","2020 Apple iPad (10.2-inch, Wi-Fi, 32GB) - Space Gray (8th Generation)","https://www.amazon.com/Apple-iPad-10-2-inch-Wi-Fi-32GB/product-reviews/B08J65DST5/ref=cm_cr_dp_d_show_all_btm?ie=UTF8&reviewerType=all_reviews&pageNumber=91"
"Ipad","Game quick and works great.","01 Jun 2021","Size: 128GB Style: WiFi Color: Space Gray","","Yes","Janis Yankee","5.0","2020 Apple iPad (10.2-inch, Wi-Fi, 32GB) - Space Gray (8th Generation)","https://www.amazon.com/Apple-iPad-10-2-inch-Wi-Fi-32GB/product-reviews/B08J65DST5/ref=cm_cr_dp_d_show_all_btm?ie=UTF8&reviewerType=all_reviews&pageNumber=92"
"IPad. like an Ipad!","Performs like an Ipad.","01 May 2021","Size: 128GB Style: WiFi Color: Space Gray","","Yes","kapalua_man","5.0","2020 Apple iPad (10.2-inch, Wi-Fi, 32GB) - Space Gray (8th Generation)","https://www.amazon.com/Apple-iPad-10-2-inch-Wi-Fi-32GB/product-reviews/B08J65DST5/ref=cm_cr_dp_d_show_all_btm?ie=UTF8&reviewerType=all_reviews&pageNumber=92"
"Excellent!","it’s an awesome product!","14 Nov 2020","Size: 32GB Style: WiFi Color: Gold","","Yes","SINGASONG","5.0","2020 Apple iPad (10.2-inch, Wi-Fi, 32GB) - Space Gray (8th Generation)","https://www.amazon.com/Apple-iPad-10-2-inch-Wi-Fi-32GB/product-reviews/B08J65DST5/ref=cm_cr_dp_d_show_all_btm?ie=UTF8&reviewerType=all_reviews&pageNumber=92"
"Incredibly awesome","Value for money . Easy and fast!","04 Dec 2020","Size: 128GB Style: WiFi Color: Space Gray","","Yes","Pan","5.0","2020 Apple iPad (10.2-inch, Wi-Fi, 32GB) - Space Gray (8th Generation)","https://www.amazon.com/Apple-iPad-10-2-inch-Wi-Fi-32GB/product-reviews/B08J65DST5/ref=cm_cr_dp_d_show_all_btm?ie=UTF8&reviewerType=all_reviews&pageNumber=92"
"Nice device","Works great and matches my phone.","09 Feb 2021","Size: 32GB Style: WiFi Color: Gold","","Yes","James C","5.0","2020 Apple iPad (10.2-inch, Wi-Fi, 32GB) - Space Gray (8th Generation)","https://www.amazon.com/Apple-iPad-10-2-inch-Wi-Fi-32GB/product-reviews/B08J65DST5/ref=cm_cr_dp_d_show_all_btm?ie=UTF8&reviewerType=all_reviews&pageNumber=92"
"Love it","It is an Apple!  Easy to setup and I love the picture quality!  I was hoping to buy a gold color one but it was out of stock.","21 May 2021","Size: 32GB Style: WiFi Color: Space Gray","","Yes","Michael X H","5.0","2020 Apple iPad (10.2-inch, Wi-Fi, 32GB) - Space Gray (8th Generation)","https://www.amazon.com/Apple-iPad-10-2-inch-Wi-Fi-32GB/product-reviews/B08J65DST5/ref=cm_cr_dp_d_show_all_btm?ie=UTF8&reviewerType=all_reviews&pageNumber=92"
"value for the money","had to have a new one","13 Nov 2020","Size: 128GB Style: WiFi Color: Space Gray","","Yes","lillian jonte","4.0","2020 Apple iPad (10.2-inch, Wi-Fi, 32GB) - Space Gray (8th Generation)","https://www.amazon.com/Apple-iPad-10-2-inch-Wi-Fi-32GB/product-reviews/B08J65DST5/ref=cm_cr_dp_d_show_all_btm?ie=UTF8&reviewerType=all_reviews&pageNumber=92"
"easy to use","its an ipad works as well as the air just not as many bells and whistles","07 Dec 2020","Size: 128GB Style: WiFi Color: Silver","","Yes","Dustin Zimmerman","5.0","2020 Apple iPad (10.2-inch, Wi-Fi, 32GB) - Space Gray (8th Generation)","https://www.amazon.com/Apple-iPad-10-2-inch-Wi-Fi-32GB/product-reviews/B08J65DST5/ref=cm_cr_dp_d_show_all_btm?ie=UTF8&reviewerType=all_reviews&pageNumber=92"
"Awesome","I bought a New one and the battery life is great also better screen with good picture quality.","09 Mar 2021","Size: 128GB Style: WiFi Color: Silver","","Yes","ofon","4.0","2020 Apple iPad (10.2-inch, Wi-Fi, 32GB) - Space Gray (8th Generation)","https://www.amazon.com/Apple-iPad-10-2-inch-Wi-Fi-32GB/product-reviews/B08J65DST5/ref=cm_cr_dp_d_show_all_btm?ie=UTF8&reviewerType=all_reviews&pageNumber=92"
"Apple is the best","The best off the best","07 Feb 2021","Size: 32GB Style: WiFi Color: Gold","","Yes","Mk Customer","5.0","2020 Apple iPad (10.2-inch, Wi-Fi, 32GB) - Space Gray (8th Generation)","https://www.amazon.com/Apple-iPad-10-2-inch-Wi-Fi-32GB/product-reviews/B08J65DST5/ref=cm_cr_dp_d_show_all_btm?ie=UTF8&reviewerType=all_reviews&pageNumber=92"
"Christmas gift","Gift for husband - he loves the larger screen and more storage!","10 Jan 2021","Size: 128GB Style: WiFi Color: Space Gray","","Yes","Amazon Customer","5.0","2020 Apple iPad (10.2-inch, Wi-Fi, 32GB) - Space Gray (8th Generation)","https://www.amazon.com/Apple-iPad-10-2-inch-Wi-Fi-32GB/product-reviews/B08J65DST5/ref=cm_cr_dp_d_show_all_btm?ie=UTF8&reviewerType=all_reviews&pageNumber=93"
"As descrived good one","As descrived good one","01 Feb 2021","Size: 128GB Style: WiFi Color: Gold","","Yes","Luis W.","5.0","2020 Apple iPad (10.2-inch, Wi-Fi, 32GB) - Space Gray (8th Generation)","https://www.amazon.com/Apple-iPad-10-2-inch-Wi-Fi-32GB/product-reviews/B08J65DST5/ref=cm_cr_dp_d_show_all_btm?ie=UTF8&reviewerType=all_reviews&pageNumber=93"
"Wow","Best best best ever love it","24 May 2021","Size: 128GB Style: WiFi Color: Space Gray","","Yes","Mrfixitahf","5.0","2020 Apple iPad (10.2-inch, Wi-Fi, 32GB) - Space Gray (8th Generation)","https://www.amazon.com/Apple-iPad-10-2-inch-Wi-Fi-32GB/product-reviews/B08J65DST5/ref=cm_cr_dp_d_show_all_btm?ie=UTF8&reviewerType=all_reviews&pageNumber=93"
"Great value on an iPad.","This iPad is fantastic. I go days without charging it. The screen is so clear, much better then my old iPad.","12 Jan 2021","Size: 128GB Style: WiFi Color: Gold","","Yes","Amazon Customer","5.0","2020 Apple iPad (10.2-inch, Wi-Fi, 32GB) - Space Gray (8th Generation)","https://www.amazon.com/Apple-iPad-10-2-inch-Wi-Fi-32GB/product-reviews/B08J65DST5/ref=cm_cr_dp_d_show_all_btm?ie=UTF8&reviewerType=all_reviews&pageNumber=93"
"The best","This is the standard bearer in my opinion. Makes u feel smart!!!","18 Oct 2020","Size: 128GB Style: WiFi Color: Space Gray","","Yes","FXQ","5.0","2020 Apple iPad (10.2-inch, Wi-Fi, 32GB) - Space Gray (8th Generation)","https://www.amazon.com/Apple-iPad-10-2-inch-Wi-Fi-32GB/product-reviews/B08J65DST5/ref=cm_cr_dp_d_show_all_btm?ie=UTF8&reviewerType=all_reviews&pageNumber=93"
"Great","My grandson likes it","21 Dec 2020","Size: 32GB Style: WiFi Color: Gold","","Yes","Lettie","5.0","2020 Apple iPad (10.2-inch, Wi-Fi, 32GB) - Space Gray (8th Generation)","https://www.amazon.com/Apple-iPad-10-2-inch-Wi-Fi-32GB/product-reviews/B08J65DST5/ref=cm_cr_dp_d_show_all_btm?ie=UTF8&reviewerType=all_reviews&pageNumber=93"
"So fast I can’t believe how fast","My set one , love it","18 Jan 2021","Size: 128GB Style: WiFi Color: Space Gray","","Yes","Amazon Customer","5.0","2020 Apple iPad (10.2-inch, Wi-Fi, 32GB) - Space Gray (8th Generation)","https://www.amazon.com/Apple-iPad-10-2-inch-Wi-Fi-32GB/product-reviews/B08J65DST5/ref=cm_cr_dp_d_show_all_btm?ie=UTF8&reviewerType=all_reviews&pageNumber=93"
"Wonderful product","Best iPad ever!!!!!!","03 Jun 2021","Size: 128GB Style: WiFi Color: Gold","","Yes","John P.","5.0","2020 Apple iPad (10.2-inch, Wi-Fi, 32GB) - Space Gray (8th Generation)","https://www.amazon.com/Apple-iPad-10-2-inch-Wi-Fi-32GB/product-reviews/B08J65DST5/ref=cm_cr_dp_d_show_all_btm?ie=UTF8&reviewerType=all_reviews&pageNumber=93"
"HAPPY","NEW IPAD GREAT ITEM. RECOMMEND SELLER.","20 Feb 2021","Size: 32GB Style: WiFi Color: Gold","","Yes","mimilove2","5.0","2020 Apple iPad (10.2-inch, Wi-Fi, 32GB) - Space Gray (8th Generation)","https://www.amazon.com/Apple-iPad-10-2-inch-Wi-Fi-32GB/product-reviews/B08J65DST5/ref=cm_cr_dp_d_show_all_btm?ie=UTF8&reviewerType=all_reviews&pageNumber=93"
"Good Apple Product","Works great, just what I wanted.","14 Mar 2021","Size: 128GB Style: WiFi Color: Space Gray","","Yes","Noel K.","5.0","2020 Apple iPad (10.2-inch, Wi-Fi, 32GB) - Space Gray (8th Generation)","https://www.amazon.com/Apple-iPad-10-2-inch-Wi-Fi-32GB/product-reviews/B08J65DST5/ref=cm_cr_dp_d_show_all_btm?ie=UTF8&reviewerType=all_reviews&pageNumber=93"
"Made a little mistake","Received it and was happy. Misread the storage amount, so sent it back for one with the right one I needed!","21 Dec 2020","Size: 32GB Style: WiFi Color: Space Gray","","Yes","Bruce Augustino","5.0","2020 Apple iPad (10.2-inch, Wi-Fi, 32GB) - Space Gray (8th Generation)","https://www.amazon.com/Apple-iPad-10-2-inch-Wi-Fi-32GB/product-reviews/B08J65DST5/ref=cm_cr_dp_d_show_all_btm?ie=UTF8&reviewerType=all_reviews&pageNumber=94"
"Good price","My sons family love it!","08 Jan 2021","Size: 32GB Style: WiFi Color: Space Gray","","Yes","Jeanette R.","5.0","2020 Apple iPad (10.2-inch, Wi-Fi, 32GB) - Space Gray (8th Generation)","https://www.amazon.com/Apple-iPad-10-2-inch-Wi-Fi-32GB/product-reviews/B08J65DST5/ref=cm_cr_dp_d_show_all_btm?ie=UTF8&reviewerType=all_reviews&pageNumber=94"
"Useful product I added a pen and keyboard","I sent this as a gift to my granddaughter and she is enjoying using it and she is using this to do school work at home","13 Oct 2020","Size: 32GB Style: WiFi Color: Space Gray","","Yes","Tanya Perrill","5.0","2020 Apple iPad (10.2-inch, Wi-Fi, 32GB) - Space Gray (8th Generation)","https://www.amazon.com/Apple-iPad-10-2-inch-Wi-Fi-32GB/product-reviews/B08J65DST5/ref=cm_cr_dp_d_show_all_btm?ie=UTF8&reviewerType=all_reviews&pageNumber=94"
"Great find","Daughter is enjoying","24 Jan 2021","Size: 32GB Style: WiFi Color: Gold","","Yes","n0yzt","5.0","2020 Apple iPad (10.2-inch, Wi-Fi, 32GB) - Space Gray (8th Generation)","https://www.amazon.com/Apple-iPad-10-2-inch-Wi-Fi-32GB/product-reviews/B08J65DST5/ref=cm_cr_dp_d_show_all_btm?ie=UTF8&reviewerType=all_reviews&pageNumber=94"
"Ipad","Purchased as a gift","07 Dec 2020","Size: 32GB Style: WiFi Color: Space Gray","","Yes","Mo","5.0","2020 Apple iPad (10.2-inch, Wi-Fi, 32GB) - Space Gray (8th Generation)","https://www.amazon.com/Apple-iPad-10-2-inch-Wi-Fi-32GB/product-reviews/B08J65DST5/ref=cm_cr_dp_d_show_all_btm?ie=UTF8&reviewerType=all_reviews&pageNumber=94"
"I like the size of the iPad","I like the size of the iPad","07 Jan 2021","Size: 32GB Style: WiFi Color: Space Gray","","Yes","David Carda","5.0","2020 Apple iPad (10.2-inch, Wi-Fi, 32GB) - Space Gray (8th Generation)","https://www.amazon.com/Apple-iPad-10-2-inch-Wi-Fi-32GB/product-reviews/B08J65DST5/ref=cm_cr_dp_d_show_all_btm?ie=UTF8&reviewerType=all_reviews&pageNumber=94"
"Ipad","Love it works great","09 Jun 2021","Size: 128GB Style: WiFi Color: Silver","","Yes","Patricia J. Krom","5.0","2020 Apple iPad (10.2-inch, Wi-Fi, 32GB) - Space Gray (8th Generation)","https://www.amazon.com/Apple-iPad-10-2-inch-Wi-Fi-32GB/product-reviews/B08J65DST5/ref=cm_cr_dp_d_show_all_btm?ie=UTF8&reviewerType=all_reviews&pageNumber=94"
"Good enough","We use this For business applications it’s great","31 Dec 2020","Size: 128GB Style: WiFi Color: Space Gray","","Yes","Amazon Customer","5.0","2020 Apple iPad (10.2-inch, Wi-Fi, 32GB) - Space Gray (8th Generation)","https://www.amazon.com/Apple-iPad-10-2-inch-Wi-Fi-32GB/product-reviews/B08J65DST5/ref=cm_cr_dp_d_show_all_btm?ie=UTF8&reviewerType=all_reviews&pageNumber=94"
"Found cheaper many places after ordered..!!","NO flash light to this like all phones have and even smaller older IPads have..!! Found it at Apple store and Walmart week later same everything for way less Price...!! Color too was in stock at those stores..!","03 Jan 2021","Size: 128GB Style: WiFi Color: Gold","","Yes","janet","3.0","2020 Apple iPad (10.2-inch, Wi-Fi, 32GB) - Space Gray (8th Generation)","https://www.amazon.com/Apple-iPad-10-2-inch-Wi-Fi-32GB/product-reviews/B08J65DST5/ref=cm_cr_dp_d_show_all_btm?ie=UTF8&reviewerType=all_reviews&pageNumber=94"
"Excelente","Me encanta mi iPad aunque 32gb es muy poco espacio","24 Mar 2021","Size: 32GB Style: WiFi Color: Space Gray","","Yes","Jose Augusto Rivas Espinoza","5.0","2020 Apple iPad (10.2-inch, Wi-Fi, 32GB) - Space Gray (8th Generation)","https://www.amazon.com/Apple-iPad-10-2-inch-Wi-Fi-32GB/product-reviews/B08J65DST5/ref=cm_cr_dp_d_show_all_btm?ie=UTF8&reviewerType=all_reviews&pageNumber=94"
"Love this iPad!","Very good iPad. Absolutely great colors. Bright  and sharp resolution. Very fast.  Don’t have any issues.","30 Nov 2020","Size: 32GB Style: WiFi Color: Space Gray","","Yes","Luba  Knauer","5.0","2020 Apple iPad (10.2-inch, Wi-Fi, 32GB) - Space Gray (8th Generation)","https://www.amazon.com/Apple-iPad-10-2-inch-Wi-Fi-32GB/product-reviews/B08J65DST5/ref=cm_cr_dp_d_show_all_btm?ie=UTF8&reviewerType=all_reviews&pageNumber=95"
"Apple","Exactly as ordered","31 Mar 2021","Size: 128GB Style: WiFi Color: Space Gray","","Yes","Philip","5.0","2020 Apple iPad (10.2-inch, Wi-Fi, 32GB) - Space Gray (8th Generation)","https://www.amazon.com/Apple-iPad-10-2-inch-Wi-Fi-32GB/product-reviews/B08J65DST5/ref=cm_cr_dp_d_show_all_btm?ie=UTF8&reviewerType=all_reviews&pageNumber=95"
"Not NEW","Not new used","14 Apr 2021","Size: 128GB Style: WiFi Color: Gold","","Yes","Araceli","1.0","2020 Apple iPad (10.2-inch, Wi-Fi, 32GB) - Space Gray (8th Generation)","https://www.amazon.com/Apple-iPad-10-2-inch-Wi-Fi-32GB/product-reviews/B08J65DST5/ref=cm_cr_dp_d_show_all_btm?ie=UTF8&reviewerType=all_reviews&pageNumber=95"
"Great battery life.","I love it. Works well.","06 Mar 2021","Size: 32GB Style: WiFi Color: Space Gray","","Yes","BeebHook","5.0","2020 Apple iPad (10.2-inch, Wi-Fi, 32GB) - Space Gray (8th Generation)","https://www.amazon.com/Apple-iPad-10-2-inch-Wi-Fi-32GB/product-reviews/B08J65DST5/ref=cm_cr_dp_d_show_all_btm?ie=UTF8&reviewerType=all_reviews&pageNumber=95"
"Love! Love!","This a great ipad","04 Jun 2021","Size: 128GB Style: WiFi Color: Space Gray","","Yes","Donna in Gloucester","5.0","2020 Apple iPad (10.2-inch, Wi-Fi, 32GB) - Space Gray (8th Generation)","https://www.amazon.com/Apple-iPad-10-2-inch-Wi-Fi-32GB/product-reviews/B08J65DST5/ref=cm_cr_dp_d_show_all_btm?ie=UTF8&reviewerType=all_reviews&pageNumber=95"
"Good deal","Very nice product","16 Mar 2021","Size: 128GB Style: WiFi Color: Space Gray","","Yes","j. nagy","5.0","2020 Apple iPad (10.2-inch, Wi-Fi, 32GB) - Space Gray (8th Generation)","https://www.amazon.com/Apple-iPad-10-2-inch-Wi-Fi-32GB/product-reviews/B08J65DST5/ref=cm_cr_dp_d_show_all_btm?ie=UTF8&reviewerType=all_reviews&pageNumber=95"
"Good product  latest  iPad","Home personal use new Items.","17 Jan 2021","Size: 32GB Style: WiFi Color: Space Gray","","Yes","joaquin palucha","5.0","2020 Apple iPad (10.2-inch, Wi-Fi, 32GB) - Space Gray (8th Generation)","https://www.amazon.com/Apple-iPad-10-2-inch-Wi-Fi-32GB/product-reviews/B08J65DST5/ref=cm_cr_dp_d_show_all_btm?ie=UTF8&reviewerType=all_reviews&pageNumber=95"
"video quality poor","very poor video quality","19 Dec 2020","Size: 32GB Style: WiFi Color: Space Gray","","Yes","W. Michael","3.0","2020 Apple iPad (10.2-inch, Wi-Fi, 32GB) - Space Gray (8th Generation)","https://www.amazon.com/Apple-iPad-10-2-inch-Wi-Fi-32GB/product-reviews/B08J65DST5/ref=cm_cr_dp_d_show_all_btm?ie=UTF8&reviewerType=all_reviews&pageNumber=95"
"Excellent for Youth Learning Apps","Great Picture quality for learning tool for young","14 Apr 2021","Size: 32GB Style: WiFi Color: Space Gray","","Yes","Gregory M.","5.0","2020 Apple iPad (10.2-inch, Wi-Fi, 32GB) - Space Gray (8th Generation)","https://www.amazon.com/Apple-iPad-10-2-inch-Wi-Fi-32GB/product-reviews/B08J65DST5/ref=cm_cr_dp_d_show_all_btm?ie=UTF8&reviewerType=all_reviews&pageNumber=95"
"Grade A","Overall pretty good","30 Dec 2020","Size: 32GB Style: WiFi Color: Silver","","Yes","Amazon Customer","5.0","2020 Apple iPad (10.2-inch, Wi-Fi, 32GB) - Space Gray (8th Generation)","https://www.amazon.com/Apple-iPad-10-2-inch-Wi-Fi-32GB/product-reviews/B08J65DST5/ref=cm_cr_dp_d_show_all_btm?ie=UTF8&reviewerType=all_reviews&pageNumber=95"
"Great to have a new ipad","Great iPad. We upgraded from an iPad 2nd generation. I’m glad we took the leap. The shipping was quicker than projected.","11 May 2021","Size: 32GB Style: WiFi Color: Space Gray","","Yes","Kathy","5.0","2020 Apple iPad (10.2-inch, Wi-Fi, 32GB) - Space Gray (8th Generation)","https://www.amazon.com/Apple-iPad-10-2-inch-Wi-Fi-32GB/product-reviews/B08J65DST5/ref=cm_cr_dp_d_show_all_btm?ie=UTF8&reviewerType=all_reviews&pageNumber=96"
"I love my new iPad.","The features are wonderful. I would recommend this to anyone for personal or business use.","27 Mar 2021","Size: 128GB Style: WiFi Color: Gold","","Yes","Paul R. Murphy IV","5.0","2020 Apple iPad (10.2-inch, Wi-Fi, 32GB) - Space Gray (8th Generation)","https://www.amazon.com/Apple-iPad-10-2-inch-Wi-Fi-32GB/product-reviews/B08J65DST5/ref=cm_cr_dp_d_show_all_btm?ie=UTF8&reviewerType=all_reviews&pageNumber=96"
"Sets the bar high","Superbly designed....","27 Jan 2021","Size: 128GB Style: WiFi Color: Space Gray","","Yes","Onzman","5.0","2020 Apple iPad (10.2-inch, Wi-Fi, 32GB) - Space Gray (8th Generation)","https://www.amazon.com/Apple-iPad-10-2-inch-Wi-Fi-32GB/product-reviews/B08J65DST5/ref=cm_cr_dp_d_show_all_btm?ie=UTF8&reviewerType=all_reviews&pageNumber=96"
"SUPER","I LOVE IT IT IS WELL WORTH THE MONEY","04 Dec 2020","Size: 32GB Style: WiFi Color: Gold","","Yes","mike","5.0","2020 Apple iPad (10.2-inch, Wi-Fi, 32GB) - Space Gray (8th Generation)","https://www.amazon.com/Apple-iPad-10-2-inch-Wi-Fi-32GB/product-reviews/B08J65DST5/ref=cm_cr_dp_d_show_all_btm?ie=UTF8&reviewerType=all_reviews&pageNumber=96"
"So Easy to Set Up","I LOVE Apple products","14 Feb 2021","Size: 32GB Style: WiFi Color: Space Gray","","Yes","Diane Freaney","5.0","2020 Apple iPad (10.2-inch, Wi-Fi, 32GB) - Space Gray (8th Generation)","https://www.amazon.com/Apple-iPad-10-2-inch-Wi-Fi-32GB/product-reviews/B08J65DST5/ref=cm_cr_dp_d_show_all_btm?ie=UTF8&reviewerType=all_reviews&pageNumber=96"
"iPad","I love my iPad. I use it for my everything when away from my desktop computer. It was a great purchase.","18 Mar 2021","Size: 32GB Style: WiFi Color: Gold","","Yes","Doris R.","5.0","2020 Apple iPad (10.2-inch, Wi-Fi, 32GB) - Space Gray (8th Generation)","https://www.amazon.com/Apple-iPad-10-2-inch-Wi-Fi-32GB/product-reviews/B08J65DST5/ref=cm_cr_dp_d_show_all_btm?ie=UTF8&reviewerType=all_reviews&pageNumber=96"
"God sent IPad","The best of the best for 2020","13 Oct 2020","Size: 128GB Style: WiFi Color: Space Gray","","Yes","Thomas","5.0","2020 Apple iPad (10.2-inch, Wi-Fi, 32GB) - Space Gray (8th Generation)","https://www.amazon.com/Apple-iPad-10-2-inch-Wi-Fi-32GB/product-reviews/B08J65DST5/ref=cm_cr_dp_d_show_all_btm?ie=UTF8&reviewerType=all_reviews&pageNumber=96"
"Very Easy To Use","Bigger and faster than my last iPad. Very happy with ease of setup and transferring data from old to new. It was so easy. Great features.","12 Jan 2021","Size: 32GB Style: WiFi Color: Space Gray","","Yes","Harley","5.0","2020 Apple iPad (10.2-inch, Wi-Fi, 32GB) - Space Gray (8th Generation)","https://www.amazon.com/Apple-iPad-10-2-inch-Wi-Fi-32GB/product-reviews/B08J65DST5/ref=cm_cr_dp_d_show_all_btm?ie=UTF8&reviewerType=all_reviews&pageNumber=96"
"Little gift to myself.","Love it so much!","14 Mar 2021","Size: 32GB Style: WiFi Color: Space Gray","","Yes","KellyK","5.0","2020 Apple iPad (10.2-inch, Wi-Fi, 32GB) - Space Gray (8th Generation)","https://www.amazon.com/Apple-iPad-10-2-inch-Wi-Fi-32GB/product-reviews/B08J65DST5/ref=cm_cr_dp_d_show_all_btm?ie=UTF8&reviewerType=all_reviews&pageNumber=96"
"Kids gift","The kids love it","20 Feb 2021","Size: 32GB Style: WiFi Color: Silver","","Yes","Kevin","5.0","2020 Apple iPad (10.2-inch, Wi-Fi, 32GB) - Space Gray (8th Generation)","https://www.amazon.com/Apple-iPad-10-2-inch-Wi-Fi-32GB/product-reviews/B08J65DST5/ref=cm_cr_dp_d_show_all_btm?ie=UTF8&reviewerType=all_reviews&pageNumber=96"
"Thank you very much","Thank you very much","11 Feb 2021","Size: 128GB Style: WiFi Color: Gold","","Yes","emiliano nunes","5.0","2020 Apple iPad (10.2-inch, Wi-Fi, 32GB) - Space Gray (8th Generation)","https://www.amazon.com/Apple-iPad-10-2-inch-Wi-Fi-32GB/product-reviews/B08J65DST5/ref=cm_cr_dp_d_show_all_btm?ie=UTF8&reviewerType=all_reviews&pageNumber=97"
"ease of setup and use","My husband needed a replacement for the IPAD we purchased for him 8 years ago.  It was not providing good connections for virtual chats.  He is technically challenged but this was relatively easy for him to set up and get going  It provides a good video and audio connections for his zoom meetings.","21 Nov 2020","Size: 32GB Style: WiFi Color: Space Gray","","Yes","Lucille Wieland","5.0","2020 Apple iPad (10.2-inch, Wi-Fi, 32GB) - Space Gray (8th Generation)","https://www.amazon.com/Apple-iPad-10-2-inch-Wi-Fi-32GB/product-reviews/B08J65DST5/ref=cm_cr_dp_d_show_all_btm?ie=UTF8&reviewerType=all_reviews&pageNumber=97"
"Perfect Gift","Best Gift my wife got this year, she loves it and now she can finally watch her videos again after being without a tablet for months... iPads are the best in this house!","28 Dec 2020","Size: 32GB Style: WiFi Color: Gold","","Yes","Mike Cauley","5.0","2020 Apple iPad (10.2-inch, Wi-Fi, 32GB) - Space Gray (8th Generation)","https://www.amazon.com/Apple-iPad-10-2-inch-Wi-Fi-32GB/product-reviews/B08J65DST5/ref=cm_cr_dp_d_show_all_btm?ie=UTF8&reviewerType=all_reviews&pageNumber=97"
"Works Perfectly","Works Perfectly","26 Mar 2021","Size: 128GB Style: WiFi Color: Space Gray","","Yes","Kevin R.","5.0","2020 Apple iPad (10.2-inch, Wi-Fi, 32GB) - Space Gray (8th Generation)","https://www.amazon.com/Apple-iPad-10-2-inch-Wi-Fi-32GB/product-reviews/B08J65DST5/ref=cm_cr_dp_d_show_all_btm?ie=UTF8&reviewerType=all_reviews&pageNumber=97"
"Everything Okay","Everything Okay","01 Mar 2021","Size: 32GB Style: WiFi Color: Space Gray","","Yes","Alexander V.","5.0","2020 Apple iPad (10.2-inch, Wi-Fi, 32GB) - Space Gray (8th Generation)","https://www.amazon.com/Apple-iPad-10-2-inch-Wi-Fi-32GB/product-reviews/B08J65DST5/ref=cm_cr_dp_d_show_all_btm?ie=UTF8&reviewerType=all_reviews&pageNumber=97"
"Great I Pad","Excellent I Pad","07 May 2021","Size: 32GB Style: WiFi Color: Gold","","Yes","VVet69","5.0","2020 Apple iPad (10.2-inch, Wi-Fi, 32GB) - Space Gray (8th Generation)","https://www.amazon.com/Apple-iPad-10-2-inch-Wi-Fi-32GB/product-reviews/B08J65DST5/ref=cm_cr_dp_d_show_all_btm?ie=UTF8&reviewerType=all_reviews&pageNumber=97"
"Easy","So easy to use.","25 Jan 2021","Size: 128GB Style: WiFi Color: Space Gray","","Yes","Mitch","5.0","2020 Apple iPad (10.2-inch, Wi-Fi, 32GB) - Space Gray (8th Generation)","https://www.amazon.com/Apple-iPad-10-2-inch-Wi-Fi-32GB/product-reviews/B08J65DST5/ref=cm_cr_dp_d_show_all_btm?ie=UTF8&reviewerType=all_reviews&pageNumber=97"
"Works great","Great as usuall","22 Nov 2020","Size: 128GB Style: WiFi Color: Space Gray","","Yes","MYou","5.0","2020 Apple iPad (10.2-inch, Wi-Fi, 32GB) - Space Gray (8th Generation)","https://www.amazon.com/Apple-iPad-10-2-inch-Wi-Fi-32GB/product-reviews/B08J65DST5/ref=cm_cr_dp_d_show_all_btm?ie=UTF8&reviewerType=all_reviews&pageNumber=97"
"Recommended","Perfect for daily use","20 Nov 2020","Size: 128GB Style: WiFi Color: Space Gray","","Yes","Shabnam","5.0","2020 Apple iPad (10.2-inch, Wi-Fi, 32GB) - Space Gray (8th Generation)","https://www.amazon.com/Apple-iPad-10-2-inch-Wi-Fi-32GB/product-reviews/B08J65DST5/ref=cm_cr_dp_d_show_all_btm?ie=UTF8&reviewerType=all_reviews&pageNumber=97"
"Great ipad","My lil girl love this ipad","30 Apr 2021","Size: 128GB Style: WiFi Color: Silver","","Yes","Slim","5.0","2020 Apple iPad (10.2-inch, Wi-Fi, 32GB) - Space Gray (8th Generation)","https://www.amazon.com/Apple-iPad-10-2-inch-Wi-Fi-32GB/product-reviews/B08J65DST5/ref=cm_cr_dp_d_show_all_btm?ie=UTF8&reviewerType=all_reviews&pageNumber=97"
"""Buying guide"" review.","Xmas gift for my 2 granddaughters.  I rated this on Consumer Reports ratings & my experience with an earlier model. I'll check with my grandgirls to see if they have any updates to this rating.","12 Jan 2021","Size: 32GB Style: WiFi Color: Gold","","Yes","katalicious","5.0","2020 Apple iPad (10.2-inch, Wi-Fi, 32GB) - Space Gray (8th Generation)","https://www.amazon.com/Apple-iPad-10-2-inch-Wi-Fi-32GB/product-reviews/B08J65DST5/ref=cm_cr_dp_d_show_all_btm?ie=UTF8&reviewerType=all_reviews&pageNumber=98"
"Love Apple products!","faster!! love it!","09 Dec 2020","Size: 128GB Style: WiFi Color: Space Gray","","Yes","Carlos Muoz","5.0","2020 Apple iPad (10.2-inch, Wi-Fi, 32GB) - Space Gray (8th Generation)","https://www.amazon.com/Apple-iPad-10-2-inch-Wi-Fi-32GB/product-reviews/B08J65DST5/ref=cm_cr_dp_d_show_all_btm?ie=UTF8&reviewerType=all_reviews&pageNumber=98"
"Highly recommend","Highly recommend","22 Jan 2021","Size: 32GB Style: WiFi Color: Space Gray","","Yes","DS Scott","5.0","2020 Apple iPad (10.2-inch, Wi-Fi, 32GB) - Space Gray (8th Generation)","https://www.amazon.com/Apple-iPad-10-2-inch-Wi-Fi-32GB/product-reviews/B08J65DST5/ref=cm_cr_dp_d_show_all_btm?ie=UTF8&reviewerType=all_reviews&pageNumber=98"
"Nice ipad","Nice iPad, my daughters use it 24/7.","01 Apr 2021","Size: 128GB Style: WiFi Color: Silver","","Yes","frank garcia","5.0","2020 Apple iPad (10.2-inch, Wi-Fi, 32GB) - Space Gray (8th Generation)","https://www.amazon.com/Apple-iPad-10-2-inch-Wi-Fi-32GB/product-reviews/B08J65DST5/ref=cm_cr_dp_d_show_all_btm?ie=UTF8&reviewerType=all_reviews&pageNumber=98"
"Oh yeah!","Wife loves it!","23 Nov 2020","Size: 128GB Style: WiFi Color: Silver","","Yes","Randy","5.0","2020 Apple iPad (10.2-inch, Wi-Fi, 32GB) - Space Gray (8th Generation)","https://www.amazon.com/Apple-iPad-10-2-inch-Wi-Fi-32GB/product-reviews/B08J65DST5/ref=cm_cr_dp_d_show_all_btm?ie=UTF8&reviewerType=all_reviews&pageNumber=98"
"ImageisEverything.","Love my new IPAD.","09 Nov 2020","Size: 32GB Style: WiFi Color: Space Gray","","Yes","Shirlene Stafford","5.0","2020 Apple iPad (10.2-inch, Wi-Fi, 32GB) - Space Gray (8th Generation)","https://www.amazon.com/Apple-iPad-10-2-inch-Wi-Fi-32GB/product-reviews/B08J65DST5/ref=cm_cr_dp_d_show_all_btm?ie=UTF8&reviewerType=all_reviews&pageNumber=98"
"Christmas gift","Christmas Gift","14 Nov 2020","Size: 32GB Style: WiFi Color: Silver","","Yes","James Mallard","5.0","2020 Apple iPad (10.2-inch, Wi-Fi, 32GB) - Space Gray (8th Generation)","https://www.amazon.com/Apple-iPad-10-2-inch-Wi-Fi-32GB/product-reviews/B08J65DST5/ref=cm_cr_dp_d_show_all_btm?ie=UTF8&reviewerType=all_reviews&pageNumber=98"
"this is a gift","this is a gift","18 Dec 2020","Size: 32GB Style: WiFi Color: Space Gray","","Yes","Janet S. Kozey","5.0","2020 Apple iPad (10.2-inch, Wi-Fi, 32GB) - Space Gray (8th Generation)","https://www.amazon.com/Apple-iPad-10-2-inch-Wi-Fi-32GB/product-reviews/B08J65DST5/ref=cm_cr_dp_d_show_all_btm?ie=UTF8&reviewerType=all_reviews&pageNumber=98"
"Quick and easy delivery","Excellent product.","15 Apr 2021","Size: 128GB Style: WiFi Color: Space Gray","","Yes","R. A. Mungal","5.0","2020 Apple iPad (10.2-inch, Wi-Fi, 32GB) - Space Gray (8th Generation)","https://www.amazon.com/Apple-iPad-10-2-inch-Wi-Fi-32GB/product-reviews/B08J65DST5/ref=cm_cr_dp_d_show_all_btm?ie=UTF8&reviewerType=all_reviews&pageNumber=98"
"Network problem","It lost network connection every several minutes. It is a brand new one and I never expect that problem. Maybe it is a rare case, but I have already decided to buy iPad Air 4.","09 Nov 2020","Size: 32GB Style: WiFi Color: Space Gray","","Yes","Shaowei2017","2.0","2020 Apple iPad (10.2-inch, Wi-Fi, 32GB) - Space Gray (8th Generation)","https://www.amazon.com/Apple-iPad-10-2-inch-Wi-Fi-32GB/product-reviews/B08J65DST5/ref=cm_cr_dp_d_show_all_btm?ie=UTF8&reviewerType=all_reviews&pageNumber=98"
"Works perfect","Works perfect","10 May 2021","Size: 32GB Style: WiFi Color: Silver","","Yes","Bob smith","5.0","2020 Apple iPad (10.2-inch, Wi-Fi, 32GB) - Space Gray (8th Generation)","https://www.amazon.com/Apple-iPad-10-2-inch-Wi-Fi-32GB/product-reviews/B08J65DST5/ref=cm_cr_dp_d_show_all_btm?ie=UTF8&reviewerType=all_reviews&pageNumber=99"
"It could use a larger memory","Its an  iPad.","11 Dec 2020","Size: 32GB Style: WiFi Color: Gold","","Yes","kent","5.0","2020 Apple iPad (10.2-inch, Wi-Fi, 32GB) - Space Gray (8th Generation)","https://www.amazon.com/Apple-iPad-10-2-inch-Wi-Fi-32GB/product-reviews/B08J65DST5/ref=cm_cr_dp_d_show_all_btm?ie=UTF8&reviewerType=all_reviews&pageNumber=99"
"iPad","It was a gift","29 Dec 2020","Size: 32GB Style: WiFi Color: Silver","","Yes","grammylittle","5.0","2020 Apple iPad (10.2-inch, Wi-Fi, 32GB) - Space Gray (8th Generation)","https://www.amazon.com/Apple-iPad-10-2-inch-Wi-Fi-32GB/product-reviews/B08J65DST5/ref=cm_cr_dp_d_show_all_btm?ie=UTF8&reviewerType=all_reviews&pageNumber=99"
"Excelente tanto que me quedo sin palabras para =]","Excelente.!!!","26 Apr 2021","Size: 32GB Style: WiFi Color: Space Gray","","Yes","Walter","5.0","2020 Apple iPad (10.2-inch, Wi-Fi, 32GB) - Space Gray (8th Generation)","https://www.amazon.com/Apple-iPad-10-2-inch-Wi-Fi-32GB/product-reviews/B08J65DST5/ref=cm_cr_dp_d_show_all_btm?ie=UTF8&reviewerType=all_reviews&pageNumber=99"
"Best price","Great price! Love it!","13 Nov 2020","Size: 128GB Style: WiFi Color: Space Gray","","Yes","C. Hale","5.0","2020 Apple iPad (10.2-inch, Wi-Fi, 32GB) - Space Gray (8th Generation)","https://www.amazon.com/Apple-iPad-10-2-inch-Wi-Fi-32GB/product-reviews/B08J65DST5/ref=cm_cr_dp_d_show_all_btm?ie=UTF8&reviewerType=all_reviews&pageNumber=99"
"Love  this book It is clear,  well backlight for nighttime reading","Great e book.","23 Mar 2021","Size: 32GB Style: WiFi Color: Space Gray","","Yes","annecarroll","5.0","2020 Apple iPad (10.2-inch, Wi-Fi, 32GB) - Space Gray (8th Generation)","https://www.amazon.com/Apple-iPad-10-2-inch-Wi-Fi-32GB/product-reviews/B08J65DST5/ref=cm_cr_dp_d_show_all_btm?ie=UTF8&reviewerType=all_reviews&pageNumber=99"
"So so product.","Product started off gpod but started skipping and not charging. Refunded and returned.","12 Feb 2021","Size: 32GB Style: WiFi Color: Space Gray","","Yes","BeachBums&DoodleMomma","2.0","2020 Apple iPad (10.2-inch, Wi-Fi, 32GB) - Space Gray (8th Generation)","https://www.amazon.com/Apple-iPad-10-2-inch-Wi-Fi-32GB/product-reviews/B08J65DST5/ref=cm_cr_dp_d_show_all_btm?ie=UTF8&reviewerType=all_reviews&pageNumber=99"
"Awesome item","I had a 6th gen. iPad and decided to upgrade to this newest model, 8th gen.  So happy with it. It’s  bigger than my older one and the color and graphics are great! Will not hesitate to buy again in the future. Received item quickly.","29 Dec 2020","Size: 128GB Style: WiFi Color: Space Gray","","Yes","Patricia Hasenfuss","5.0","2020 Apple iPad (10.2-inch, Wi-Fi, 32GB) - Space Gray (8th Generation)","https://www.amazon.com/Apple-iPad-10-2-inch-Wi-Fi-32GB/product-reviews/B08J65DST5/ref=cm_cr_dp_d_show_all_btm?ie=UTF8&reviewerType=all_reviews&pageNumber=99"
"lightweight.","I like the weight of the ipad, The cover I chose is purple, & it sets the ipad up if I choose to use it that way. Seems easy to use so far.","26 May 2021","Size: 128GB Style: WiFi Color: Space Gray","","Yes","B  Sebolt","5.0","2020 Apple iPad (10.2-inch, Wi-Fi, 32GB) - Space Gray (8th Generation)","https://www.amazon.com/Apple-iPad-10-2-inch-Wi-Fi-32GB/product-reviews/B08J65DST5/ref=cm_cr_dp_d_show_all_btm?ie=UTF8&reviewerType=all_reviews&pageNumber=99"
"Great tablet","This iPad gets used everyday for various tasks. It is more portable than my laptop and can perform many of the functions of larger devices. My only wish is that it had inputs for a memory stick or hdmi. Overall, I am satisfied with this product and recommend it.","28 Dec 2020","Size: 32GB Style: WiFi Color: Silver","","Yes","Ken   MacPhail","5.0","2020 Apple iPad (10.2-inch, Wi-Fi, 32GB) - Space Gray (8th Generation)","https://www.amazon.com/Apple-iPad-10-2-inch-Wi-Fi-32GB/product-reviews/B08J65DST5/ref=cm_cr_dp_d_show_all_btm?ie=UTF8&reviewerType=all_reviews&pageNumber=99"
"The iPad performed exactly as exactly as advertised.","My husband’s iPad was ancient and he really needed an upgrade. The final push came when he was signed up to take an online class and he needed ios11 and his iPad couldn’t download it. He got the new one and was delighted with the speed, clarity and battery life!","06 Apr 2021","Size: 128GB Style: WiFi Color: Space Gray","","Yes","Lucinda C Casey","5.0","2020 Apple iPad (10.2-inch, Wi-Fi, 32GB) - Space Gray (8th Generation)","https://www.amazon.com/Apple-iPad-10-2-inch-Wi-Fi-32GB/product-reviews/B08J65DST5/ref=cm_cr_dp_d_show_all_btm?ie=UTF8&reviewerType=all_reviews&pageNumber=100"
"Great ipad","Very happy with apple ipad.","19 Dec 2020","Size: 128GB Style: WiFi Color: Space Gray","","Yes","Kindle Customerbob","5.0","2020 Apple iPad (10.2-inch, Wi-Fi, 32GB) - Space Gray (8th Generation)","https://www.amazon.com/Apple-iPad-10-2-inch-Wi-Fi-32GB/product-reviews/B08J65DST5/ref=cm_cr_dp_d_show_all_btm?ie=UTF8&reviewerType=all_reviews&pageNumber=100"
"iPad","Its the best","28 Mar 2021","Size: 128GB Style: WiFi Color: Space Gray","","Yes","David Payne","5.0","2020 Apple iPad (10.2-inch, Wi-Fi, 32GB) - Space Gray (8th Generation)","https://www.amazon.com/Apple-iPad-10-2-inch-Wi-Fi-32GB/product-reviews/B08J65DST5/ref=cm_cr_dp_d_show_all_btm?ie=UTF8&reviewerType=all_reviews&pageNumber=100"
"Bought for my kids","Great so far","25 Mar 2021","Size: 128GB Style: WiFi Color: Space Gray","","Yes","Amazon Customer","5.0","2020 Apple iPad (10.2-inch, Wi-Fi, 32GB) - Space Gray (8th Generation)","https://www.amazon.com/Apple-iPad-10-2-inch-Wi-Fi-32GB/product-reviews/B08J65DST5/ref=cm_cr_dp_d_show_all_btm?ie=UTF8&reviewerType=all_reviews&pageNumber=100"
"It's HUGE","It's an ipad","14 Feb 2021","Size: 32GB Style: WiFi Color: Gold","","Yes","T. Smith","5.0","2020 Apple iPad (10.2-inch, Wi-Fi, 32GB) - Space Gray (8th Generation)","https://www.amazon.com/Apple-iPad-10-2-inch-Wi-Fi-32GB/product-reviews/B08J65DST5/ref=cm_cr_dp_d_show_all_btm?ie=UTF8&reviewerType=all_reviews&pageNumber=100"
"Excelente precio","Buen producto","30 Jan 2021","Size: 32GB Style: WiFi Color: Space Gray","","Yes","Humberto Nazar","5.0","2020 Apple iPad (10.2-inch, Wi-Fi, 32GB) - Space Gray (8th Generation)","https://www.amazon.com/Apple-iPad-10-2-inch-Wi-Fi-32GB/product-reviews/B08J65DST5/ref=cm_cr_dp_d_show_all_btm?ie=UTF8&reviewerType=all_reviews&pageNumber=100"
"It works","Good quality","25 Apr 2021","Size: 32GB Style: WiFi Color: Gold","","Yes","deborah winje","5.0","2020 Apple iPad (10.2-inch, Wi-Fi, 32GB) - Space Gray (8th Generation)","https://www.amazon.com/Apple-iPad-10-2-inch-Wi-Fi-32GB/product-reviews/B08J65DST5/ref=cm_cr_dp_d_show_all_btm?ie=UTF8&reviewerType=all_reviews&pageNumber=100"
"Great value","Love my new iPad!","28 Dec 2020","Size: 32GB Style: WiFi Color: Space Gray","","Yes","Barbara Burchfield","5.0","2020 Apple iPad (10.2-inch, Wi-Fi, 32GB) - Space Gray (8th Generation)","https://www.amazon.com/Apple-iPad-10-2-inch-Wi-Fi-32GB/product-reviews/B08J65DST5/ref=cm_cr_dp_d_show_all_btm?ie=UTF8&reviewerType=all_reviews&pageNumber=100"
"Winner!!","Love, love, love my new iPad.  It holds battery life for hours, is so clear, and far outweighs my older iPad.  I can connect to my tv and watch shows that we have recorded.  Great purchase!!","24 Nov 2020","Size: 32GB Style: WiFi Color: Gold","","Yes","Amazon Customer","5.0","2020 Apple iPad (10.2-inch, Wi-Fi, 32GB) - Space Gray (8th Generation)","https://www.amazon.com/Apple-iPad-10-2-inch-Wi-Fi-32GB/product-reviews/B08J65DST5/ref=cm_cr_dp_d_show_all_btm?ie=UTF8&reviewerType=all_reviews&pageNumber=100"
"Must protection","Great product","05 Jan 2021","Size: 128GB Style: WiFi Color: Gold","","Yes","andrew","5.0","2020 Apple iPad (10.2-inch, Wi-Fi, 32GB) - Space Gray (8th Generation)","https://www.amazon.com/Apple-iPad-10-2-inch-Wi-Fi-32GB/product-reviews/B08J65DST5/ref=cm_cr_dp_d_show_all_btm?ie=UTF8&reviewerType=all_reviews&pageNumber=100"
