"title","content","date","variant","images","verified","author","rating","product","url"
"IS IT FRAUD?","Just got off the phone with a Suoervisor regarding Rules function that won’t work.  After waiting 5 days for the promised fix. -  I AM NOW TOLD IT IS A NEW FEATURE AND THEY DON’T KNOW WHEN IT WILL BE AVAILABLE??!!  This is a function that is enabled in their CURRENT software.  You can activate it - no error messages - it just doesn’t work! IS THIS FRAUD?","03 Mar 2021","Style: Wyze Cam v3","","No","Curt777","1.0","Wyze Cam v3 with Color Night Vision, Wired 1080p HD Indoor/Outdoor Video Camera, 2-Way Audio, Works with Alexa, Google Assistant, and IFTTT","https://www.amazon.com/Vision-Indoor-Outdoor-Camera-Assistant/product-reviews/B08R59YH7W/ref=cm_cr_dp_d_show_all_btm?ie=UTF8&reviewerType=all_reviews&pageNumber=1"
"Glitchy, unreliable, no customer service,  Amazon, Microsoft now severely restrict you from viewing.","30 days with 2 units, Glitchy, unreliable, no customer service.  Amazon, Microsoft severely restricts you from seeing images.  All android emulators- worthless, not workable, freeze, crash.  Bought with 1 yr of Plus.  recieved only 20 days.  Forced to repurchase another 1 yr for each.  Now all offline, Error Codes. Semi worthless now. Hold off buying until Microsoft stops Android emulators from Blue Screen of Death on your PC and Amazon allows fire tablets to view images but both phones and Fire tablets too small to really see what happened.  If both reverse course, glitches fixed, customer svs added, could be great,  but not now.  Dozens of videos of frail, unreliable  Chromecast, other ways to see images on pcs but none really functional, reliable.  Just buy  a functional Nest or a POI multicamera with DVI central recorder unit. Wyze promises to make it functional but never will. Running Wyze V3, Nest and Ring side by side.  All have their strengths. Wyze V3 The V3 Starlight sensor is breakthrough. Realize that incredible Night is Day color vision comes with 6 ft fireballs around 900 lumen outdoor lights.  There are less light sensitive settings that darken the light level to Ring and Nest levels.  Lots of settings with V3 but you can fine tune.  Adding the monthly PLUS AI analysis and incident reports doubles the value . It's a must, buy it. Nest  Doorbell -with its 4K sensor allows double the zooming than any 1080 sensor, hands down best hardware but cost 10 x as much to purchase and 3 times per month more.  It does catch things the Wyze misses and vice versa. IF you add the $10 SD card to Wyze Z3, (and you should), both record full time 24/  7. . Ring Doorbell Pro -Ring Doorbell Pro  is a part time recording device that, I hate to say it, misses 75% of everything, no matter how you set it.  It's a long on the tooth, past it's day,  replace it with a Wyze Z3 now device.  Ring is still  OK  IF it turns on and captures what happened.  Ok if all you want to do is record people who come close to your door.  The downside of Ring is that all the porch pirates know Ring sends a low quality image and then  locks the users out for 3-8 minutes, which give the Porch Pirates 3 to 8 minutes safe escape. Porch pirate know Wyze and Nest respond fast and offer no escape window.  Police Dept has warned against Ring. I'm leaving the Ring in just as real time only camera backup because little resale value, not worth removing.","11 Mar 2021","Style: Wyze Cam v3","","Yes","David","1.0","Wyze Cam v3 with Color Night Vision, Wired 1080p HD Indoor/Outdoor Video Camera, 2-Way Audio, Works with Alexa, Google Assistant, and IFTTT","https://www.amazon.com/Vision-Indoor-Outdoor-Camera-Assistant/product-reviews/B08R59YH7W/ref=cm_cr_dp_d_show_all_btm?ie=UTF8&reviewerType=all_reviews&pageNumber=1"
"Faulty?","Just got it and the instructions are very straight forward but CANNOT get it to connect.  Even my boyfriend who is very tech saavy and has 2 of the older versions can’t get this camera to connect to my wifi.  I’m super disappointed.","08 Mar 2021","Style: Wyze Cam v3","","Yes","Franticchick","1.0","Wyze Cam v3 with Color Night Vision, Wired 1080p HD Indoor/Outdoor Video Camera, 2-Way Audio, Works with Alexa, Google Assistant, and IFTTT","https://www.amazon.com/Vision-Indoor-Outdoor-Camera-Assistant/product-reviews/B08R59YH7W/ref=cm_cr_dp_d_show_all_btm?ie=UTF8&reviewerType=all_reviews&pageNumber=1"
"Huge improvement from V2","This camera is a huge improvement over the V2.  Aside from the wider angle of view (more camera coverage), the night vision is insanely great in color.  The fact that this can be used outdoors and can endure the elements makes it perfect.","10 Mar 2021","Style: Wyze Cam v3","","Yes","chicago esquire","5.0","Wyze Cam v3 with Color Night Vision, Wired 1080p HD Indoor/Outdoor Video Camera, 2-Way Audio, Works with Alexa, Google Assistant, and IFTTT","https://www.amazon.com/Vision-Indoor-Outdoor-Camera-Assistant/product-reviews/B08R59YH7W/ref=cm_cr_dp_d_show_all_btm?ie=UTF8&reviewerType=all_reviews&pageNumber=1"
"Static noise seems like hardware issue","Good camera and the image quality is superior. However, one major issue is that the audio is having static noise. Google it and found large group of people is reporting this and the static noise can be hear next to the camera. So the noice is coming from the hardware and can’t be fixed by firmware. Hopefully they fix it from the source.","10 Mar 2021","Style: Wyze Cam v3","","Yes","EX ","3.0","Wyze Cam v3 with Color Night Vision, Wired 1080p HD Indoor/Outdoor Video Camera, 2-Way Audio, Works with Alexa, Google Assistant, and IFTTT","https://www.amazon.com/Vision-Indoor-Outdoor-Camera-Assistant/product-reviews/B08R59YH7W/ref=cm_cr_dp_d_show_all_btm?ie=UTF8&reviewerType=all_reviews&pageNumber=1"
"Yup. Recommended hands down!","The image quality is superb. The motion can be separated to detect normal motion or persons which is extremely helpful to minimize false positives. It is tiny, lightweight, easy to install and cheap. The only con so far is a somewhat diminished WiFi range compared to my previous v2 cam; not a whole bunch. However, the fact that this one is weather resistant compensates in my book. Pleased with my camera. Thumbs up for sure.","11 Mar 2021","Style: Wyze Cam v3","","Yes","Vlad","5.0","Wyze Cam v3 with Color Night Vision, Wired 1080p HD Indoor/Outdoor Video Camera, 2-Way Audio, Works with Alexa, Google Assistant, and IFTTT","https://www.amazon.com/Vision-Indoor-Outdoor-Camera-Assistant/product-reviews/B08R59YH7W/ref=cm_cr_dp_d_show_all_btm?ie=UTF8&reviewerType=all_reviews&pageNumber=1"
"Best","Best camera! Ever ir has 2 way audio for 20 dollars ","06 Mar 2021","Style: Wyze Cam v3","","Yes","Mario Vargas","5.0","Wyze Cam v3 with Color Night Vision, Wired 1080p HD Indoor/Outdoor Video Camera, 2-Way Audio, Works with Alexa, Google Assistant, and IFTTT","https://www.amazon.com/Vision-Indoor-Outdoor-Camera-Assistant/product-reviews/B08R59YH7W/ref=cm_cr_dp_d_show_all_btm?ie=UTF8&reviewerType=all_reviews&pageNumber=1"
"Excellent camera","My wyze cam came in today.  Within 3 minutes this tiny camera was up and running.  I did already have a wyze account.  It had to complete 3 firmware updates.  I had to log out of my app and log back in.  Once that was done it was set to go.  I'm looking forward to seeing the night vision this evening. Remember it will only operate on 2.4","11 Mar 2021","Style: Wyze Cam v3","","Yes","Love2bAlive","5.0","Wyze Cam v3 with Color Night Vision, Wired 1080p HD Indoor/Outdoor Video Camera, 2-Way Audio, Works with Alexa, Google Assistant, and IFTTT","https://www.amazon.com/Vision-Indoor-Outdoor-Camera-Assistant/product-reviews/B08R59YH7W/ref=cm_cr_dp_d_show_all_btm?ie=UTF8&reviewerType=all_reviews&pageNumber=1"
"IF YOU ARE HAVING PROBLEMS","Excellent camera and easy to use. I see some reviews complaining about they couldn't get the camera to connect. I had the same issue, but I figured out. These cameras need a 2.4GHz WiFi network with a WPA/WPA2 protocol. Wyze Devices cannot be connected to a 5GHz network. So go into your router settings and change it. Many have the option to run both at the same time, which is what I did. Also, if you're having an issue at the QR code screen, where is says scan with cam. It means the Wyze cam, not your phone camera. Just point your phone at the camera and it will sync.","21 Mar 2021","Style: Wyze Cam v3","https://images-na.ssl-images-amazon.com/images/I/91gefvkKGGL._SY88.jpg","Yes","TeeOh","5.0","Wyze Cam v3 with Color Night Vision, Wired 1080p HD Indoor/Outdoor Video Camera, 2-Way Audio, Works with Alexa, Google Assistant, and IFTTT","https://www.amazon.com/Vision-Indoor-Outdoor-Camera-Assistant/product-reviews/B08R59YH7W/ref=cm_cr_dp_d_show_all_btm?ie=UTF8&reviewerType=all_reviews&pageNumber=1"
"wanted to be excited for the version 3 ended with disappointment and frustration","OK first of all I just want to say that I’ve been having Wyze products for about 2 to 3 years and I really love the products but unfortunately lately things have been downhill and extremely disappointing after receiving my wyze cam version 3. I don’t know if it’s the product itself that sucks or I just received a defective model. But it took me about an hour and a half to get past the set up do to the cam constantly restarting and getting stuck by itself mind you. At times the set up button  won’t even work. I would have to constantly unplug and replug. But that’s not even the best part when I finally was able to force to set up I wouldn’t even get video to stream. I updated the cam and everything but still giving me issues. it is very very disappointing because I was looking forward for this cam to be my main front porch camera and seems useless if I can’t even get a video feed or prevent the camera from constantly restarting/rebooting. At this point it’s a paperweight and I didn’t order a paperweight.","16 Mar 2021","Style: Wyze Cam v3","https://images-na.ssl-images-amazon.com/images/I/81FWiNxfKCL._SY88.jpg
https://images-na.ssl-images-amazon.com/images/I/81yUNsCYIHL._SY88.jpg","Yes","Heriberto A.","1.0","Wyze Cam v3 with Color Night Vision, Wired 1080p HD Indoor/Outdoor Video Camera, 2-Way Audio, Works with Alexa, Google Assistant, and IFTTT","https://www.amazon.com/Vision-Indoor-Outdoor-Camera-Assistant/product-reviews/B08R59YH7W/ref=cm_cr_dp_d_show_all_btm?ie=UTF8&reviewerType=all_reviews&pageNumber=1"
"Buggy not what I was expecting","Fantastic packaging and everything is so simple, everything is laid out for you instructions wise, it even has an app that lets you control the camera it’s great! EXCEPT Out the box this camera was buggy. I want continuous recording on an SD card and this camera is very capable of doing that and it fails miserably at it. First issue was camera not recognizing my Sd cards I had 5 different SD cards ranging from 2gb to 128gb made by Samsung and other name brands I can’t remember but all 5 failed to be recognized by the camera. After I updated the camera and reformatted all my sd cards the camera found them, great on to the next step. I mounted the camera to watch a squirrel feeder and the camera comes with a 14day trial of premium or whatever, it alerts for motion detection great. First time using it worked out well, it recoded everything from before the first motion happened till whenever I told it to stop. So once I got my footage off the app I made sure the camera was still (in theory) continuously recoding and went about my day. 4 hours later “motion detected” showed me a snap shot of what was moving and I proceeded to look towards the app to see what happened or what was moving. And boom “no video at selected time”... Great so what I get no video of what happened or anything? I pull the SD card and I find my first video and it plays fine it’s properly formatted and it’s in about 1 minut segments. As for anything else after this first video which was only 4 minutes is unplayable, giving me an error on my computer it’s not formatted properly.(not sure what this is) This is my first impression of this camera so far I will update when or if it’s necessary, I’ve seen plenty of video saying how great this thing is and everything works blah blah blah, no go look at people trying to troubleshoot this you’ll find full forums of people trying to figure this thing out. I figured wyze has their isshhh together since this is the v3. UPDATE*** After fidgeting with the camera it would only capture the first 1/4 of the day on continuous recording then later in the day it switches to recording 1 min of every 10mins? Not sure what that is but it’s not recording everything and I’m losing patience with this thing, problems are hard to diagnose as the menu system or app is too simple and doesn’t give you any real information like a go pro would granted 30$ to 300$... either way... I can’t recommend thing if this is going to be a thing for security...","16 Mar 2021","Style: Wyze Cam v3","","Yes","Jesse","1.0","Wyze Cam v3 with Color Night Vision, Wired 1080p HD Indoor/Outdoor Video Camera, 2-Way Audio, Works with Alexa, Google Assistant, and IFTTT","https://www.amazon.com/Vision-Indoor-Outdoor-Camera-Assistant/product-reviews/B08R59YH7W/ref=cm_cr_dp_d_show_all_btm?ie=UTF8&reviewerType=all_reviews&pageNumber=2"
"It's superior to v2.  It is.","It seems to cue up in the app faster than v2, the night vision also works extremely well. But I want to explain, since I see some people saying color night vision doesn't work.  No, it works...but you didn't follow the instructions.  Thus let me help you out. You see, ""color night vision"" is not actually night vision. What? I said color night vision is NOT actually ""night vision"". TO understand, you need to understand ""light"". Night vision works by using infrared light, which is seen by the camera lens (but not the naked eye).  That's why you can't use an IR light for a camera facing a window; it's just going to reflect itself. TO solve this, you could put an IR blaster outdoors, but pretty much all of them require hardwire power.  Which defeats the purpose since a baddie could just cut the power. Enter ""color night vision"" - which again is not night vision. Cameras, all cameras, have a sensor.  This sensor needs light - regular light.  It behaves very similar to your eye; you can't see things without light.  The more light, the easier it is to see things. However, sometimes you can't increase the light level, yet you still need to see objects. In camera tech this is done by way of ISO, which is essentially a setting that tells the camera to compensate for lighting conditions - you can make things appear ""brighter"" or ""darker"". So...you combine a larger sensor with a higher ISO, and what you get...is ""color night vision"". In other words, all the camera's doing is amplifying whatever ambient light is there in order to improve the picture. ...ah, I see it's clicking to you now. TO use color night vision, NIGHT VISION SHOULD BE OFF.  Not ""on"", not ""auto"".  OFF. I know this doesn't make sense due to the naming.  But trust me on this. If you leave it ""auto"" the camera will sense that there's not enough light and just go to regular night vision (which will be black and white because color is not perceived through IR lighting.  Remember, IR sensors can't see the full spectrum of color). If you turn it off, the camera will simply adjust ISO based on whatever lighting is there and that's what you get. Now, you have to be realistic.  If there's literally NO ambient lighting whatsoever - I'm talking pitch black, no stars, no moon, NOTHING - you might as well do regular night vision with IR.  Or just get some light in there.  It doesn't need to be a lot - the side of my house has a single Phillips Hue bulb set at the lowest and I get full brightness through color night vision. SUMMARY:  color night vision needs at least some light to actually work, AND you must turn regular night vision OFF.","28 Mar 2021","Style: Wyze Cam v3","","Yes","Tempting Reviews","5.0","Wyze Cam v3 with Color Night Vision, Wired 1080p HD Indoor/Outdoor Video Camera, 2-Way Audio, Works with Alexa, Google Assistant, and IFTTT","https://www.amazon.com/Vision-Indoor-Outdoor-Camera-Assistant/product-reviews/B08R59YH7W/ref=cm_cr_dp_d_show_all_btm?ie=UTF8&reviewerType=all_reviews&pageNumber=2"
"Read before you buy","This camera quality is awesome. As far as using for security forget about it. I have 3 indoor camera that work great. I bought 2 cam v3 for outside. They are basically junk they alert you on bugs, tree blowing, lights from cars shining on trees. Unless you have a yard without anything blowing or bugs flying around then don’t bother for security. I’m talking about events happening non stop all night long. I set the security all the way down and didn’t help at all. Ive watch 50 videos with nothing in them. Day time i think is fine so hopefully if you have criminals in your neighborhood they only work during the day.","20 Mar 2021","Style: Wyze Cam v3","","Yes","tom8100","1.0","Wyze Cam v3 with Color Night Vision, Wired 1080p HD Indoor/Outdoor Video Camera, 2-Way Audio, Works with Alexa, Google Assistant, and IFTTT","https://www.amazon.com/Vision-Indoor-Outdoor-Camera-Assistant/product-reviews/B08R59YH7W/ref=cm_cr_dp_d_show_all_btm?ie=UTF8&reviewerType=all_reviews&pageNumber=2"
"Not alexa compatible, apparnetly","I linked the camera to the Wyze app (and its working). I linked the app to Alexa (and it says connected). I've said ""Alexa discover devices"" multple times, every time nothing. Alexa show me Front Porch (the camera name) Alexa responds ""Sorry, I didn't find a device named front porch"". Unlinking & re-linking did nothing. The closest thing to support I found says: Note: You must have a Wyze Cam v2 or Wyze Cam Pan to connect with Amazon Alexa Which I guess means v3 is NOT compatible...","17 Mar 2021","Style: Wyze Cam v3","","Yes","Bobby Thompson Rocks","1.0","Wyze Cam v3 with Color Night Vision, Wired 1080p HD Indoor/Outdoor Video Camera, 2-Way Audio, Works with Alexa, Google Assistant, and IFTTT","https://www.amazon.com/Vision-Indoor-Outdoor-Camera-Assistant/product-reviews/B08R59YH7W/ref=cm_cr_dp_d_show_all_btm?ie=UTF8&reviewerType=all_reviews&pageNumber=2"
"Cam Plus Doesn’t Work","We ordered 3 of the V3 cameras. I’ve got to say the clarity and night vision are awesome. We don’t get night vision in color though. Also when you set them up make sure you have SD cards because cam plus is an absolute JOKE. You get nothing but error codes on the event videos that make these cameras worth the money. For instance if someone was breaking into your home the camera would alert you but then it would throw up an error code that it cannot retrieve the event video from the cloud. You can still watch the person come in on the cam if you know that is what is happening. I had faith in Wyze but we are so frustrated with not being able to see the event videos that we want to return them","17 Mar 2021","Style: Wyze Cam v3","https://images-na.ssl-images-amazon.com/images/I/61a6RV+Q8sL._SY88.jpg","Yes","Dylan Mills","1.0","Wyze Cam v3 with Color Night Vision, Wired 1080p HD Indoor/Outdoor Video Camera, 2-Way Audio, Works with Alexa, Google Assistant, and IFTTT","https://www.amazon.com/Vision-Indoor-Outdoor-Camera-Assistant/product-reviews/B08R59YH7W/ref=cm_cr_dp_d_show_all_btm?ie=UTF8&reviewerType=all_reviews&pageNumber=2"
"Night color feature doesn't work","Video quality is better then their v2 cameras, but I bought this for the full color night vision recording but as you can see in the picture that feature doesn't seem to be working just looks like normal night vision and that's with the IR light off. Very disappointed hopefully something will be updated in the software","13 Mar 2021","Style: Wyze Cam v3","https://images-na.ssl-images-amazon.com/images/I/81+XA6+Q-2L._SY88.jpg","Yes","moo","3.0","Wyze Cam v3 with Color Night Vision, Wired 1080p HD Indoor/Outdoor Video Camera, 2-Way Audio, Works with Alexa, Google Assistant, and IFTTT","https://www.amazon.com/Vision-Indoor-Outdoor-Camera-Assistant/product-reviews/B08R59YH7W/ref=cm_cr_dp_d_show_all_btm?ie=UTF8&reviewerType=all_reviews&pageNumber=2"
"TOTAL FAILURE despite 4 working v2 WYZE cams","Cam v3 failed WiFi connection despite 5 attempts and although I have 4 other WYZE V2 cams working perfectly! FYI, I tried both my 5Ghz and 2.4Ghz WiFi channels, 4 code scans, unplugged unit 3 times to start over from scratch. VERY DISAPPOINTING. fyi, THERE ARE A FEW PHYSICAL DIFFERANCES BETWEEN V3 AND PRIOR VERSIONS: 1. V3 has a permanently connected short USB cable 2. V3 base/stand fits into the camera 3. V3 reset/setup button is a rubbery thing vs the older movable plastic piece However, v2 and v3 appear to be exact same outside dimension which means v3 should fit into an outdoor weatherproof housing made for v2 cam.","28 Mar 2021","Style: Wyze Cam v3","","Yes","Consumer Advocate","1.0","Wyze Cam v3 with Color Night Vision, Wired 1080p HD Indoor/Outdoor Video Camera, 2-Way Audio, Works with Alexa, Google Assistant, and IFTTT","https://www.amazon.com/Vision-Indoor-Outdoor-Camera-Assistant/product-reviews/B08R59YH7W/ref=cm_cr_dp_d_show_all_btm?ie=UTF8&reviewerType=all_reviews&pageNumber=2"
"AMAZING pictures and night image, sound is low and unrealiable","I wanted a cheap home monitoring setup, and this camera is an AMAZING VALUE.  for under 30 dollars you get a HD camera that is wireless (although powered with a USB cable) that can record continuously on a micro SD card (up to 32 GB). The V3 has great images, a decent frame rate, two way audio with an 80 db siren you can activate.  The night feature means that even without ANY light, you can clearly see things happening. The trick that Wyze does is give you 3 weeks of their cloud recording to spoil you with ready access to all recording, when without the paid subscription you only get a 12 second video every 5 minutes, which is stored for 14 days, which is not bad.  I'm getting used to the subscription bonuses and may well decide to spend the money to keep them.  For someone who is only interested in coming home to review what the cat did all day, you might decide not to spend the money on the subscription. If you choose to put an SD card into the camera it will record 24/7 (and delete the oldest footage when it gets full) but you have to remove the card to put it into a device to see the recordings.  If someone steals the camera AND the SD card you may be out of luck to see who did it. The subscription is only $1.25 per month per camera and you get unlimited cloud recording plus a bunch of notification features such as alerts when the camera hears Carbon monoxide or Smoke detectors alarms. The audio features of this camera are its weakest feature.  Crackly audio or dropout is common, and its best to place the camera where is has fewer walls for the wifi signal to pass through.  The V3 only transmits on a 2.4 ghz signal (which is better for passing through walls anyway, but if it's outside you can sometimes make a big difference in connectivity by shifting the camera a few feet.  The data on the camera image shows how much data is being sent at any given moment, and if you don't have a solid data connection the audio suffers. Also, the audio volume from the camera to whoever your are talking to is fairly low, so above a certain height and distance they won't be able to understand what you are saying.  If you mounted in at eye height by your door, visitors would probably not have a problem hearing you, provided the camera has a solid wifi connection. This camera has SUPER night imaging capability, and switches from black and white night mode to color night mode if it detects motion.  You set the detection level for each camera so that minor movements like branches waving in the wind don't result in unwanted alerts.  You can also set audio trigger thresholds depending on the environment.  My camera looks at a 60 watt light fixture and manages to not become totally blown out. Setting up the cameras is very easy, you install the app and create an account, then push the setup button under the camera and log into your wifi.  A code is sent to your registered email account that gives you control of the camera, and even offers an optional two-step login to prevent possible hacking of your system.  As it stands, even the single stage login feels pretty secure, but it's nice to have the option, which you can turn on later. Each registered camera appears on your app screen, and you pick the camera you want to look at or configure and tap on it.  managing 6 cameras is as easy as one camera, even if it seems repetitious to have to individually configure each camera separately. These cameras are made to work outdoors and are IP66 rated, so dust and moisture should not be a problem, but I do intend to protect mine by mounting them where they will have some overhead cover from the elements. If you want an inexpensive home monitoring system that doesn't actually require a subscription (though you will probably WANT the subscription) then I haven't seen anything that approaches the V3.","02 May 2021","Style: Wyze Cam v3","https://images-na.ssl-images-amazon.com/images/I/61f-w6Dy+zL._SY88.jpg","Yes","Bradikal","4.0","Wyze Cam v3 with Color Night Vision, Wired 1080p HD Indoor/Outdoor Video Camera, 2-Way Audio, Works with Alexa, Google Assistant, and IFTTT","https://www.amazon.com/Vision-Indoor-Outdoor-Camera-Assistant/product-reviews/B08R59YH7W/ref=cm_cr_dp_d_show_all_btm?ie=UTF8&reviewerType=all_reviews&pageNumber=2"
"Great price but need improvements","I have a love/hate relationship with Wyze’s security cameras. I love the low cost of their cameras. It’s easy to install and setup. No subscription is required (but with limitations)! Live view, for the corded cameras, loads very quickly. I hate the significant notification delay when the camera detects motion. I’m talking about up to a minute delay (at times 2-3 minutes)!! So don’t expect to be able to speak with anyone through the camera because they’ll be gone by the time you get notified of their presence. I get a lot of false alerts. The camera detects “motion” from moving shadows and headlights at dusk. I live in the center of two busy streets so it’s difficult to aim the camera away from the passing cars on either side. At night, I’ll get notifications of every car that passes because of their headlights. During the day, adjusting the detection sensitivity reduces the amount of false alerts from cars. Error code 07 occurs a quote a few times which prevents video playback of an event. I also get missed motion detections. I had an amazon delivery today (March 26 at 10:18am) and 2 cameras failed to detect the driver. My last notification for the day was at 8am so it wasn’t caused by the “cool down” limit. The camera also has a short cord so you’ll need to purchase their extension kit if you don’t have an outlet within 5 ft of your installation spot. I also own 2 wireless outdoor cameras. One is installed on the side of the house without a nearby exterior outlet and the other camera is in front of the house on a tree that is roughly 15 ft from the house. Two weeks after installation, the battery percentage is at 80%. The live view loads a lot slower when compared to the wired cameras. It takes 15-20 seconds to load live view whereas the wired cameras load live view within 5 seconds.","26 Mar 2021","Style: Wyze Cam v3","https://images-na.ssl-images-amazon.com/images/I/71FOuCSZHYL._SY88.jpg
https://images-na.ssl-images-amazon.com/images/I/81Otl6kgX8L._SY88.jpg
https://images-na.ssl-images-amazon.com/images/I/81w1aVjDvSL._SY88.jpg","Yes","C. Donofrio","3.0","Wyze Cam v3 with Color Night Vision, Wired 1080p HD Indoor/Outdoor Video Camera, 2-Way Audio, Works with Alexa, Google Assistant, and IFTTT","https://www.amazon.com/Vision-Indoor-Outdoor-Camera-Assistant/product-reviews/B08R59YH7W/ref=cm_cr_dp_d_show_all_btm?ie=UTF8&reviewerType=all_reviews&pageNumber=2"
"Extremely disappointed, have to pay extra for worthwhile features","Extremely disappointed in this camera, under the impression it would take footage of individuals approaching your home. This was to be used overnight. I spent over 45 minutes speaking with a Wyze customer service representative, not once did she indicate I had to purchase their plan Cam Plus to record full-length videos, or  receive alerts when people are detected.  My intention was to obtain footage of any individual approaching the house. The only footage I get is  vehicles driving past our home or motion from trees, in our yard. If you want motion from an individual walking up the driveway to your porch, forget it, it didn't even catch the mailman coming up our walkway.  The time frame 12 seconds should be longer time, once it catches the 12 seconds video event, you  have to wait for it to reset. I purchased the Wyze 32GB microSDHC card, if you want it to film continuous footage, expect to spend the time watching minute by minute, to catch any activity. My point is, if you want a camera to catch vehicles and motion from trees,  this camera will fit the bill.","28 Mar 2021","Style: Wyze Cam v3","","Yes","MLK","1.0","Wyze Cam v3 with Color Night Vision, Wired 1080p HD Indoor/Outdoor Video Camera, 2-Way Audio, Works with Alexa, Google Assistant, and IFTTT","https://www.amazon.com/Vision-Indoor-Outdoor-Camera-Assistant/product-reviews/B08R59YH7W/ref=cm_cr_dp_d_show_all_btm?ie=UTF8&reviewerType=all_reviews&pageNumber=2"
"Unusable due to poor sound quality. Audio is not functional. Only static.","I purchased this camera to use as a baby monitor. Unfortunately, the picture quality is great but there is a constant static sound when the sound is turned on via the app. This effectively renders the camera unusable as I need sound to monitor in addition to video. I tried moving closer to WiFi, resetting, no effect. Will return unless support can offer a solution. Unfortunately also, it appears from searching online that this is a common issue that has existed since the cameras were released without any solution yet. UPDATE 5/19/2021: I spoke to Wyze and was sent a replacement. The second V3 has the identical problem to the first, nothing but garbled static for sound. After researching online it appears this is probably the case with all their cameras (V2 and pan) but most people are not using them for audio recording. This is a total deal breaker for me as Wyze obviously knows of this issue but chooses the same poor components for new products.","04 Apr 2021","Style: Wyze Cam v3","","Yes","Heather N.","1.0","Wyze Cam v3 with Color Night Vision, Wired 1080p HD Indoor/Outdoor Video Camera, 2-Way Audio, Works with Alexa, Google Assistant, and IFTTT","https://www.amazon.com/Vision-Indoor-Outdoor-Camera-Assistant/product-reviews/B08R59YH7W/ref=cm_cr_dp_d_show_all_btm?ie=UTF8&reviewerType=all_reviews&pageNumber=3"
"Great improvement over the v2!","I've owned multiple Wyze Cam v2's since 2018 and while they have worked wonderful since, the improvements in the new version (as well as the cost) persuaded me to upgrade. The improved camera sensor is literally a night and day difference. In cases where the cam v2 would switch on the infrared lights and go into ""night vision"" mode no longer occurs with the v3. The ability to choose between ""near"" or ""far"" IR lights is a bonus as well. One other major improvement over the v2 is the weather resistance rating. There is a short micro usb cable that is connected to the back and is permanently connected to the camera to seal it from the elements. On the other end of the cable is where you plug in the included power cable. This part of the connection is sealed by a rubber-like tip. Even the port for the SD card has a small cover. Good attention to detail. Setup is quite simple. Download the app, log in or create a Wyze account, select add device, and choose the correct product. The directions walk you through the rest. One thing I will point out is that you need to select a 2.4ghz Wi-Fi network. It may list your 5ghz network and the camera will tell you it couldn't connect. It might be useful if Wyze added some text to the network select screen mentioning that. EDIT: It appears the app now tells you. One point I like to mention to new possible buyers is that you should not rely on these or any other similarly priced camera's for security purposes. They are great for keeping an eye on things, but if you are solely looking for something to provide security you should be looking at spending a bit more.","13 Mar 2021","Style: Wyze Cam v3","","Yes","Daniel S","5.0","Wyze Cam v3 with Color Night Vision, Wired 1080p HD Indoor/Outdoor Video Camera, 2-Way Audio, Works with Alexa, Google Assistant, and IFTTT","https://www.amazon.com/Vision-Indoor-Outdoor-Camera-Assistant/product-reviews/B08R59YH7W/ref=cm_cr_dp_d_show_all_btm?ie=UTF8&reviewerType=all_reviews&pageNumber=3"
"Wyze V3 vs Blink Mini","The picture series has Wyze first and Blink Mini 2nd in all shots. First pic is of both at my wall mount. First comparison is Image Quality as cameras capture in daytime. I am standing at 20 ft from cameras. Next enlargements are done by zooming thise images on IPhone 12 Pro Max and doing screen grab of each. Wyze wins with sharper images. Lastly is night vision comparison. Night vision is hugely better on Wyze. Why have a security camera if someone breaks in and their faces are blurry? Pros and cons: First Amazon owned Blink feels more solid product support wise, long term as its a bigger name with likely more resources. I had cheap Chinese MIPC based cameras before - what a joke! 2nd I don't want images in cloud. I want local discreet storage. The Blink system can give that with Bluetooth available USB sync module storage possibility. The Sync Module can be hidden in a outlet in a cabinet or a location not nearby. That is better than Wyze. Micro SD cards in camera (Wyze) mean suspect can steal them or destroy them easily - so this is a strike against Wyze. Lastly I don't like the pigtail on the Wyze V3. I know they did this for sealing/weather tightness. But they could still do a co injection molded sealed insertion of the connector at the camera body. Cameras should all have flat round common diameter bottoms, designed properly and have common interfaces for hookups and wire concealment in wire tracks. In this way they fit avariety of mounts. For wire concealment I use Legrand Cordmate C10 white wire channel it works very well. Standardize all interfaces please. So really neither has their act together 100%. But Wyze has most important feature, Image Quality, correct.","15 Apr 2021","Style: Wyze Cam v3","https://images-na.ssl-images-amazon.com/images/I/810aE5i3ynL._SY88.jpg
https://images-na.ssl-images-amazon.com/images/I/81AxB1srdkL._SY88.jpg
https://images-na.ssl-images-amazon.com/images/I/81oQ3iPgMCL._SY88.jpg
https://images-na.ssl-images-amazon.com/images/I/91Anv9Hk+6L._SY88.jpg
https://images-na.ssl-images-amazon.com/images/I/91FCHQ9qq5L._SY88.jpg
https://images-na.ssl-images-amazon.com/images/I/91fXOTShsjL._SY88.jpg
https://images-na.ssl-images-amazon.com/images/I/A1+YYlqnXzL._SY88.jpg","Yes","Rich in NC","4.0","Wyze Cam v3 with Color Night Vision, Wired 1080p HD Indoor/Outdoor Video Camera, 2-Way Audio, Works with Alexa, Google Assistant, and IFTTT","https://www.amazon.com/Vision-Indoor-Outdoor-Camera-Assistant/product-reviews/B08R59YH7W/ref=cm_cr_dp_d_show_all_btm?ie=UTF8&reviewerType=all_reviews&pageNumber=3"
"Constant Disconnects, missed recordings, false alerts.","After my terrible experience with Wyze v2’s, I decided to try out the v3’s. My logic was that it couldn’t get any worse. I was so wrong. Continuous disconnects, false alarm after false alarm, app lock ups, a bit rates dropping to below 10kbps. My Eufy 2k Indoor cameras  suffer ZERO of these issues, have better picture quality and cost $5 more. Save yourself the headache and ignore the flood of fake and paid reviews. I’m giving these to someone I hate so they can be their problem. 0/10. I’m done with Wyze.","04 Apr 2021","Style: Wyze Cam v3","","Yes","Grant Johnson","1.0","Wyze Cam v3 with Color Night Vision, Wired 1080p HD Indoor/Outdoor Video Camera, 2-Way Audio, Works with Alexa, Google Assistant, and IFTTT","https://www.amazon.com/Vision-Indoor-Outdoor-Camera-Assistant/product-reviews/B08R59YH7W/ref=cm_cr_dp_d_show_all_btm?ie=UTF8&reviewerType=all_reviews&pageNumber=3"
"So far so good","Got it on April 3, 2021. (Today is April 14, 2021.) So far so good. Installation: Very very easy. Following the instruction in the manual, I just connected the USB cable for power, installed a smartphone App, configured the app for connectivity, and put a MicroSD card. If you have any difficulty, ask Google (e.g., how to setup Wyze cam). You will see a few good helps including Y**t*be video clips. Regarding the video: On April 3, I put a 32GB MicroSDHD card (that was formatted with GUIFormat program available free on the Internet). I set the video quality to SD for continuous recording. Wyze generates one mp4 file for one minute. The 32GB card could hold 4-days SD videos. The SD video quality was good enough. Today, I put a 128GB MicroSDXC card (that was, again, formatted with GUIFormat program). The file system should be FAT32 (not exFAT nor NTFS). I first formatted the card to NTFS in Windows. Then, I formatted it to FAT32 with GUIFormat to avoid ""currently-being-used error"" of GUIFormat. Wyze Cam has had no issue with it. In order to extend the length of recordings in the card, I switched the quality to 360p (which is not much different from SD 480p). I have not checked the visual quality yet, but it should be not much different from that of SD. Regarding subscription: Though the cost of subscription is not much (around $15/year? for each cam), I decided not to subscribe the service. Since the device records continuously and the 128GB card can hold around 20 days records, I can refer to the recorded video files if needed. I mean, I can rely on the recordings instead of cloud. I will let you know later if the no subscription option is good OK. Hardware and software quality and durability: Again, so far so good. The device is a bit warm, but not hot. I hope the heat does not cause any trouble in the long run. So far, the device is working very well, continuously recording without any issue. The Android app/software is very good. I am sure iPhone app also functions well, too. I will report my experience several weeks later.","14 Apr 2021","Style: Wyze Cam v3","","Yes","John","5.0","Wyze Cam v3 with Color Night Vision, Wired 1080p HD Indoor/Outdoor Video Camera, 2-Way Audio, Works with Alexa, Google Assistant, and IFTTT","https://www.amazon.com/Vision-Indoor-Outdoor-Camera-Assistant/product-reviews/B08R59YH7W/ref=cm_cr_dp_d_show_all_btm?ie=UTF8&reviewerType=all_reviews&pageNumber=3"
"Soooo many false notifications","Wanted to love these and the reviews were good, but plan to be hammered by notifications about motion detected when there is no motion.  These cameras are just not ready for prime time until Wyze can sort this out.  I'm assuming they do this on purpose to get you to subscribe to Cam Plus where they say you'll get 70% less notifications.  Clearly they know about this and use this as a methodology to bank coin.  Tough to use these as security cameras given you never know if a notification is accurate or not and have to look at the video for every notification.  Plan to spend some time every day just filtering out false positives  - you have been warned.","08 May 2021","Style: Wyze Cam v3","","Yes","Mike Morgan","1.0","Wyze Cam v3 with Color Night Vision, Wired 1080p HD Indoor/Outdoor Video Camera, 2-Way Audio, Works with Alexa, Google Assistant, and IFTTT","https://www.amazon.com/Vision-Indoor-Outdoor-Camera-Assistant/product-reviews/B08R59YH7W/ref=cm_cr_dp_d_show_all_btm?ie=UTF8&reviewerType=all_reviews&pageNumber=3"
"Better than V2 but not there yet - No tech support","The V3 picture quality and low light sensitivity is better than the V2 & battery cameras but the motion detection at night is so horrible that I can’t use it.  The camera produces so much noise at night that the motion detection continually triggers at the lowest sensitivity with the sound detection off.  I am averaging over 100 false alarms per night with the cameras.  I have the battery version and the V2 camera looking at the exact same scene and they are producing no false alarms.  I believe I have a defective unit but the customer service is so horrible that I can’t get a response from them.  I keep getting emails apologizing to me that somebody will get back to me soon but 14 days passed with no actions.  I have submitted all of the settings and actual screen shots to tech support and am discouraged by the lack of response. Help!!!!","05 Apr 2021","Style: Wyze Cam v3","","Yes","Nancy","2.0","Wyze Cam v3 with Color Night Vision, Wired 1080p HD Indoor/Outdoor Video Camera, 2-Way Audio, Works with Alexa, Google Assistant, and IFTTT","https://www.amazon.com/Vision-Indoor-Outdoor-Camera-Assistant/product-reviews/B08R59YH7W/ref=cm_cr_dp_d_show_all_btm?ie=UTF8&reviewerType=all_reviews&pageNumber=3"
"SO much better - new bugs found","1 Week Update: The 2 way audio is useless.  When I turn on the speaker so I can listen to what's going on outside, all I hear is a constant, LOUD snap crackle and pop.  Even when someone is standing directly below the camera and yelling, all I hear is snap crackle and pop.  Hopefully the video continues to work. Original review: The picture quality is amazing.  I initially planned on getting just one of these to mount outside (thanks to the new weatherproofing) and because the picture quality is so much better and vastly superior at night, I'll be replacing all of my v2's pretty soon. Here's a bug I didn't expect.  I have this mounted on my garage watching my driveway and front lawn.  I get random notifications that there's a vehicle in my driveway.  Yah, Wyze, I know.  It's been sitting there all day and hasn't moved.  But I keep getting a random notification that there's a vehicle.  It's not saying it moved and there's no movement detected on the camera. The second bug is less a bug and more of a feature failure.  All the new v3's come with 2 weeks of 24/7 continuous recording and in theory it's great and I appreciate the free offer to check it out but I'd REALLY like to turn it off and I can't.  I have GARBAGE internet with God-awful upload speeds.  The 12 second videos aren't much of a problem.  But the much longer videos hoss my internet to the point that the other cams no longer work properly until the v3 video is uploaded. That all being said, I love the new v3's and will be swapping out all my v2's very soon.","09 Apr 2021","Style: Wyze Cam v3","","Yes","M. Larsen","3.0","Wyze Cam v3 with Color Night Vision, Wired 1080p HD Indoor/Outdoor Video Camera, 2-Way Audio, Works with Alexa, Google Assistant, and IFTTT","https://www.amazon.com/Vision-Indoor-Outdoor-Camera-Assistant/product-reviews/B08R59YH7W/ref=cm_cr_dp_d_show_all_btm?ie=UTF8&reviewerType=all_reviews&pageNumber=3"
"See for yourself","The top photo is the new v3, and the bottom is the Wyze cam outdoor WIRELESS (also much more expensive) Both cameras are right next to each other with the same lighting, taken minutes apart. Needless to say I love love the v3 and I bought 3 more. So much better than their other cams for so much less.","17 Mar 2021","Style: Wyze Cam v3","https://images-na.ssl-images-amazon.com/images/I/B17Vjr+C2iS._SY88.jpg","Yes","Amazon Customer","5.0","Wyze Cam v3 with Color Night Vision, Wired 1080p HD Indoor/Outdoor Video Camera, 2-Way Audio, Works with Alexa, Google Assistant, and IFTTT","https://www.amazon.com/Vision-Indoor-Outdoor-Camera-Assistant/product-reviews/B08R59YH7W/ref=cm_cr_dp_d_show_all_btm?ie=UTF8&reviewerType=all_reviews&pageNumber=3"
"Good camera quality but there are some flaws","We have an upstairs area that has a patio door leading to a roof that is shared by other neighbors. We received a notice from the management company that someone was trying to tamper with the roof door and I immediately told my husband we need to look for a camera that can detect motion, give us notifications on our phones when motion is detected, HD quality and has night vision. My husband found this camera and decided that it had all of the features we were looking for. We got it set up quite easily and I was impressed that it also had a siren function that we can set off using our phone. The thing that I didnt like about this camera is that if there is anything in the way of it slightly, the night vision will not work. One evening I decided to log on and noticed that a tip of a pillow on the couch next to it was showing on the top corner and the night vision did not work. I went upstairs to remove the pillow and it started working again. I also didnt like how, because there is only one account that we share, only one of us can get notifications.","23 Apr 2021","Style: Wyze Cam v3","","Yes","mwong","2.0","Wyze Cam v3 with Color Night Vision, Wired 1080p HD Indoor/Outdoor Video Camera, 2-Way Audio, Works with Alexa, Google Assistant, and IFTTT","https://www.amazon.com/Vision-Indoor-Outdoor-Camera-Assistant/product-reviews/B08R59YH7W/ref=cm_cr_dp_d_show_all_btm?ie=UTF8&reviewerType=all_reviews&pageNumber=3"
"Not that good in my humble opinion","I'm not liking this cam at all, I bought two of them because I was really happy with my older ones, V2. I set up the new one's V3, and replaced two of my older ones with the new ones, the results.... the lag time to start recording before is triple that of the old cam, the event is over before the cam even starts. and problem #2 they only show black and white, even with the light on and even when I set the cam to be in the star mode ( night mode ) where my older cam V2 they showed in color. I am not happy. I don't know why they give this cam such a good review. The cams are hidden but that didn't affect the older ones from working flawlessly. The main reason I bought these was because of the reviews and how great the night vision worked ( supposedly ). I'm glad they were cheap, at least I'm not out too much money. I don't think I'll buy any more. If they were as good as the reviews, I was planning on replacing all my older cams with V3. Good luck","11 May 2021","Style: Wyze Cam v3","","Yes","D_Man3","1.0","Wyze Cam v3 with Color Night Vision, Wired 1080p HD Indoor/Outdoor Video Camera, 2-Way Audio, Works with Alexa, Google Assistant, and IFTTT","https://www.amazon.com/Vision-Indoor-Outdoor-Camera-Assistant/product-reviews/B08R59YH7W/ref=cm_cr_dp_d_show_all_btm?ie=UTF8&reviewerType=all_reviews&pageNumber=4"
"Worked well when it worked.","Really liked it at first. I have a couple wyze cameras. I had purchased it thinking it was wireless, so that was my error, but the cord has a weather seal and it seems ok. The base is magnetic and it's a nice compact camera so it didn't matter since I had a place I could use it. The field of view was nice and wide. It was light weight unit and the stand allowed to be moved to where I needed it to cover. Out of the box, 4 or 5 stars. Why 1 star in the review? It worked for a few days. Now it won't connect to my network at all. I've reset the camera, I've deleted and tried it to reinstall it,, restarted  my network, checked everything... it won't connect work. My other brand cameras and other wyze cameras still connect. This one just stopped. Maybe I just got a dud? I don't know but it's disappointing.","10 Apr 2021","Style: Wyze Cam v3","","Yes","Megan","2.0","Wyze Cam v3 with Color Night Vision, Wired 1080p HD Indoor/Outdoor Video Camera, 2-Way Audio, Works with Alexa, Google Assistant, and IFTTT","https://www.amazon.com/Vision-Indoor-Outdoor-Camera-Assistant/product-reviews/B08R59YH7W/ref=cm_cr_dp_d_show_all_btm?ie=UTF8&reviewerType=all_reviews&pageNumber=4"
"The App doubles as monetization scheme","The entire app, required to use this product is a constant nag for you to give them a subscription fee for their cloud services. I’d rather pay five times the amount for the camera and never have to deal with that design. I also think the app is really confusing and it took me a while to actually understand how to set things up for sound and motion recording. I don’t know why there wasn’t included directions printed how to actually click on stuff and make things happen. Maybe because they redesigned the app so often I don’t know. But needless to say I open the app and reminded many times that I can get the stupid “plus” service. They won’t stop telling me how awesome it is with all of the design and the user interface is specifically split between “plus” functions To show you what you’re “losing” if you don’t give them money every month. I also had no idea that you couldn’t record locally without an SD card I wish that somehow that was more obvious before I bought it. But I think they purposely don’t include one so they can try to upsell you in cloud storage and the physical product costs less. Call me old-fashioned but I would like to just use my product and not being nagged for money all the time. I wouldn’t recommend this product to anybody just for that reason alone. This product honestly is the worst of what a smart phone era has to offer. I’m sure the subscription BS is at least moderately effective and they make money ...but I think Just because you can make money doesn’t necessarily mean that it’s OK. I understand this model with FREE games/apps because you don’t pay for the entire thing. But consider some thing like iphone. When you purchase the physical product, it has local storage that comes with it and it tells you that you can do cloud services but it doesn’t consistently remind you all the time that you’re not paying them for cloud services. Every time you look at your pictures it doesn’t say “Hey you could have more space on your phone if you bought our stuff”. Something about the design of this makes me feel like part of it should be illegal. Because you’re paying for a product But still wasting your time being nagged. And the entire design is just a mental game to press you for more money. Yay capitalism. The actual camera and tech itself is pretty good. But honestly I’m just so sick of this type of crap. Needless to say I don’t think I want to buy any Wyze products. Somehow all of my other smart devices don’t seem to be advertising to me like this. Their apps focus on actual utility, not monetization gimmicks.","09 May 2021","Style: Wyze Cam v3","","Yes","Amazon Customer","1.0","Wyze Cam v3 with Color Night Vision, Wired 1080p HD Indoor/Outdoor Video Camera, 2-Way Audio, Works with Alexa, Google Assistant, and IFTTT","https://www.amazon.com/Vision-Indoor-Outdoor-Camera-Assistant/product-reviews/B08R59YH7W/ref=cm_cr_dp_d_show_all_btm?ie=UTF8&reviewerType=all_reviews&pageNumber=4"
"It may seemed a little complicated but it's not it's a high-quality product.","Got this today, I must say I am extremely thrilled. I got an SD card for it simple to do, even Googled how to remove the SD card put it back in just so I would know, it was all very simple. After couple weeks if this is still doing really great for me I will be ordering more. It has a lot of good features like a siren it does live stream which I adore, connected it to my Alexa, Echo Dot and my old Google Chrome I just Googled everything and it was simple. The picture is extremely good quality with great warmth I'm thrilled with that I haven't checked out the night vision yet but I am sure with everything else that I'm thrilled about the night vision will be just as good thank you Wyze.. I had tried another camera that should have been this simple but it was a nightmare of problems all to find technical support told me it was defective, with my anxiety you saved me Wyze I am so very grateful. A big thank you Amazon for carrying this product at an very affordable price. It may seem complicated but this is not reach out to support and also Google questions and keep looking till you find it. Oh and one more thing very important and looking for how to turn my volume up I found YouTube videos but their app was nothing like my app that I have from Google Play so I found that the first live video where I tested my camera in my app the picture of it I just held my thumb down for a few moments and then it brought up the settings wheel in the right hand corner and I was able to take care of everything from there something important to know.","24 Mar 2021","Style: Wyze Cam v3","","Yes","CT","5.0","Wyze Cam v3 with Color Night Vision, Wired 1080p HD Indoor/Outdoor Video Camera, 2-Way Audio, Works with Alexa, Google Assistant, and IFTTT","https://www.amazon.com/Vision-Indoor-Outdoor-Camera-Assistant/product-reviews/B08R59YH7W/ref=cm_cr_dp_d_show_all_btm?ie=UTF8&reviewerType=all_reviews&pageNumber=4"
"Very disappointed","I believe the V3 is a better camera than the V2.  But am disappointed us early customers can't get ""person detection"" without a separate cost structure. I have two V1 and three V2 Wyze cams from early on, around my house and property.  And Wyze gave us early customers a special deal for ""person detection"".  That does not apply to the V3.  Means planned obsolescence so they can abandon their early customers, and leave us behind.","20 Mar 2021","Style: Wyze Cam v3","","Yes","Beachcomber","3.0","Wyze Cam v3 with Color Night Vision, Wired 1080p HD Indoor/Outdoor Video Camera, 2-Way Audio, Works with Alexa, Google Assistant, and IFTTT","https://www.amazon.com/Vision-Indoor-Outdoor-Camera-Assistant/product-reviews/B08R59YH7W/ref=cm_cr_dp_d_show_all_btm?ie=UTF8&reviewerType=all_reviews&pageNumber=4"
"Huge delay. Not worth it","There is a huge delay in picture and sound. Got it to use as a baby monitor because it was highly recomended by a friend and ive been through 2 other baby monitors that ended up breaking and i regret wasting the money on this one. The picture quality is amazing yes. But it will show my baby in bed asleep and I'll go to check her because I hear something and she is wide awake and moving around the bed.","05 Apr 2021","Style: Wyze Cam v3","","Yes","Jazzy","2.0","Wyze Cam v3 with Color Night Vision, Wired 1080p HD Indoor/Outdoor Video Camera, 2-Way Audio, Works with Alexa, Google Assistant, and IFTTT","https://www.amazon.com/Vision-Indoor-Outdoor-Camera-Assistant/product-reviews/B08R59YH7W/ref=cm_cr_dp_d_show_all_btm?ie=UTF8&reviewerType=all_reviews&pageNumber=4"
"It does work in the end","No matter how I tried  to connect this to my wi-fi, it just would not. All I was getting is `unable to connect` After a couple of days of frustration of continuing entering my wi-fi name and password and getting nowhere and after repeated voice telling me that it did not find the name of the wi-fi, I went into my router settings and into the wi-fi settings and changed the name. When I again tried to connect, it immediately said `connected` and I was at last able to use this cam. The quality of the scene in which it faced is top quality which displayed on my I-Pad.","01 May 2021","Style: Wyze Cam v3","","Yes","David Edwards and Tina Edwards","4.0","Wyze Cam v3 with Color Night Vision, Wired 1080p HD Indoor/Outdoor Video Camera, 2-Way Audio, Works with Alexa, Google Assistant, and IFTTT","https://www.amazon.com/Vision-Indoor-Outdoor-Camera-Assistant/product-reviews/B08R59YH7W/ref=cm_cr_dp_d_show_all_btm?ie=UTF8&reviewerType=all_reviews&pageNumber=4"
"Great camera!!","Great little camera for the price. Super easy setup for both the camera and app. Ordered on Wednesday because I want to catch the irresponsible pet owner on our block and received Thursday Had it setup within 3 minutes. We added an SD card so we don't need to subscribe to the cloud. Waiting to see how the alerts work but so far so good.","11 Mar 2021","Style: Wyze Cam v3","https://images-na.ssl-images-amazon.com/images/I/B1OVTsqv2-S._SY88.png","Yes","Linda H","5.0","Wyze Cam v3 with Color Night Vision, Wired 1080p HD Indoor/Outdoor Video Camera, 2-Way Audio, Works with Alexa, Google Assistant, and IFTTT","https://www.amazon.com/Vision-Indoor-Outdoor-Camera-Assistant/product-reviews/B08R59YH7W/ref=cm_cr_dp_d_show_all_btm?ie=UTF8&reviewerType=all_reviews&pageNumber=4"
"Many firmware issues need fixing!","Wider angle lens than V2, less magnification and more fisheye like image distortion.  Very impressive low light sensitivity. Firmeare buggy.  Camera Times out and goes offline until power cycled because ubiquiti mesh network nodes go into power save mode, I cant cycle camera power without driving 700 miles to the cabin location. Another serious bug, v3 camers ignore video resolution when set to 360p and self-change to SD resolution. Location has DSL that often benchmarks at 250Kbps down and 80Kbps up, so can only turn on single camera or overload upstream bandwidth.  Camera comes on at SD then tells me network is unstable and i should switch to 360p mode - it was set to 360p until i turned it off and back on.  App or firmware??? Also, have to turn off all but 1 of the 10 cameras or network overload causes most to go offline until oower cycled.  Should be able to keep cameras enabled at HD but ONLY recording to local SD so they dont overload network upstream bandwidth.  AS IS, they are USELESS with low bandwidth connections. Another bug: DHCP timeouts because ubiquiti mesh network slow to configure after frequent power outages by PG&E. These could work much more reliably if static IP was an option.  Otherwise camera goes offline until next power outage resets then if lucky comes back online... Wish i could download firmware image to local NFS or SMB share or my phone and verify checksum then push to the multiple cameras, currently each camera fails firmware upsate 3-5 times before successful so to update all 10 cameras takes more than a day with all the retries. Have reported multiple firmware bugs on Wyze support forum without responses. Hopefully firmware will be fixed soon  V2 cameras took a lot of time to fet mostly stable. Hopefully Starlink service will  be offered soon to solve my DSL peoblems.  No other options for internet.","03 Jun 2021","Style: Wyze Cam v3","","Yes","TED T","1.0","Wyze Cam v3 with Color Night Vision, Wired 1080p HD Indoor/Outdoor Video Camera, 2-Way Audio, Works with Alexa, Google Assistant, and IFTTT","https://www.amazon.com/Vision-Indoor-Outdoor-Camera-Assistant/product-reviews/B08R59YH7W/ref=cm_cr_dp_d_show_all_btm?ie=UTF8&reviewerType=all_reviews&pageNumber=4"
"Best and Easiest Surveillance EVER !!","Your browser does not support HTML5 video. I love this camera! The video is at night with a 10 watt LED spotlight on and it looks like it's a daytime out there it is such a crisp picture. The still shot is without the flood light on still great quality picture with color without night vision on. If your turn night vision on it goes to black and white but if you leave it off you get great color even in the pitch black! I also have two of the wireless battery powered outdoor cams and they are excellent picture also but they only do black and white with night vision basically. I would recommend this system to anyone for residential or commercial video surveillance. As I get a bigger house I will add to the system without a doubt.","28 Mar 2021","Style: Wyze Cam v3","https://images-na.ssl-images-amazon.com/images/I/91A0AXXyXjL._SY88.png
https://images-na.ssl-images-amazon.com/images/I/A1jVqpCrK7L._SY88.png
https://images-na.ssl-images-amazon.com/images/I/B1-TLlBGAvS._SY88.png","Yes","dmtscravey","5.0","Wyze Cam v3 with Color Night Vision, Wired 1080p HD Indoor/Outdoor Video Camera, 2-Way Audio, Works with Alexa, Google Assistant, and IFTTT","https://www.amazon.com/Vision-Indoor-Outdoor-Camera-Assistant/product-reviews/B08R59YH7W/ref=cm_cr_dp_d_show_all_btm?ie=UTF8&reviewerType=all_reviews&pageNumber=4"
"Thumbs Up","I Love this Camera. For the price it can not be beaten in my opinion. It may not be the best for response times and so on, but the video quality is GREAT for 1080P, especially the starlight and night vision. I also LOVE that you do not have to PAY for storage. By using a SD memory card, it will record continuously and all you have to do is record what you wish to save on your phone. (Too bad you can't have software on your computer also to view the cameras and record from the cameras. Ya I know you can if you want a STUPID android emulator on your computer. Some of us don't want any emulators.) Pretty Cool otherwise. (Wish it could support more than 32G memory though).  Also it's too bad that Wyze is like most other companies and wants to charge you monthly for storage and extra features only available via their subscription. But oh well, maybe they will change their tune over time.  Bottom Line they do not require you to have a subscription to use the camera, ONLY if you want to use certain features. Whatever. Besides the whole subscription issue, this is a GREAT camera.  (Maybe they will come out with this version of camera with long lasting batteries or long lasting rechargeable. I like having a plug for power, but if you want to put this somewhere where there is not a plug-in power, you are out of luck.) Would love that and would buy it too. Would I buy this item again. YES. Is it worth the price... DEFINATELY.","11 Apr 2021","Style: Wyze Cam v3","","Yes","Nonsha","5.0","Wyze Cam v3 with Color Night Vision, Wired 1080p HD Indoor/Outdoor Video Camera, 2-Way Audio, Works with Alexa, Google Assistant, and IFTTT","https://www.amazon.com/Vision-Indoor-Outdoor-Camera-Assistant/product-reviews/B08R59YH7W/ref=cm_cr_dp_d_show_all_btm?ie=UTF8&reviewerType=all_reviews&pageNumber=5"
"Good price - impressive picture","Needed a camera to watch the dog when it was in another room. The Wyze v3 was inexpensive so I thought I would give it a try. It is very nice.  A nice set of features.  Good picture (on an iphone 8plus it is as sharp as if I was standing in the room) .  Good night vision (in color depending on how dark it is).  Two way talk.  Live streaming.  Video playback.  The phone app has a nice set of features too.  The phone app also has 2 factor authentication (YEAH!!  All apps should!!  don't let the hackers into your IoT because they stole or guessed your password!) - though it isn't token or authenticatorApp based...still way better than just a password. I read somewhere that the event captured videos used to go through China servers (though they were encrypted) but more recently I read that Wyze changed that so all video from US cameras stay in the US.  If that worries you, check into it - don't take my word on it. I also bought a Micro SD card (from Amazon of course) so the continuous video recording stays on the device (on the SD card):  SanDisk 32GB MAX Endurance microSDHC Card with Adapter for Home Security Cameras and Dash cams - C10, U3, V30, 4K UHD, Micro SD Card - SDSQQVR-032G-GN6IA  : https://www.amazon.com/gp/product/B084CJLNM4/ref=ppx_yo_dt_b_asin_title_o05_s00?ie=UTF8&psc=1 It holds about 4 days worth of continuous video in the camera.  The continuous video on the SD card is accessible via the app (and the app servers are in the cloud like everything else) but is supposed to be end-to-end encrypted. I think motion alerts are part of the subscription package ($20 a year per camera) but I'm not using those so I don't know for sure.  From what I could tell, all cameras are now charging a subscription fee.  There is no fee to record to the local SD card.  (The SD card has to be formatted FAT32 so Wyze claims the camera  can only support cards up to 32GB.  Some people online have said they managed to get cards as high as 128GB to work.  I don't know anything about that.  If that is important - then you should check into it). I liked the camera so much, that I just bought another one and it should be arriving any minute now!","07 May 2021","Style: Wyze Cam v3","","Yes","Dad","5.0","Wyze Cam v3 with Color Night Vision, Wired 1080p HD Indoor/Outdoor Video Camera, 2-Way Audio, Works with Alexa, Google Assistant, and IFTTT","https://www.amazon.com/Vision-Indoor-Outdoor-Camera-Assistant/product-reviews/B08R59YH7W/ref=cm_cr_dp_d_show_all_btm?ie=UTF8&reviewerType=all_reviews&pageNumber=5"
"Updated - good camera, integration with Alexa a bit tricky","The V3 is a nice camera for the price, but if you are looking to connect this to Alexa, then look elsewhere for now. The firmware on the camera was updated to the latest, I tried unlinking and relinking the account, both my echo show 8 and the camera were on the same network - after multiple tries, no luck. Searching for information on the issue gives answers that refer to the previous v2 model, so this may be specific th this newest model. Asked the question in the support section of the Wyse app - If I hear back with some sort of resolution, I'll update this review, but for now 2 stars out of 5 since the product is advertised as ""works with alexa"" *** UPDATED *** Didn't hear back from support but this is what I did to make it work - looks like account needs to be linked before adding the camera otherwise Alexa will never see it: Delete camera from Wyse App Unlink the Wyse-Alexa connection Relink to Wyse app to Alexa Re-add the Camera in the Wyse app - Alexa will likely see it right away At this point you may need to also disable then re-enble the Wyse skill for Alexa","22 Mar 2021","Style: Wyze Cam v3","","Yes","Paul O","3.0","Wyze Cam v3 with Color Night Vision, Wired 1080p HD Indoor/Outdoor Video Camera, 2-Way Audio, Works with Alexa, Google Assistant, and IFTTT","https://www.amazon.com/Vision-Indoor-Outdoor-Camera-Assistant/product-reviews/B08R59YH7W/ref=cm_cr_dp_d_show_all_btm?ie=UTF8&reviewerType=all_reviews&pageNumber=5"
"For me, Better than blink outdoor. A few things to know…","The video is good quality. The camera has the ability to switch between daylight and night vision automatically. Better than Blink outdoor, which I also tried. Needs a power connection and that’s too bad. No built in battery. The iPhone App is good. You can see all your cameras from the app. You can livestream one camera at a time, which is fine. I tried Blink outdoor and the iPhone app seemed slower. The cloud storage is free for 14 days. Then you have a buy a subscription. Otherwise, my understanding is that the camera detects motion or a person and records some video and uploads to cloud. Then it won’t do that again for five minutes… this is called the cool down period. They don’t really talk about this much in the promotional materials. Their way of getting you to buy. I don’t know about Blink. I was able to connect 9 cameras to the iPhone app. I did not need a base station. I was able to buy licenses through the App Store subscription. Very easy. But you don’t get to assign licenses to your cams until the trial runs out, and that’s confusing. I found this product superior to blink outdoor, esp the iPhone app.","18 May 2021","Style: Wyze Cam v3","","Yes","rahrahrahrah","4.0","Wyze Cam v3 with Color Night Vision, Wired 1080p HD Indoor/Outdoor Video Camera, 2-Way Audio, Works with Alexa, Google Assistant, and IFTTT","https://www.amazon.com/Vision-Indoor-Outdoor-Camera-Assistant/product-reviews/B08R59YH7W/ref=cm_cr_dp_d_show_all_btm?ie=UTF8&reviewerType=all_reviews&pageNumber=5"
"I would buy more","This is a very good camera and it’s cheap, even when you add a memory card and a longer usb cord, for charging. I have cameras all around my house.  Out previous setup was arlo pro and blink. The blinks all died within one week of each other. The arlo are fine but out of date. All were hard wired for continuous charging. I decided that wire free cameras are nice until the battery dies and I need to get on a ladder. I bought the Wyze v3 and have replaced all the blinx and 2/3 of the arlo. What’s not to like for total cost of less than $50 in/camera? The cameras are a lot more responsive and accurate than the other brands and the app is quick. My set up is each camera has an sd card installed as well as continuous power. The cameras all continuously records and I get alerts based on activity zones, I have set up. The cameras are on a wireless mesh network with 84 other devices and no hub is needed. So far, zero issues. The camera has a built in mount and can be positioned in a multitude of positions. It comes with all the mounting options you need. Basically it requires 1 screw to be installed and your good. Mounting is critical. I suggest you mount it high enough where it cannot be ripped down. Mine are all at least 12 feet high, under the roof overhangs and have the flat wire usb painted to match the house.","23 May 2021","Style: Wyze Cam v3","","Yes","Nkl","5.0","Wyze Cam v3 with Color Night Vision, Wired 1080p HD Indoor/Outdoor Video Camera, 2-Way Audio, Works with Alexa, Google Assistant, and IFTTT","https://www.amazon.com/Vision-Indoor-Outdoor-Camera-Assistant/product-reviews/B08R59YH7W/ref=cm_cr_dp_d_show_all_btm?ie=UTF8&reviewerType=all_reviews&pageNumber=5"
"Great Cams for the money","Used a few of these V2 and V3 for 2 of my houses. I opted for these cause the plug in power over battery/solar. Can also purchase online extended micro usb cables 20ft to 100ft if needed. Another plus was the video playback option with sd card slot. Don't need to pay a monthly/yearly subscription for video playback. Only thing is after your card starts filling need to start removing files you don't need. Motion detection without the upgrade can be a problem. Headlights at night to bugs to trees/leaves can set it off. The v3 plus upgrade can help with that. If not leave it as is and just get the alerts. So on a daily need to be checking and clearing files if you got a small Gig card. Clarity not the greatest when zooming in but when people are up close easily identifiable! Sound MIC all work like most cam/doorbells.","05 Apr 2021","Style: Wyze Cam v3","","Yes","BigSteve","5.0","Wyze Cam v3 with Color Night Vision, Wired 1080p HD Indoor/Outdoor Video Camera, 2-Way Audio, Works with Alexa, Google Assistant, and IFTTT","https://www.amazon.com/Vision-Indoor-Outdoor-Camera-Assistant/product-reviews/B08R59YH7W/ref=cm_cr_dp_d_show_all_btm?ie=UTF8&reviewerType=all_reviews&pageNumber=5"
"wont connect to my 2.4 wifi router ;-(","For all the great reviews, I was looking forward to setting up this cam.  But after 1 hour of dropping wifi networks, rebooting router; resetting passwords; and trolling Google for support tips, I finally gave up and am sending it back.  I am going to try one of our old iPhones instead.","28 Mar 2021","Style: Wyze Cam v3","","Yes","SHMD","1.0","Wyze Cam v3 with Color Night Vision, Wired 1080p HD Indoor/Outdoor Video Camera, 2-Way Audio, Works with Alexa, Google Assistant, and IFTTT","https://www.amazon.com/Vision-Indoor-Outdoor-Camera-Assistant/product-reviews/B08R59YH7W/ref=cm_cr_dp_d_show_all_btm?ie=UTF8&reviewerType=all_reviews&pageNumber=5"
"Excellent value","I had a bunch of their V2 cameras that I liked, and the V3 improved on that. Picture is better, especially night vision.  I like that these can be used in outdoor environments now with the seals around the power plug and even the micro SD card slot. App works well, and is MUCH better to deal with once I found how to do cameras in a group. I had several other disparate manufacturer's devices previously, and was fed up with all the different apps.  So I tried a few and this was what I settled on, one camera to rule them all. And you can't beat the price for what you get.  I've been using their cameras, the V2's, for over a year and a half now, not a single failure, so I see no reason that I won't get long use out of their newest product.","11 May 2021","Style: Wyze Cam v3","","Yes","LegoDad","5.0","Wyze Cam v3 with Color Night Vision, Wired 1080p HD Indoor/Outdoor Video Camera, 2-Way Audio, Works with Alexa, Google Assistant, and IFTTT","https://www.amazon.com/Vision-Indoor-Outdoor-Camera-Assistant/product-reviews/B08R59YH7W/ref=cm_cr_dp_d_show_all_btm?ie=UTF8&reviewerType=all_reviews&pageNumber=5"
"Camera is EXCELLENT -- Wasserstein Floodlight mount leaves something to be desired","We needed to replace two outdoor motion-detecting floodlights with video surveillance, and the Wyze Cam v3 is perfect for the job.  This review is mostly about the Wasserstein ""3-in-1"" Floodlight for the v3 cameras. Wyze cams and the Wyze app are a breeze to pair and set up.  Picture quality is excellent as is the IR night vision.  The base is magnetic and the package includes a metal disc that can be mounted with either the included 3M double-sided tape or the included screw for more permanent attachment to facilitate surface placements.  The camera can also attach to one of two specific Wasserstein floodlights, but the floodlights are not without their flaws. The Wyze Cams v3s all come with an attached micro-USB cable (about 5 inches long) with female connector which is fully sealed with a silicone shroud to prevent water intrusion outdoors once a male connector is inserted, and it will do the job.  But the Wasserstein floodlight is made to work with a variety of USB connected cameras, so there is a generic USB-A female port on the housing.  That port is covered with a silicone cap to keep water out -- which it will do . . . IF YOU DON'T NEED TO PLUG IN A CAMERA.  So why would you buy that floodlight otherwise?  Once a cable is plugged in, the silicone cap is utterly useless.  I pulled it off and threw it away. Wasserstein doesn't include a shorty USB-A to micro-USB male connector (that could be weatherized to seal the power port) so you're stuck with having to do something with 5'10"" of USB cable that comes with the camera to connect to the floodlight. The camera slips into a cheap plastic tray that screw onto a 1/4-20 mounting screw that swivels, but there is no way to actually secure the camera to the mount, so it is vulnerable to theft . . . the only deterrent being the height of the camera above ground level -- if tall enough, a person could jump up, grab the camera, and simply break the tray off the floodlight.  This is a serious design flaw.  They could have outfitted the fixture with a 90-degree mount that screws into the base of the v3 with the OEM stand removed. There are two versions of the floodlight, one with a remote to control light intensity, and sensitivity to motion and darkness.  Although the product photos for the remote make it appear as though there is ink on the markings to make them visible, as you can see in the photos (one from the user manual and one of the actual remote), the markings are virtually impossible to read, especially if you don't have good close-up vision. Don't hesitate to get the Wyze Cam v3 if you need outdoor surveillance -- it even has a LOUD siren that can be activated from the app!  Annual ""Cam Plus"" subscription is just $15 per camera (too bad they don't have volume packages -- I installed seven cameras in my mother-in-law's home so my wife can keep track of her, so that's $105/year).","09 Jun 2021","Style: Wyze Cam v3","https://images-na.ssl-images-amazon.com/images/I/812zCw5aHuL._SY88.jpg
https://images-na.ssl-images-amazon.com/images/I/81QYjeiAwvL._SY88.jpg
https://images-na.ssl-images-amazon.com/images/I/81b4lAN3owL._SY88.jpg
https://images-na.ssl-images-amazon.com/images/I/81dulc9xkQL._SY88.jpg
https://images-na.ssl-images-amazon.com/images/I/81hNCniY5AL._SY88.jpg
https://images-na.ssl-images-amazon.com/images/I/81ip-hNRROL._SY88.jpg","Yes","Max H. Herr","5.0","Wyze Cam v3 with Color Night Vision, Wired 1080p HD Indoor/Outdoor Video Camera, 2-Way Audio, Works with Alexa, Google Assistant, and IFTTT","https://www.amazon.com/Vision-Indoor-Outdoor-Camera-Assistant/product-reviews/B08R59YH7W/ref=cm_cr_dp_d_show_all_btm?ie=UTF8&reviewerType=all_reviews&pageNumber=5"
"I purchased 7 cameras...","After installing these at my house and using them for a few months here are the overall pros/cons I've experienced: Pros: At this price there is nothing better. Believe me, I've wasted a lot of time/money with other cameras in the $25-$35 range and these V3's are the best for the price. Very easy to install. Since they don't weigh much 1 screw is all that's needed per camera. They look modern/sleek. Video quality during the day and at night with is good (not excellent). Don't expect to be able to see any license plate numbers beyond 10 feet from the cameras because that won't happen. I'm glad users can turn off the very visible blue yes, blue light on each camera. Wyze...what the heck were you thinking when you chose that color? LOL...stick with what has and will forever look best for cameras...red status light! I'm in the central valley of California and temperatures have recently been near 100 and the cameras haven't had any overheating issues. Person detection and push notifications of persons detected works great and is worth the $2.00/per month per camera charge. I have the most entry level standard wifi plan with AT&T and person notifications arrive on my iPhone in about 10 seconds. Cons: Since only 1 screw holds these cameras they can easily be stolen in less then 5 seconds. Not joking. All it takes is one good pull and the camera + the sd card inside (if you put one in) are gone. With the exception of person detection that works great all other notifications (package, cars, motion etc) are ABSOLUTELY HORRIFIC. It doesn't matter what sensitivity setting you chose or what zones you have set if you don't turn OFF all these notifications (except persons) you'll be very upset with the detection capabilities. Wyze really needs to work on their zone and sensitivity settings. Setting zones and sensitivity levels is useless because even if something is out of the zone or on sensitivity level 1 (lowest) I still receive tons of false notifications. This is why I only have person detection on. It's really the only reason why I have a paid subscription. Overall...for the price I can't give this less then 5 stars and CNET, PC Magazine, Editors Choice etc agree. No other company is able to deliver a camera like this at the ridicoulously low price of $25/each. Note, that when these V3 cameras are sold out on the official Wyze site Amazon increases the price to $33 per camera.","20 May 2021","Style: Wyze Cam v3","","Yes","Charles","5.0","Wyze Cam v3 with Color Night Vision, Wired 1080p HD Indoor/Outdoor Video Camera, 2-Way Audio, Works with Alexa, Google Assistant, and IFTTT","https://www.amazon.com/Vision-Indoor-Outdoor-Camera-Assistant/product-reviews/B08R59YH7W/ref=cm_cr_dp_d_show_all_btm?ie=UTF8&reviewerType=all_reviews&pageNumber=5"
"WYZE Cam V3 is simply wonderful and the negative reviews - are extremely silly!","Your browser does not support HTML5 video. FIRST : Negative Reviews - well.. The way someone complains, or criticizes something, someone etc etc...  Depending on 'how' it's done - do they even make coherent point.. or are they speaking out of rage and frustration about something else, and this is the way the choose to vent and be nasty.  I know I pay close attention to these details. These folks are also the ones who more than likely have little to no clue about how to properly handle setting their an internet router, how much bandwidth did they op for with their internet provider, etc etc... Ok : Back to my actual product review - This little camera is great.. I have Arlo cameras as well [home exterior], I mainly use our Wyze Cameras for monitoring progress on my 3D Printer, when I'm working in the garage [woodworking], doing maintenance and upkeep on our 2 acre property.. I tend to leave the garage door open - so I have a Wyze monitoring the space all the way out into the driveway.  It's works GREAT.  I completely support the WYZE TEAM for doing what they set out to do - provide affordable tech to folks like me, single mothers working 2 jobs who needs to keep an eye on her kids once they arrive from school, etc etc... These little cameras have endless possibilities... I know I can't to purchase and Arlo Cam just to monitor progress on our 3D Printer.  WYZE is doing a great job, and I can't wait for our Hand Vacuum Pre-Order to arrive.  Hope this helps anyone looking for an affordable mobile monitoring solution for whatever needs they have.  Cheers!","10 Apr 2021","Style: Wyze Cam v3","https://images-na.ssl-images-amazon.com/images/I/71X7+-Gwd8L._SY88.jpg
https://images-na.ssl-images-amazon.com/images/I/81louRoequL._SY88.jpg
https://images-na.ssl-images-amazon.com/images/I/81zAdoWukdL._SY88.jpg","Yes","sGalaxy Entertainment","5.0","Wyze Cam v3 with Color Night Vision, Wired 1080p HD Indoor/Outdoor Video Camera, 2-Way Audio, Works with Alexa, Google Assistant, and IFTTT","https://www.amazon.com/Vision-Indoor-Outdoor-Camera-Assistant/product-reviews/B08R59YH7W/ref=cm_cr_dp_d_show_all_btm?ie=UTF8&reviewerType=all_reviews&pageNumber=6"
"Bit Buggy But Brilliantly Budget Priced","Meh, couldnt get another 'B' word at the end of the headline.  Many reviews are accurate in some of the criticisms, but overall this is a pretty great budget camera. -  Android Emulators:  for those that want to view this on their desktop, it DOES work.  I used Blue Stacks and its fine. - Connectivity: set up in a few minutes.  The next day my internet went off/on, and for some reason despite the company saying the camera automatically reconnects, it did not.  Took a while to get it reconnected.  This is going to be a deal breaker if it requires complete setup anytime it loses connection, but so far just once and fine since then. -  Moisture Resistant:  have had mine get wet, and have a humidifier in a grow-tent pointing at it and the tent accidentally even going bonkers and reaching 90 degrees and 85% humidity and issues. -  Time Lapse:  This is one of the main reasons I bought this over other security cams, because I wanted one that could record and create timelapse videos , and this did it perfectly.  You can customize the date to start/end, and the interval period for photographs (1 second to as long of a gap as you want). -  App:  this is where I noticed the most buggy-ness. It ALWAYS flickers and stutters when trying to view or switch functions.  The live feed occasionally freezes/pauses which is odd b/c the camera is just feet away from the wireless router.  It ultimately does what I want, but not elegantly or smoothly.  Hopefully future software updates will rectify this. -  Other functions:  I have not yet tried various routines or custom actions or motion tracking yet, so can't speak to those specifically.  Will experiment more and update if any issues. For the price and many functions it offers, most that I don't need, it's plenty great.","07 Jun 2021","Style: Wyze Cam v3","","Yes","Goldie","4.0","Wyze Cam v3 with Color Night Vision, Wired 1080p HD Indoor/Outdoor Video Camera, 2-Way Audio, Works with Alexa, Google Assistant, and IFTTT","https://www.amazon.com/Vision-Indoor-Outdoor-Camera-Assistant/product-reviews/B08R59YH7W/ref=cm_cr_dp_d_show_all_btm?ie=UTF8&reviewerType=all_reviews&pageNumber=6"
"It's always something with these cheap cams!","REVIEW UPDATE:  It always seems like there is SOMETHING with Wyze products!  I think the are so busy pushing out new, sub-par products that they never get anything fully ""right"".  I got a replacement for the dead cam through Amazon..... and now the other two are having issues!  I am using them with TinyCam Pro, in a ""cloud"" setup/setting.  First, if you update the firmware, they simply will not work at all with TinyCam, so had go through the hassle of reverting the firmware to make them work with TinyCam.  Then, every 3 minutes, each camera blanks out for approx. 5 seconds.  Sometimes the camera image pops back up, and other times when it does, TinyCam crashes.  I'm pretty tech savvy, and after looking at the code in the Wyze firmware update, it appears they have intentionally coded the firmware to make the cameras NOT function with anything other than the Wyze app.  Why make a substandard product when it could be so much more?  And why make such a sloppy app, that again, could be so much better??  Wyze is always on the verge of having a superior product for the money, but they always drop the ball in the end. FOLLOW UP:  One of the 3 cameras I received totally died on the 3rd day of use.  Amazon was great about returning it for a replacement, but that should not happen..... so my initial review has dropped from 3 to 2 stars. ORIGONAL REVIEW: This is what the original Wyze Cam should have been in regard to image clarity and night vision. The night vision is superior to any of the other Wyze cameras. I purchased 3 of these cameras on the same order, and there is an image issue with each.... that being that each camera has a different zone within the onscreen image that is out of focus compared to the rest of the image. (cleaned all the camera lenses after mounting)  One camera has an out of focus area in a strip that runs from the lower right corner of the image, to the upper middle.  Another has a horizontal strip straight across the middle of the onscreen image, and the third has the entire right side of the onscreen image out of focus. Another VERY annoying thing is that all of these camera go blank on the screen every 3 mins, for approx. 2 seconds, and then return to the image.  This happens like clockwork, with all three of the cameras I received. (I am using TinyCam Pro as the camera image/screen host.)  I found out the hard way that if you upgrade these, or any of the Wyze Cameras to the latest software version, they WILL NOT function with TinyCam Pro.  I had to download, and revert each camera individually to the old software in order for them to function with TinyCam Pro. These cameras are still likely the best bang for the buck in terms of affordable security cameras, but it feels like Wyze just does barely enough to eek by getting the cameras to sell. Although the advertising would have you believe otherwise, the only tangible thing you get for paying the extra money for the V3 cameras is the improved night vision, and that is almost offset by the annoyance of the image flash out every 3 minutes, and the out of focus areas within each camera's image.","19 Apr 2021","Style: Wyze Cam v3","","Yes","EdCaffreyMS","1.0","Wyze Cam v3 with Color Night Vision, Wired 1080p HD Indoor/Outdoor Video Camera, 2-Way Audio, Works with Alexa, Google Assistant, and IFTTT","https://www.amazon.com/Vision-Indoor-Outdoor-Camera-Assistant/product-reviews/B08R59YH7W/ref=cm_cr_dp_d_show_all_btm?ie=UTF8&reviewerType=all_reviews&pageNumber=6"
"Easy setup, quality camera and excellent app","I'm struggling to understand the reviews saying setup doesn't work or is difficult.  You plug the camera in (with a formatted micro SD card), download the app, sign-up and then click add camera and scan the QR code.  It's really not difficult at all. That being said with the camera connected, the quality is decent, not amazing but decent.  Havent had chance to test the night time quality yet, however the app is brilliant.  Quick to respond and settings are easy to apply. Only issue so far is motion detection doesn't work? I walked within the detection zone and nothing pinged on my phone.  So bit confused at this and that's why I voted 4 stars. I noticed someone asking what the metal washer is for, this is for when you don't want to screw the camera to the wall or ceiling.  You attach the washer to the bottom of the camera (as it's magnetic), then use the sticky pad to stick it to the wall or ceiling. Quick update: the motion notification came through but took 3 minutes to send to my phone.  So unless the burglar is extremely slow, this won't be much use if my house was actually getting broken into. Perhaps this can be quicker with a firmware update. I bought these cameras to replace my yi home outdoor 1080p cameras as the quality is par and the app is completely useless.  I have to say early indications are for £30 these cameras are superior in both aspects.","07 Apr 2021","Style: Wyze Cam v3","","Yes","AmazonCustomer","4.0","Wyze Cam v3 with Color Night Vision, Wired 1080p HD Indoor/Outdoor Video Camera, 2-Way Audio, Works with Alexa, Google Assistant, and IFTTT","https://www.amazon.com/Vision-Indoor-Outdoor-Camera-Assistant/product-reviews/B08R59YH7W/ref=cm_cr_dp_d_show_all_btm?ie=UTF8&reviewerType=all_reviews&pageNumber=6"
"Extremely disappointed at the clarity (software compression?), but hey, it's $30.","I bought this (my 4th Wyze cam) mostly to do time lapse videos off a balcony overlooking the water.  I'm extremely disappointed with the quality of the realtime video, which looks like it's ruined by the compression.  I get chunky blocks instead of clear individual pixels.  Thinking that may be because of WIFI limitations, I tried taking some stills, and the chunk blocks didn't get any better. Then I did a couple of 12 hour time lapse videos, like I've done 100 times with my Wyze V2's.  The quality of the videos is much worse than the V2, they don't play back properly in the App, and I can't get them to download into Android (Windows emulator or native Android) like I did with the V2.  The camera just locks up.  With the V2, it locked up for a few minutes for the download.  With the V3, it never comes back and I have to restart the App, so I never get to see the time lapse videos Looking at the realtime videos on full screen and expanded, solid posts seem to move, when it's actually the water behind them that's moving.  And they're only 10' away.  Another compression artifact, I suspect.  I doubt I could identify a person on the videos, much less a license plate at 25'- ruling it out for any security/evidentiary purpose. Bottom line, I was marginally satisfied with my Wyze V2 cameras, less satisfied with my Wyze tilt, pan and zoom camera (which has the same blocky compression) and this V3 is pretty much useless.  I have cheap action cameras with absolutely superior resolution.  If only they had something similar to the Wyze app, which is pretty impressive. But it was only $30.","23 Mar 2021","Style: Wyze Cam v3","","Yes","Rick Y","2.0","Wyze Cam v3 with Color Night Vision, Wired 1080p HD Indoor/Outdoor Video Camera, 2-Way Audio, Works with Alexa, Google Assistant, and IFTTT","https://www.amazon.com/Vision-Indoor-Outdoor-Camera-Assistant/product-reviews/B08R59YH7W/ref=cm_cr_dp_d_show_all_btm?ie=UTF8&reviewerType=all_reviews&pageNumber=6"
"Great camera!! Totally worth it! Figured out issue with QR code","QR code scanning was painful and we were ready to send it back because we couldn’t get it after an hour of trying! Well guess what!?! It was our screen protector and if you allow iPhone to switch from day and night colors etc. we used an iPad that didn’t have either and work in 2 seconds! We couldn’t believe no one mentioned it. So If you can’t get to scan use a device for setup that doesn’t have a screen protector. Also I think they should do away with the QR scanning but for now it’s a quick work around!! Just ordered this for our sick bird so we can keep an eye on her no matter where we are or what we are doing! Clear picture great quality and amazing night vision with no light source in the room. Sound quality on both sides is amazing and can hear perfectly.","11 Apr 2021","Style: Wyze Cam v3","","Yes","Kriste c","5.0","Wyze Cam v3 with Color Night Vision, Wired 1080p HD Indoor/Outdoor Video Camera, 2-Way Audio, Works with Alexa, Google Assistant, and IFTTT","https://www.amazon.com/Vision-Indoor-Outdoor-Camera-Assistant/product-reviews/B08R59YH7W/ref=cm_cr_dp_d_show_all_btm?ie=UTF8&reviewerType=all_reviews&pageNumber=6"
"Camera works, but has issues with google home","I wanted to try this out as I'm a long time camera guy and have experience with all kinds of home monitoring system. Pros: Great picture, easy to set-up, great size Cons: Getting google home to work is a pain and inconsistent. Shows on the nest hub for about 5 seconds, disconnects and pops in and out.  Can't maintain a stream.  The camera is only 5 ft from the access point so no wireless issues. Wyze app never has issues. Great for the price if you don't plan on using it with google.","24 Mar 2021","Style: Wyze Cam v3","","Yes","Mark","4.0","Wyze Cam v3 with Color Night Vision, Wired 1080p HD Indoor/Outdoor Video Camera, 2-Way Audio, Works with Alexa, Google Assistant, and IFTTT","https://www.amazon.com/Vision-Indoor-Outdoor-Camera-Assistant/product-reviews/B08R59YH7W/ref=cm_cr_dp_d_show_all_btm?ie=UTF8&reviewerType=all_reviews&pageNumber=6"
"Worst Customer Support of any company I have ever dealt with :(","This company makes a great product, and things rarely go wrong, but when they do beware that you are screwed, their customer service is absolutely worthless. Had a new camera that would not work out of the box (support ticket 1184279that has been going on for two weeks trying to get a replacement approved.","08 May 2021","Style: Wyze Cam v3","","Yes","Dave Greer","1.0","Wyze Cam v3 with Color Night Vision, Wired 1080p HD Indoor/Outdoor Video Camera, 2-Way Audio, Works with Alexa, Google Assistant, and IFTTT","https://www.amazon.com/Vision-Indoor-Outdoor-Camera-Assistant/product-reviews/B08R59YH7W/ref=cm_cr_dp_d_show_all_btm?ie=UTF8&reviewerType=all_reviews&pageNumber=6"
"Great Value, Much Improved Night Vision","The retail for this camera direct from Wyze is $24 but they are charge around $5 for shipping. It's around $30 at all third party retailers. The original Wyze V2 camera was $20 retail and is still a fantastic camera for the price but the V3 adds some nice improvements that I think is  well worth the $4 (or even $10 in most places) price increase. For one, the V3 is now rated for use outdoors. It's IP65 weather & dust resistance. I'm not sure how it will hold up in the harsh northeast winters but I'll put it to the test and check back in a year. Their new sensor and ƒ/1.6 aperture allows for much better video capture at night. And I also like that they have now allowed for a built-in mini siren. It's not very loud but could be useful in a pinch to scare off intruders. The setup is just as easy as the V2 and it still retains many of the same useful features like customizable zone and sound detection, monitoring for smoke or CO alarm, free 12-second motion and sound event video recording to the cloud, time-lapse recording, and easy integration with Alexa, Google Assistant and IFTTT. The one major downside Wyze cams are that their cool off time for cloud recording is 5-minutes. That means that when there is continuous motion, the camera will only capture one 12-second event video every five minutes. You can add local storage and it will continue to record to that or opt in to their Cam Plus subscription for contentious recording to the cloud as well as a host of other benefits for $2/month.","15 Apr 2021","Style: Wyze Cam v3","https://images-na.ssl-images-amazon.com/images/I/81ooYiwC1dL._SY88.jpg","Yes","Tommy","4.0","Wyze Cam v3 with Color Night Vision, Wired 1080p HD Indoor/Outdoor Video Camera, 2-Way Audio, Works with Alexa, Google Assistant, and IFTTT","https://www.amazon.com/Vision-Indoor-Outdoor-Camera-Assistant/product-reviews/B08R59YH7W/ref=cm_cr_dp_d_show_all_btm?ie=UTF8&reviewerType=all_reviews&pageNumber=6"
"The free person detection on the eufy would be a good reason to buy eufy instead.","I don’t find the color night mode particularly useful; the color info sucks too much of the xtremely limited bandwidth. Black and white night mode is better even though I have a streetlight above the area it films. But the requirement to subscribe and pay for person detection makes the wyze v3 an expensive proposition. If you haven’t had one of these cameras, person detection and notification is the killer app.  Especially because you can’t scrub at high speed through footage.  So without person alerts you are going to face the prospect of spending hours watching footage to find what you are looking for. I have a eufy 2k camera with person alert by the front door and if I had only one camera that would be it.  After some position adjustments to catch people walking sideways past, it is pretty reliable at detecting people (and free). The wyze v3 didn’t detect people quite as reliably. But the eufy in my experience only accepts a 32 Gb sandisk max endurance card while the wyze works with a 128 gb sandisk max endurance.  Ironically this is opposite of what they say they support; wyze is supposed to only support 32 while the eufy is documented to accept 128. Be aware that all these cameras capture very compressed data, like a hundred or two kbps.  They are no match for cell phone or gopros which give clearer images.","05 Jun 2021","Style: Wyze Cam v3","","Yes","Lorax","4.0","Wyze Cam v3 with Color Night Vision, Wired 1080p HD Indoor/Outdoor Video Camera, 2-Way Audio, Works with Alexa, Google Assistant, and IFTTT","https://www.amazon.com/Vision-Indoor-Outdoor-Camera-Assistant/product-reviews/B08R59YH7W/ref=cm_cr_dp_d_show_all_btm?ie=UTF8&reviewerType=all_reviews&pageNumber=6"
"Wow! Buy this!","Wow this product is seriously amazing. The photo is from my externally mounted Wyze v3. Since there is a street lamp right in front, I turned off the night vision / IR. The image / video is CRYSTAL clear. How does this camera exists at $30??!? This really compares to something 5-10x the price. Also guys, if you buy a sub $10.00 , 32gb micro SD card, and you can have free video storage and replay/ save function. The App is really amazing now that you can group all the cameras together in one screen. It makes it look like a professional multi cam view from a professional set up. Do your self a favor and just buy this one! It’s seriously that amazing!!","07 Apr 2021","Style: Wyze Cam v3","https://images-na.ssl-images-amazon.com/images/I/71me-6CFNSL._SY88.jpg","Yes","atlas360","5.0","Wyze Cam v3 with Color Night Vision, Wired 1080p HD Indoor/Outdoor Video Camera, 2-Way Audio, Works with Alexa, Google Assistant, and IFTTT","https://www.amazon.com/Vision-Indoor-Outdoor-Camera-Assistant/product-reviews/B08R59YH7W/ref=cm_cr_dp_d_show_all_btm?ie=UTF8&reviewerType=all_reviews&pageNumber=7"
"Best camera in it's class.","One of the best camera's in this price range. Setup is easy. The V3 camera has black and white night vision. It uses 4 infrared led's to provide lighting. If set standard, you will see the LEDs as red dots on the camera. If in low power mode, you will not. This setting is easy to change. In my garage at night, with all doors closed and lights off, you cannot see your hand in front of your face. The camera will see you just fine in low power mode as it illuminates the entire 2-car garage area with it's infrared. The V3 camera has a much better night mode than the V2, so make sure you are getting the V3. They also sell a spot light unit to illuminate the area for color if you need it. It will turn on the lights when it detects motion or sound. The power indicator on the camera can be turned off so an intruder does not see it. The camera is a 2 1/2"" white cube with a small collapsible stand. The V3 camera is outdoor rated. The connector is about a foot down the wire, protected by a rubber boot. You can disconnect the provided usb cable here and attach a longer one. Be sure to keep slack so water will not run down the cable and short this connection. Where the cable goes into the camera itself is sealed so water will not ruin the camera. It will send alerts to your phone if desired. This is free with the camera. The resolution is 1080p, which is 2K.Night mode seems grainier, but still good. The phone will upload 12 second events to Amazon cloud (included with camera) or you can insert a 32gb Micro SD card to record more. If they steal your camera, they get your recorded video, but not the initial 12 second recording. Cord provided is 6' long. I found 25' foot cables for about $12 for 2. This allows more flexibility in mounting. The camera has a mic and speaker, do it will record sound. It has an alarm but it's not particularly loud but you can definitely hear it. You can also speak thru the camera from your phone. So you can give delivery instructions or scare off an intruder. Again, this is the most feature packed camera I have seen in the class. You could want better resolution, but 1080p is still a good quality image.","19 Apr 2021","Style: Wyze Cam v3","","Yes","Charlene Hickerson","5.0","Wyze Cam v3 with Color Night Vision, Wired 1080p HD Indoor/Outdoor Video Camera, 2-Way Audio, Works with Alexa, Google Assistant, and IFTTT","https://www.amazon.com/Vision-Indoor-Outdoor-Camera-Assistant/product-reviews/B08R59YH7W/ref=cm_cr_dp_d_show_all_btm?ie=UTF8&reviewerType=all_reviews&pageNumber=7"
"SUPER slow with Google Home/Assistant","I have a few Google Nest Hub Max displays set up in my home along with some Nest indoor and outdoor cams.  I wanted to expand my camera coverage area inside my home, so I decided to give these inexpensive Wyze 3s a try.  The Wyze cameras themselves have some nice features compared to my Nest cams (SD card ports, time lapse, color night vision, flexible mounting options, etc) that work great, but the feature that I cared about the most, which is the integration with Google Home/Assistant, is lacking.  While it does connect to Google Home as easily as Google's Nest cams, the time to first load the video on the Google Hub displays is VERY slow.  It takes around 2 to 3 minutes for the Google displays to load a live feed from the Wyze cam, while it takes less than 10 seconds for the same displays to load live feeds from the Nest cams. Loading Wyze live feeds on my iPad (on the same WiFi network as the displays) takes only a few seconds as well, which leads me to believe there's an issues with the Wyze <-> Google Home/Assistant integration.  If you're trying to catch something happening in real-time, you'll probably miss it and will have to resort to the recorded footage. I really hope that they fix this issue as I would love to purchase a few more of these cameras, at such a low price compared to Nest, but until this integration issue is resolved, the Wyze 3's only real use to me right now is as a nanny cam.","11 Apr 2021","Style: Wyze Cam v3","","Yes","Stevie G.","3.0","Wyze Cam v3 with Color Night Vision, Wired 1080p HD Indoor/Outdoor Video Camera, 2-Way Audio, Works with Alexa, Google Assistant, and IFTTT","https://www.amazon.com/Vision-Indoor-Outdoor-Camera-Assistant/product-reviews/B08R59YH7W/ref=cm_cr_dp_d_show_all_btm?ie=UTF8&reviewerType=all_reviews&pageNumber=7"
"Great camera!","Excellent picture.  Night Vision is black and white unless there is ambient light, but the night vision is crystal clear.  Not wireless. Easy to setup. Camera base is magnetic to help hold it in place on metal surface. We placed ours on an upside down metal bucket in order to raise it higher, and found it sat very still there due to being magnetic. If you need to use it upside down, the camera angle can be rotated 180 degrees in the Wyze app.  2 weeks free trial of Cam plus for longer video clips. $15 annually is a great price for the Cam Plus service, too. Customer service is easy to reach and deal with for any issues experienced.  I called them because I couldn’t add the camera to my purchased cam plus service, but learned it is because we are still within our free 2 weeks at this time.  Will try again after that period ends. Notifications are excellent.  Probably better than they should be since it identifies and notifies me for every insect that flies by the lens at night.  Notifications are for sound, motion, vehicle, or person, and any combination of those. I do wish it would recognize and ignore insects. I had to turn off sound notifications because of the number of insects it identifies as motion every night. Sound quality is great on recordings.  It has 2 way audio, but we have only played around with it once. There is a slight delay between the sound or movement detected and when the notification is received— this also affects the 2 way audio.  I did spring for a 128gb micro usb (not Wyze brand) in order to record videos locally.  We have had thefts throughout our neighborhood and this makes us feel safer or at least more prepared to find the culprit if it ever happens again.","13 Jun 2021","Style: Wyze Cam v3","","Yes","momto2boys0111","5.0","Wyze Cam v3 with Color Night Vision, Wired 1080p HD Indoor/Outdoor Video Camera, 2-Way Audio, Works with Alexa, Google Assistant, and IFTTT","https://www.amazon.com/Vision-Indoor-Outdoor-Camera-Assistant/product-reviews/B08R59YH7W/ref=cm_cr_dp_d_show_all_btm?ie=UTF8&reviewerType=all_reviews&pageNumber=7"
"Worth $30?","My experience with the Wyze cam v3 has been spotty.  At first it didn't work well, then for no reason it started working as it should...no changes to settings??  I either wasn't getting alerted or alerts were late, very late as much as an hour after detection.  Then I just left it alone thinking if I should just return it as it may not be worth the frustration.  Then after forgetting about it for a day or so it started working as designed...?? For now, after 2 weeks I get the motion detection and alerts within about 20 secs of detection.  I do still get alerts with no video clips, but I found a way around it by going into 'View Playback' and it will be there.  I'm still waiting on customer support from 2 weeks ago when it wasn't working... I'd say customer support isn't really there....but for a $30 security cam what can you expect.  The setup is easy and the settings are pretty easy to figure out with a google/Youtube search. This is my backup system to my Amazon Blink security.  I wanted a corded powered camera as a backup to my Blink system.  My Blink system has been on for 1.5 years now and has had to be restarted, or reset twice as a camera goes offline. If it was my primary system I may return it, but as a $30 backup system...?  I think I'll keep it and may even buy a couple more cameras for the side and back yards...problem is providing power.","18 Apr 2021","Style: Wyze Cam v3","","Yes","Darryl","3.0","Wyze Cam v3 with Color Night Vision, Wired 1080p HD Indoor/Outdoor Video Camera, 2-Way Audio, Works with Alexa, Google Assistant, and IFTTT","https://www.amazon.com/Vision-Indoor-Outdoor-Camera-Assistant/product-reviews/B08R59YH7W/ref=cm_cr_dp_d_show_all_btm?ie=UTF8&reviewerType=all_reviews&pageNumber=7"
"""Works with Alexa"" is a lie","Updated V3 to the latest firmware 4.36.0.280. Still getting the message on Alexa ""Wyze - Live mode not supported"" which means your Alexa show devices will NOT work. Using ""Alexa show me the camera"" tries to connect, tries again, and fails. I cannot use the camera for its intended use. Contacting wyze support was not possible. Sat waiting for chat for hours. Then they showed up in chat for 6 seconds and dropped me. I have the full transcript of this. Works ok (not great) with their app so I will probably keep it anyway.","16 Apr 2021","Style: Wyze Cam v3","","Yes","Amazon Customer","1.0","Wyze Cam v3 with Color Night Vision, Wired 1080p HD Indoor/Outdoor Video Camera, 2-Way Audio, Works with Alexa, Google Assistant, and IFTTT","https://www.amazon.com/Vision-Indoor-Outdoor-Camera-Assistant/product-reviews/B08R59YH7W/ref=cm_cr_dp_d_show_all_btm?ie=UTF8&reviewerType=all_reviews&pageNumber=7"
"good for the price but has a few major deficiencies","Update: Wyze copied Honeywell's motion detection zoning grid, so now it's slightly more effective than the single rectangle they before.  It's still not suitable for detection in outdoor areas. Being a security professional, I was excited to test these cameras knowing that they just residential grade products that will never compare to a real video system.  I was excited to test them against the leading security industry products that sell into the same application (Napco/iBridge/Alarm.com/Resideo/Honeywell/Alula). Set-up is very simple and the picture quality is mostly on par with other 1080 cameras of this basic entry level class.  The biggest problem with this camera is the fact that it's motion detection settings only feature a single motion detection zone that you can resize/move.  One zone is far from enough!  Even residential cameras that are 8-10 years old usually feature 4 detection zones that you can customize usually with individual sensitivity settings for each zone.  I get that Wyze wants you to buy their recurring service plan, but using that to supplement missing features is unacceptable even at this low price level.","15 Apr 2021","Style: Wyze Cam v3","","Yes","Juma","2.0","Wyze Cam v3 with Color Night Vision, Wired 1080p HD Indoor/Outdoor Video Camera, 2-Way Audio, Works with Alexa, Google Assistant, and IFTTT","https://www.amazon.com/Vision-Indoor-Outdoor-Camera-Assistant/product-reviews/B08R59YH7W/ref=cm_cr_dp_d_show_all_btm?ie=UTF8&reviewerType=all_reviews&pageNumber=7"
"Great Camera - Great Price","The night vision on this camera is amazing.  It picks up motion well.  I recommend getting the SD card so you can use the option of continuous monitoring - if you desire that.  The brief motion activated clips will pick up motion but miss others bits right after - oddly.  The audio mic works well.  I am currently positioning it from the inside through a window.  In the daytime / sunshine it picks up some non-existent motion on occasion due to looking through glass.  The phone app works well for viewing activity but there is a 10-15 second lag before you are notified of activity, but this should be fixed via life feed hopefully?  Currently there is not an option for reviewing video in slow motion, but a Wyze rep implied that may be available in the near future if I understood correctly.  In the meantime, you have to send the video clip to a 3rd party application that provides for slow motion viewing.  Overall I am very happy and will be buying another camera. The $1.25 per month for Cam Plus is cheap, and the camera can be used for detecting smoke and carbon monoxide alarms - which is great for when you are not at home.","23 Apr 2021","Style: Wyze Cam v3","","Yes","RunningBrave","5.0","Wyze Cam v3 with Color Night Vision, Wired 1080p HD Indoor/Outdoor Video Camera, 2-Way Audio, Works with Alexa, Google Assistant, and IFTTT","https://www.amazon.com/Vision-Indoor-Outdoor-Camera-Assistant/product-reviews/B08R59YH7W/ref=cm_cr_dp_d_show_all_btm?ie=UTF8&reviewerType=all_reviews&pageNumber=7"
"So Far Pretty Disappointing - Update","I am not receiving any motion notifications and have searched through the Wyze online docs but, so far, found nothing that solves the problem.  Live video seems fairly good, and all notification buttons in the app are in the ""on"" positions as well as any other settings that seem relevant, but still no notifications.  After searching the Wyze support pages I emailed the support center and received a response with some general advice - but nothing I hadn't already tried.  Emailed them back - twice now - and still waiting.  If I get this resolved any time soon, I may update my rating.  But if no notifications, which is the whole point, I will be returning these cameras soon. UPDATE:  That was a month ago and tech support did finally respond, but the emailed suggestions seemed to be for a different interface than displayed on my Wyze app and didn't help.  It was frustrating because I had to go on a week-long trip shortly after, which is why I wanted the motion-notices.  Interestingly, or ironically, the day after I got back, I suddenly started receiving notices from both my Wyze cams, with no apparent action on my part.  They now DO send notices, usually wind, vegetation, and bugs at night, but when I try switching to Live View, the app often says Error-Unstable Network, and the audio is hit-miss.  But if I immediately check my two Arlo cams, they work just fine, as well as other network-dependent devices.  I will keep my Wyze cams because good pictures and they were inexpensive, and maybe the bugs can be worked out.  But at this point, not useful for security purposes.","19 Mar 2021","Style: Wyze Cam v3","","Yes","PG","2.0","Wyze Cam v3 with Color Night Vision, Wired 1080p HD Indoor/Outdoor Video Camera, 2-Way Audio, Works with Alexa, Google Assistant, and IFTTT","https://www.amazon.com/Vision-Indoor-Outdoor-Camera-Assistant/product-reviews/B08R59YH7W/ref=cm_cr_dp_d_show_all_btm?ie=UTF8&reviewerType=all_reviews&pageNumber=7"
"Good Camera, Poor Software Features, Shady Subscription","I should preface this review by saying that I almost never write bad reviews and that my expectations for this camera were low.  That said, given the price point (and favorable reviews) I honestly thought I'd be pleased with this. The camera is pretty amazing. Sure the detail could be better, but I have it mounted on a second story windowsill overlooking the backyard and our cars. I don't think it's enough to make a positive ID but I'm honestly quite impressed with the picture quality. The night vision is truly fantastic. For what I paid, it's great. On to the software (android app)... This leaves a lot to be desired. Very little customization. Weak detection often misses people. The alert system is extremely basic. Like... it's bad. I literally can't speak enough about all the seemingly bare bones features it lacks. Mind you, I'm not expecting much here. But I should be able to set a detection area that sends me alerts for people (not every car rolling through the neighborhood) within it. I should be able to set a smaller detection area that alerts me LOUDLY on my google home devices if a person is detected during certain hours. I should be able to access the camera (security) when connected to a VPN. I should be able to customize the notification tones on my phone. I should be able to access all of this from a website on a web browser, not just my phone. I could go on and on for days about how basic and devoid of features the software is. Just a few ""if this, then this"" options would go a long way. But honestly the worst part of all is that today I discovered that the annual subscription price for the ""Cam Plus"" features... is per device. That's right, it's $20 (seems reasonable at first), PER CAMERA. I can overlook the poor software and hope that these basic features become available in the future, but the per camera subscription fee is enough to make me say with certainty: DON'T BUY THIS. A flat annual subscription fee should be an incentive to purchase more cameras. I rarely write bad reviews, but I'm honestly very disappointed in this.","08 Apr 2021","Style: Wyze Cam v3","","Yes","BL49504","1.0","Wyze Cam v3 with Color Night Vision, Wired 1080p HD Indoor/Outdoor Video Camera, 2-Way Audio, Works with Alexa, Google Assistant, and IFTTT","https://www.amazon.com/Vision-Indoor-Outdoor-Camera-Assistant/product-reviews/B08R59YH7W/ref=cm_cr_dp_d_show_all_btm?ie=UTF8&reviewerType=all_reviews&pageNumber=7"
"Crippleware in my opinion","I really regret buying this camera. I thought since I added a memory card I could record all movement of people in front of the camera.  Not so.  The camera resets after 12 seconds unless you subscribe to their service.  Just enough to let someone get to your door.","02 May 2021","Style: Wyze Cam v3","","Yes","HAZ","1.0","Wyze Cam v3 with Color Night Vision, Wired 1080p HD Indoor/Outdoor Video Camera, 2-Way Audio, Works with Alexa, Google Assistant, and IFTTT","https://www.amazon.com/Vision-Indoor-Outdoor-Camera-Assistant/product-reviews/B08R59YH7W/ref=cm_cr_dp_d_show_all_btm?ie=UTF8&reviewerType=all_reviews&pageNumber=8"
"beautiful camera but waiting for RTSP","i really need RTSP to hook this up to my blue iris system.  i did a workaround where you can connect the wyze v3 to tinycam--run a tinycam server, and then receive that on blue iris. but it requires keeping my chromebook or phone on all the time to run the server.  of course i'm frustrated not to have rtsp when the v2 has it (on a beta version software).  but i realize the rtsp really runs antithetical to wyze making money off of cloud storage.  why give me the feed i can keep on my pc hard drives when they can charge monthly (and recoup the really unbelievably cheap hardware prices).  so i am guessing i will be waiting a long time?  in the meantime, i will keep this one camera for testing.  can't really use it easily anywhere, but i do think it's a great piece of tech for $20-30.  with the exception of a lack of RTSP--it is far better than the v2. esp the field of view angle and night vision. also control of the lights/IR all around the camera and weatherproofing (which was admittedly pretty good already on the v2)","21 Apr 2021","Style: Wyze Cam v3","","Yes","dad shopper","2.0","Wyze Cam v3 with Color Night Vision, Wired 1080p HD Indoor/Outdoor Video Camera, 2-Way Audio, Works with Alexa, Google Assistant, and IFTTT","https://www.amazon.com/Vision-Indoor-Outdoor-Camera-Assistant/product-reviews/B08R59YH7W/ref=cm_cr_dp_d_show_all_btm?ie=UTF8&reviewerType=all_reviews&pageNumber=8"
"Outstanding camera and system!","I have been with Wyze since day one and they have always made fantastic products for a very low price and the Wyzecam V3 is no different. The resolution, low light capabilities, night vision and features are far superior to the V2 cameras that I have loved for years. I currently have 20 cameras for various uses including home security, to monitor our dog while we are not at home, I have one on each of my 3D printers to monitor my prints and I have 2 at my elderly mother in laws house to keep an eye on her. The V3 is simply amazing in its capabilities. The Wyze App is extremely easy to use and there are no fees for the basic operation of the system although you can purchase a subscription for enhanced AI detection. Installation could not be easier and the instructions in the app are very easy to follow. YOU MUST USE 2.4GHZ WiFi, it will not work on a 5.8ghz WiFi. You simply follow the app and it will create a QR code on your phone, simply point the camera at the QR code and it will do the rest. You get 2 weeks of revolving storage. It will record 12 seconds of video and put it on the AWS server and it will stay for 2 weeks, replacing older video with newer events. If you want to record more than 12 seconds you can either subscribe, or, the better option is to install up to a 32gb Micro SD card and set it to continuously record. You can record the 12 second alert video, then switch to playback mode to watch the rest of the video. The night vision is amazing and it has unbelievable low light capabilities as well. You can set it to do time lapse as well. You can set motion zones, customize alerts, and it has a built in siren that you can either trigger manually, or set it up to sound the alarm when the camera is triggered. For under $40, you really can't go wrong. Oh, it also has a feature that will send an alert to your phone if it hears your smoke or CO2 detectors. Built in microphone and speaker allows you to talk to and listen to the subject. The pictures I have included in the review show the low light, night vision and daytime video (note the time stamp in the lower right). Time stamp, Wyze logo can be turned off in the app and the camera can be rotated if you need to mount the camera under an eve. The V3 is also water proof and can be mounted outside. Another great Wyze product is the Wyze Doorbell, check it out! Wyze also has a spotlight that mounts an the camera and can also be controlled remotely, or it can be triggered automatically.","27 May 2021","Style: Wyze Cam v3","https://images-na.ssl-images-amazon.com/images/I/71fj74ItXsL._SY88.jpg
https://images-na.ssl-images-amazon.com/images/I/81Wm8bHuEXL._SY88.jpg
https://images-na.ssl-images-amazon.com/images/I/91eqcJkC17L._SY88.jpg","Yes","Isaiahsdad","5.0","Wyze Cam v3 with Color Night Vision, Wired 1080p HD Indoor/Outdoor Video Camera, 2-Way Audio, Works with Alexa, Google Assistant, and IFTTT","https://www.amazon.com/Vision-Indoor-Outdoor-Camera-Assistant/product-reviews/B08R59YH7W/ref=cm_cr_dp_d_show_all_btm?ie=UTF8&reviewerType=all_reviews&pageNumber=8"
"Time lapse VERY buggy","Just thought I'd write this in case anyone else might consider this cameras for long term exposure.  A time lapse for one day works great but beyond that, this camera seems to forget it's instructions.  I have tried no less than a half dozen times now to create a time lapse of several days.  At first I thought I was doing something wrong or not entering the instructions correctly.  Now however (after confirming this error 5 separate times on 3 different cameras) it's clear that these will NOT do a time laps over several days at the ONE hour interval... I save the settings and click start (after CONFIRMING) what my parameters were only to come back at the video end time to find a file 1.9GB in size that spans only over a 12hr period at seeming 3sec intervals.  It's like it disregards my 1hr interval request and have not been able to get any successful time laps longer than a day using the schedule feature.  I hope a future firmware update fixes this issue but for me personally removes half this items usefulness/reason I purchased them.","22 May 2021","Style: Wyze Cam v3","","Yes","William","1.0","Wyze Cam v3 with Color Night Vision, Wired 1080p HD Indoor/Outdoor Video Camera, 2-Way Audio, Works with Alexa, Google Assistant, and IFTTT","https://www.amazon.com/Vision-Indoor-Outdoor-Camera-Assistant/product-reviews/B08R59YH7W/ref=cm_cr_dp_d_show_all_btm?ie=UTF8&reviewerType=all_reviews&pageNumber=8"
"WORSE than POOR Wifi capabilities","I have a dual band, 2.4/5 Ghz wifi router that sits ~30', with direct line of sight (NOTHING in between the router and the wifi cam) and the crappy $30 cameras will not stay connected. These are useless for anything. I bought 4 ea. and set them up in the living room, and 1 at the front door (30' away with line of sight to the wifi router) and none of them would stay connected. I was always seeing them disconnected, all times of the day and night; what good are they to my family if they won't stay connected via wifi?! Sad part was Wyze support was NO SUPPORT and could not get them to even respond over a week+ period of time with anything other than WE WILL GET BACK TO YOU, THANKS FOR YOUR EMAIL. Stay away from these cameras and stay away from wifi cameras, just wire them in, unless they are extremely temporary and you do not need to rely on them for anything other than having a dummy camera setup. I DO NOT recommend these for anyone wanting even a most rudimentary camera system.","05 May 2021","Style: Wyze Cam v3","","Yes","S. Vincent","1.0","Wyze Cam v3 with Color Night Vision, Wired 1080p HD Indoor/Outdoor Video Camera, 2-Way Audio, Works with Alexa, Google Assistant, and IFTTT","https://www.amazon.com/Vision-Indoor-Outdoor-Camera-Assistant/product-reviews/B08R59YH7W/ref=cm_cr_dp_d_show_all_btm?ie=UTF8&reviewerType=all_reviews&pageNumber=8"
"Fixed issues with V2! V3 is the way to go","I think my photos speak for themselves, but if you’re not convinced then read on. The V3 is a HUGE improvement over the V2. Not having to buy 3rd party mounts/cases for outdoor mounting is awesome since it is water resistant. The V3 has a new convenient mounting hole on the base which you can just screw right through instead of making your own or using the wall magnet. The picture quality is great and the field of view is also improved. Wider angles, and more FPS means you can capture more and in higher quality. The night vision is a welcome improvement as well - probably the single best thing about the V3 in my opinion. The short and long range IR means you get to see more in the dark. Well worth the upgrade for me! I replaced several of my V2s with V3s without having tried it first, and I do not have any regrets. If you’re looking for a quality DIY security camera without having to spend an arm and a leg, the V3 Wyze cams are the way to go. The app is also super intuitive and user friendly.","09 Apr 2021","Style: Wyze Cam v3","https://images-na.ssl-images-amazon.com/images/I/810jr5daa1L._SY88.jpg
https://images-na.ssl-images-amazon.com/images/I/81QaxSbOVlL._SY88.jpg
https://images-na.ssl-images-amazon.com/images/I/81UOJuPpRFL._SY88.jpg
https://images-na.ssl-images-amazon.com/images/I/81fuojSrYEL._SY88.jpg
https://images-na.ssl-images-amazon.com/images/I/81hpyvP7ebL._SY88.jpg
https://images-na.ssl-images-amazon.com/images/I/91HgloYwLTL._SY88.jpg
https://images-na.ssl-images-amazon.com/images/I/91KTlqzVJtL._SY88.jpg
https://images-na.ssl-images-amazon.com/images/I/91LSqKBpxbL._SY88.jpg
https://images-na.ssl-images-amazon.com/images/I/91gLW+XqnbL._SY88.jpg
https://images-na.ssl-images-amazon.com/images/I/91hC9NKBfmL._SY88.jpg
https://images-na.ssl-images-amazon.com/images/I/91i-iEdLqQL._SY88.jpg","Yes","Anthony","5.0","Wyze Cam v3 with Color Night Vision, Wired 1080p HD Indoor/Outdoor Video Camera, 2-Way Audio, Works with Alexa, Google Assistant, and IFTTT","https://www.amazon.com/Vision-Indoor-Outdoor-Camera-Assistant/product-reviews/B08R59YH7W/ref=cm_cr_dp_d_show_all_btm?ie=UTF8&reviewerType=all_reviews&pageNumber=8"
"Tiny camera with a big list of reliable features","This camera and all included parts came well arranged in a surprisingly tiny box. It was easy to install and connect the camera and the app. The cord that the power cord connects to has a weather resistant cover. The viewing range is wider than other cameras, and the picture is crystal clear. The audio, both ways, works well too. Motion detection is perfect, and it's actually capturing video of the events, rather than only the times after the events. Night mode is amazing! The video at night is as clear as during the day. Yesterday, I was about to post this review with only one negative. That was that the motion detect area could only be selected as a single, rectangular area. Before I could post, there was an update to the firmware. Now, the motion detect area can be selected far more granularly even than in other cameras. Perfect! This camera and the optional ""Plus"" service are a great value. I've already ordered a second one for my bee yard.","06 May 2021","Style: Wyze Cam v3","","Yes","Chell","5.0","Wyze Cam v3 with Color Night Vision, Wired 1080p HD Indoor/Outdoor Video Camera, 2-Way Audio, Works with Alexa, Google Assistant, and IFTTT","https://www.amazon.com/Vision-Indoor-Outdoor-Camera-Assistant/product-reviews/B08R59YH7W/ref=cm_cr_dp_d_show_all_btm?ie=UTF8&reviewerType=all_reviews&pageNumber=8"
"Horrible sound problem on the V3’s","This camera has terrible static on the audio recording. You can actually hear the static coming from the speaker when you hold the camera to your ear. This sound is being picked up by the internal mic, making recordings almost unusable. This is a known issue if you check out the Wyze forums and has not been fixed by the company. I originally had three of the new v3 cams but returned them all due to this issue. Otherwise I love the video and low light capabilities of the v3 cam, but if recording the sound is important to you then this cam will be a huge disappointment.","16 May 2021","Style: Wyze Cam v3","","Yes","Steve","2.0","Wyze Cam v3 with Color Night Vision, Wired 1080p HD Indoor/Outdoor Video Camera, 2-Way Audio, Works with Alexa, Google Assistant, and IFTTT","https://www.amazon.com/Vision-Indoor-Outdoor-Camera-Assistant/product-reviews/B08R59YH7W/ref=cm_cr_dp_d_show_all_btm?ie=UTF8&reviewerType=all_reviews&pageNumber=8"
"Requires a ""Base Station""...wtf Wyze!?!","Requires a ""base station"" in order to work. I have mesh wifi and I don't need a ""base station"" to make this camera work on my network. Wyze you need to give us an option to buy this outdoor cam without needing to purchase a ""base station"". I have several of your original cameras and they work great on my network without any ""base station"" needed. Don't get greedy, do what you do well and don't try to make things difficult.","30 Apr 2021","Style: Wyze Cam v3","","Yes","DJ","1.0","Wyze Cam v3 with Color Night Vision, Wired 1080p HD Indoor/Outdoor Video Camera, 2-Way Audio, Works with Alexa, Google Assistant, and IFTTT","https://www.amazon.com/Vision-Indoor-Outdoor-Camera-Assistant/product-reviews/B08R59YH7W/ref=cm_cr_dp_d_show_all_btm?ie=UTF8&reviewerType=all_reviews&pageNumber=8"
"Brand loyalist NO MORE","I have purchased over 40 of these cameras for personal use and gifts to family members. My first review on here marveled at the “Value” these cameras deliver. Well .... after 2 years + I have extensive use and now “User history” and let me tell you, buy another camera. Trust me, I do not have an ax to grind, nor do I wish them ill will but they got greedy, grew too fast and their reliability went off of a cliff. After all, reliability is the most coveted quality of a surveillance camera. What really blows, is I have my interface and software set up so I can’t just get rid of them all and start over with a reliable brand without great expense and hassle..... Unless someone wants to buy all of the working cameras from me! You will love this camera for about 9 months and after they perform several firmware “upgrades” your camera will cause you all types of problems.","30 Mar 2021","Style: Wyze Cam v3","","Yes","AJ Pendleton","1.0","Wyze Cam v3 with Color Night Vision, Wired 1080p HD Indoor/Outdoor Video Camera, 2-Way Audio, Works with Alexa, Google Assistant, and IFTTT","https://www.amazon.com/Vision-Indoor-Outdoor-Camera-Assistant/product-reviews/B08R59YH7W/ref=cm_cr_dp_d_show_all_btm?ie=UTF8&reviewerType=all_reviews&pageNumber=8"
"For the low cost of camera/subscription it's good","You're not going to please everyone all the time. Key words ""Vast"" or "" Overall"" ratings. Cams not work for some due to glitches/problems on their end, or WYZE ? Whose to say. I submitted questions to WYZE why there was not a full manual with camera but i suppose paper costs and the forest is in mind. For the low costs of camera and the monthly subscription being less than $5 for premium features I have bought these cameras for elderly, single mothers and others who can't afford expensive security systems, but desire comfort and safety in their homes/apts with some very high quality features. . Quality of images? 1-5 scale- 4 1/2 star. Amazing quality i can only say for the price. Easy to set up. Once again, to run three cams in my apartment at premium membership is less than $15 a month, or if you want the free features then no costs. For less than $15 a month for 3 cams why not be member i guess. The image shown is a Heimvision rotating cam, smashed on pavement and sent to company to show them what I thought of their products 1 week after purchase. LOL Useless crap for money. For the costs, subscription and quality I will keep prompting people and installing, for lower income, seniors and disabled people, the WYZE systems. I just wish they had more detailed paper manuals.,  *smile* The other 2 images are with my cams in hallway ceiling angled towards dayroom openings Living room sun shining bright and kitchen with not much light in infrared mode.","01 May 2021","Style: Wyze Cam v3","https://images-na.ssl-images-amazon.com/images/I/71tJOLhN5XL._SY88.jpg
https://images-na.ssl-images-amazon.com/images/I/81DpAHDUrIL._SY88.jpg
https://images-na.ssl-images-amazon.com/images/I/91e0euSEwJL._SY88.jpg","Yes","S. Zirbel","5.0","Wyze Cam v3 with Color Night Vision, Wired 1080p HD Indoor/Outdoor Video Camera, 2-Way Audio, Works with Alexa, Google Assistant, and IFTTT","https://www.amazon.com/Vision-Indoor-Outdoor-Camera-Assistant/product-reviews/B08R59YH7W/ref=cm_cr_dp_d_show_all_btm?ie=UTF8&reviewerType=all_reviews&pageNumber=9"
"The AI software is really, really bad.","Actually, this is a two part review. 1 for the camera. another for the software. The camera has a pretty good picture quality especially when considering it only costs $30.  The software for motion detection is stupendously bad.  I get a false positive about every 3 minutes and I have cameras for front and back of the house, so between  20 to 30 false positives per hour.  If the sun peeks out from behind a cloud, it records that,  at night I get less false positives every time a car turns a corner near my house, the headlights wash across the yard will trigger a false positive.  Who doesn't have shrubbery in the front yard, blowing wind moves the shrubs, a false positive.  All these false positives means that the notifications are worthless for security reasons, which is kind of the point for this system.  I have had to turn off the notifications.  BTW, the subscription for Cam+ is per camera","22 Apr 2021","Style: Wyze Cam v3","","Yes","Harry Vederci","2.0","Wyze Cam v3 with Color Night Vision, Wired 1080p HD Indoor/Outdoor Video Camera, 2-Way Audio, Works with Alexa, Google Assistant, and IFTTT","https://www.amazon.com/Vision-Indoor-Outdoor-Camera-Assistant/product-reviews/B08R59YH7W/ref=cm_cr_dp_d_show_all_btm?ie=UTF8&reviewerType=all_reviews&pageNumber=9"
"Would not stay connected","Was very excited to get the new V3 since I own 2 V2's that have performed flawlessly over the past year or so. I was looking forward to the enhanced night time vision. Ordered one and got it configured with no issues. Then put in a memory card and that's when things went south. Disconnected it and even deleted it from the app, but when I tried to re-add it, the camera would never say, ""Ready to connect"" no matter what I did. So I returned it and just got a replacement figuring that I just got a defective one. The second one was just as easy to connect, but after I put the memory card in, it disconnected and I had to take the memory card out to reconnect. So I thought I would just use it without the memory card, and about 2 hours after connecting it back up, it disconnected again. Not reliable enough to keep, so I sent them both back. Will have to wait until they work out the bugs. Once that happens, I'll probably get another one.","28 Apr 2021","Style: Wyze Cam v3","","Yes","P. N.","1.0","Wyze Cam v3 with Color Night Vision, Wired 1080p HD Indoor/Outdoor Video Camera, 2-Way Audio, Works with Alexa, Google Assistant, and IFTTT","https://www.amazon.com/Vision-Indoor-Outdoor-Camera-Assistant/product-reviews/B08R59YH7W/ref=cm_cr_dp_d_show_all_btm?ie=UTF8&reviewerType=all_reviews&pageNumber=9"
"I. Love. Wyze.","I use several cameras to keep watch on my house. I don't personally use them for security. I have outdoor cameras that are my actual security. I don't pay for the subscription either but there is a free and paid version. The paid version has storage and a few better features. If you want security then you'll need to pay. I use it to monitor my pets. If you want it for something similar then I would STRONGLY recommend this camera. Very very easy to use and the app is really friendly. Can't beat the quality for the price either. As long as you don't care about storing videos for later, this is just the best option to go with!","30 Apr 2021","Style: Wyze Cam v3","","Yes","Cohen Sprague","5.0","Wyze Cam v3 with Color Night Vision, Wired 1080p HD Indoor/Outdoor Video Camera, 2-Way Audio, Works with Alexa, Google Assistant, and IFTTT","https://www.amazon.com/Vision-Indoor-Outdoor-Camera-Assistant/product-reviews/B08R59YH7W/ref=cm_cr_dp_d_show_all_btm?ie=UTF8&reviewerType=all_reviews&pageNumber=9"
"Fantastic and affordable little camera","A friend gave me a v2 awhile back and we set it up for front door package monitoring and were impressed. Good picture quality, reliability, night vision, motion detection; all top notch. But with the v3 Wyze has seemingly stepped up every feature of the camera somehow. The picture quality is incredibly better, the night vision is uncanny, the motion detection and reliability are still top notch. I will likely pick up a couple/few more v3 cameras for myself and family. A note about the app: it can be a little clunky or forgetful at times. It works well enough that I’m not dropping the stars on the review, but there’s been a couple times I’ve gone into the app and noticed the motion detection settings have returned to their default values and I have to set it up again. And, of course, get a decent quality microSD card.","22 Apr 2021","Style: Wyze Cam v3","https://images-na.ssl-images-amazon.com/images/I/A1hD-rnLARL._SY88.jpg","Yes","N.S.","5.0","Wyze Cam v3 with Color Night Vision, Wired 1080p HD Indoor/Outdoor Video Camera, 2-Way Audio, Works with Alexa, Google Assistant, and IFTTT","https://www.amazon.com/Vision-Indoor-Outdoor-Camera-Assistant/product-reviews/B08R59YH7W/ref=cm_cr_dp_d_show_all_btm?ie=UTF8&reviewerType=all_reviews&pageNumber=9"
"Glitchy and “connection failed” often…","I have an old Wyze installed inside the house pointing at my boiler so I can make sure there’s heat while traveling. Decided to buy the version 3 because it’s built for outdoors. I installed a GFCI outlet in attic crawl space and then ran the line in through a soffit vent. So far I’m impressed with the 1080p and color night vision. I plan on purchasing another for the backyard. Update:  I bought 4 of these v3 cams and installed them around the outside of the house. I have 1 gb internet connection and have no issues connecting with any other devices. These Wyze cam v3 are glitchy. They have issues connecting and go offline often. There is no issues with my wifi range. I can connect all over my property without issues. I’m currently receiving another “connection failed” message on one of the cams. They will go down for hours then all of a sudden start working again.","09 May 2021","Style: Wyze Cam v3","https://images-na.ssl-images-amazon.com/images/I/B14d4jhdNBS._SY88.jpg
https://images-na.ssl-images-amazon.com/images/I/B1x0fCmJX6S._SY88.jpg","Yes","M.McFly","2.0","Wyze Cam v3 with Color Night Vision, Wired 1080p HD Indoor/Outdoor Video Camera, 2-Way Audio, Works with Alexa, Google Assistant, and IFTTT","https://www.amazon.com/Vision-Indoor-Outdoor-Camera-Assistant/product-reviews/B08R59YH7W/ref=cm_cr_dp_d_show_all_btm?ie=UTF8&reviewerType=all_reviews&pageNumber=9"
"Review from owner of previous versions.","Let me start out saying I own 3 other wyze cams v1 and v2. I’ve had them a couple years. My first one I ever purchased the audio was getting static so I decided to replace it. It sit under my porch outside in Ohio so it could be -10 or 95 degrees and has been there over 2 years and it did it’s job. The ver 3 is I’m my opinion unbelievable. Video is great and the night vision doesn’t even compare to the other. The photos I added are exactly 1 day apart black and white it the old one and we have no street lights and it looks like it dusk when in fact it’s almost pitch black out. The field of view is better and the video quality is double the old ver. Will update after it’s been outside a year see how it holds up. Motion detection is also better than the old ver.. I will upgrade my other 2 in the next couple of weeks it’s that good..","17 Apr 2021","Style: Wyze Cam v3","https://images-na.ssl-images-amazon.com/images/I/81F1LIddYXL._SY88.jpg
https://images-na.ssl-images-amazon.com/images/I/91Ju9pvBIgL._SY88.jpg","Yes","Mike McCarthy","5.0","Wyze Cam v3 with Color Night Vision, Wired 1080p HD Indoor/Outdoor Video Camera, 2-Way Audio, Works with Alexa, Google Assistant, and IFTTT","https://www.amazon.com/Vision-Indoor-Outdoor-Camera-Assistant/product-reviews/B08R59YH7W/ref=cm_cr_dp_d_show_all_btm?ie=UTF8&reviewerType=all_reviews&pageNumber=9"
"Works perfectly for what I need it for","Your browser does not support HTML5 video. I got this to try to figure out when my cat was vomiting as he throws up when he's hungry. I bought a time feeder to give him small amounts of food throughout the evening/ night to stop this but needed to time it better and see when he actually goes for the food. This camera has really helped me with this. I haven't had any issues with it and I think the quality is great. I also am recording continuously, which is nice because it helps me figure out a lot more than a 10 sec clip.","11 May 2021","Style: Wyze Cam v3","https://images-na.ssl-images-amazon.com/images/I/A1pWhDfQEDL._SY88.png","Yes","K.C.","5.0","Wyze Cam v3 with Color Night Vision, Wired 1080p HD Indoor/Outdoor Video Camera, 2-Way Audio, Works with Alexa, Google Assistant, and IFTTT","https://www.amazon.com/Vision-Indoor-Outdoor-Camera-Assistant/product-reviews/B08R59YH7W/ref=cm_cr_dp_d_show_all_btm?ie=UTF8&reviewerType=all_reviews&pageNumber=9"
"Great cam!","Great little camera.  The color night vision on the V3 outdoor cam is way better than I expected! It was easy to setup to my network and by the look of it, it will be just as easy to pair with Alexa.  You can enable/disable IR lights on it. It has an alarm you can sound, you can talk and listen through the app to the camera, you can setup motion boundaries and even do time lapse.  You can also setup motion and sound detection and have notifications sent to the app.  Lots of features. There are a couple negatives, but they don't detract from the camera itself.  If you choose the yearly cloud service it's 19.99 PER CAMERA per year. So, it looks like I'll be adding a 32 gig card to capture video.  The USB extension cord that is included is a bit short unless you have an outlet close to the camera.  The mounting system on the bottom of the camera takes a minute for you to get the right position, but it does also include a couple adaptors for various situations, plus the camera itself has a threaded hole in the bottom for a more traditional mount, should you choose. Overall, I would not hesitate buying a couple more, along with some micro SD cards and USB extension cables.  I can't wait for them to make the V3 a pan and tilt exterior camera.","31 Mar 2021","Style: Wyze Cam v3","","Yes","Jason","5.0","Wyze Cam v3 with Color Night Vision, Wired 1080p HD Indoor/Outdoor Video Camera, 2-Way Audio, Works with Alexa, Google Assistant, and IFTTT","https://www.amazon.com/Vision-Indoor-Outdoor-Camera-Assistant/product-reviews/B08R59YH7W/ref=cm_cr_dp_d_show_all_btm?ie=UTF8&reviewerType=all_reviews&pageNumber=9"
"Big improvement over the V2","Wyze really improved the already very good V2 image quality, the night vision, no pun intended is night and day, a vast improvement over the V2. One thing you need to know though, if you want to share the cam with other people, it's all or nothing, you won't be able to select the features you want to share.  For example, you might want to share the video feed to monitor the safety of an elderly parent but you won't be able to block the person from hearing conversations.  That's a serious privacy concern that Wyze has yet to address","01 Apr 2021","Style: Wyze Cam v3","","Yes","PG","3.0","Wyze Cam v3 with Color Night Vision, Wired 1080p HD Indoor/Outdoor Video Camera, 2-Way Audio, Works with Alexa, Google Assistant, and IFTTT","https://www.amazon.com/Vision-Indoor-Outdoor-Camera-Assistant/product-reviews/B08R59YH7W/ref=cm_cr_dp_d_show_all_btm?ie=UTF8&reviewerType=all_reviews&pageNumber=9"
"Really good for the price","This camera is not bad. I have owned wansview cameras before and I think their picture and night mode is a better. However, this one is smaller and the materials feels way better quality. The mic and speaker is meh but it has that option which is welcome. The pre installed magnets let me mount on the top of my fridge without any tools. The new low light feature is actually really good. The best part I liked about this is how fast it connects. I’m the kind of guy that disconnects from power when I’m home and connect it when I leave and unlike other cameras this one connects real fast, so fast that the motion detector (which is pretty good too) picks me up as I walk out of the door. The motion detector is just right, is not as sensible as the wansview and which was triggered with small bugs or bird flying.","09 Apr 2021","Style: Wyze Cam v3","","Yes","E. Casstro","4.0","Wyze Cam v3 with Color Night Vision, Wired 1080p HD Indoor/Outdoor Video Camera, 2-Way Audio, Works with Alexa, Google Assistant, and IFTTT","https://www.amazon.com/Vision-Indoor-Outdoor-Camera-Assistant/product-reviews/B08R59YH7W/ref=cm_cr_dp_d_show_all_btm?ie=UTF8&reviewerType=all_reviews&pageNumber=10"
"Piece 'o crap camera doesn't work with SD card, no way of getting live tech support.  Hosed.","Say, I bought this and didn't get around to putting it up until after the month-long amazon return window. Big mistake. It won't work with a 32gb SD card, which was my intended use for it, and guess what... if you go to their ""support"" site you don't get a human, you just get sent to a database of useless questions and answers which do nothing to change the fact that they shipped me a piece of inoperable junk. I had been relatively impressed by the V2 wyze, despite some issues, but feel suckered by this purchase. Nice quality control, ""wyze"". And in theory I have a year warranty, but there is no way on their site to submit a warranty claim that I can see.  So I guess the ""affordable price"" comes at the cost of ""any recourse"" when they ship you a lemon. I'd recommend steering clear.","29 May 2021","Style: Wyze Cam v3","","Yes","D. White","1.0","Wyze Cam v3 with Color Night Vision, Wired 1080p HD Indoor/Outdoor Video Camera, 2-Way Audio, Works with Alexa, Google Assistant, and IFTTT","https://www.amazon.com/Vision-Indoor-Outdoor-Camera-Assistant/product-reviews/B08R59YH7W/ref=cm_cr_dp_d_show_all_btm?ie=UTF8&reviewerType=all_reviews&pageNumber=10"
"Budget camera with supreme functions","The latest version of Wyze camera surprised me with its updated camera lens and color night vision ability. I have 5 Wyze v2 cam and I was already satisfied with it other than the night vision is somehow blurry. The color night vision in v3 cam shows vivid picture and the motion/sound sensor is sensitive at setting of 50 so I had to lower it down to 25 to minimize the constant notifications. You can see the 1080 pic quality at night and recognize the person or car that drive by but if you want to see the license plate or that person’s face, it might required 4K camera. Another updated function is that it can connected to my google assistant so it’s easy to bring up the video when I’m at home in my room. Also it’s now water resistant so you don’t need to buy a house case for the camera which saves extra money. I plan to replace all my v2 with v3 cam because I think it’s worth the money.","20 Apr 2021","Style: Wyze Cam v3","https://images-na.ssl-images-amazon.com/images/I/81-+t+SVazL._SY88.jpg
https://images-na.ssl-images-amazon.com/images/I/81aXvKHq9PL._SY88.jpg","Yes","A. Yu","5.0","Wyze Cam v3 with Color Night Vision, Wired 1080p HD Indoor/Outdoor Video Camera, 2-Way Audio, Works with Alexa, Google Assistant, and IFTTT","https://www.amazon.com/Vision-Indoor-Outdoor-Camera-Assistant/product-reviews/B08R59YH7W/ref=cm_cr_dp_d_show_all_btm?ie=UTF8&reviewerType=all_reviews&pageNumber=10"
"I read these bad reviews which just have me wondering what camera these people are taking about","It took me less than 10 minutes to connect this to my Google WiFi network. Was not hard at all, so I have to laugh when I read ""my boyfriend couldn't get it connected and he is tech savvy.""  Not too Savvy, I discounected mine and let my 15 year old have a go. it took him about 15 minutes. Wyze cameras have never worked with Fire tablets unless you side install the Wyze app from Google Store. So I knew that going in. To blame this product because Microsoft is blocking your choice of Android emulators is placing the blame on the wrong product. It functions much like the V2 with a better looking picture and the fact that is rated for outdoors which is where I used my V2 cameras but under the roof of my porch, the V3s allow me to mount cameras in the weather instead of hiding them to protect them from the rain","11 Jun 2021","Style: Wyze Cam v3","","Yes","Amodeus1971","5.0","Wyze Cam v3 with Color Night Vision, Wired 1080p HD Indoor/Outdoor Video Camera, 2-Way Audio, Works with Alexa, Google Assistant, and IFTTT","https://www.amazon.com/Vision-Indoor-Outdoor-Camera-Assistant/product-reviews/B08R59YH7W/ref=cm_cr_dp_d_show_all_btm?ie=UTF8&reviewerType=all_reviews&pageNumber=10"
"First camera was defective, was replaced with one that worked as advertised","My first experience with this camera was awful. I followed all the instructions, made sure I had a 2.4 network, and the camera was unresponsive. The red light blinked, but no matter how long I held the setup button, there was no voice prompt. Following their troubleshooting, I tried setting it up as if the voice prompts were audible, but the camera still never connected to the wifi network. After wasting an hour or so trying to make it work, I emailed support. I got a prompt response asking if I was using the correct cables. I replied that I was using the correct cable, and asked for the next step. I didn't get any further response from them. Frustrated, I sent the camera back to Amazon as defective and allowed them to send a replacement. The second camera worked perfectly! I saw other reviews here from other people who apparently also got a defective camera and were disappointed. This is a great camera with a lot of features for the price, just be aware if you order this camera and it doesn't set up within minutes, don't waste your time trying to troubleshoot it. Instead ship it back for a replacement.","01 May 2021","Style: Wyze Cam v3","","Yes","Julie Sigwart","4.0","Wyze Cam v3 with Color Night Vision, Wired 1080p HD Indoor/Outdoor Video Camera, 2-Way Audio, Works with Alexa, Google Assistant, and IFTTT","https://www.amazon.com/Vision-Indoor-Outdoor-Camera-Assistant/product-reviews/B08R59YH7W/ref=cm_cr_dp_d_show_all_btm?ie=UTF8&reviewerType=all_reviews&pageNumber=10"
"Meh, average quality,","Pros: • Great picture quality! • Memory card compatible. Cons: • Night vision does not appear in color. If the lighting is dim it will pick up color but most of the time we get regular black and white. • Static noise! We constantly get static when trying to listen in. Sometimes it gets loud enough you cannot hear anything over it. • The app constantly has issues connecting to a live view of the camera. We will have to restart the app multiple times to see a live feed.","29 Apr 2021","Style: Wyze Cam v3","","Yes","Mamasaurusx4","3.0","Wyze Cam v3 with Color Night Vision, Wired 1080p HD Indoor/Outdoor Video Camera, 2-Way Audio, Works with Alexa, Google Assistant, and IFTTT","https://www.amazon.com/Vision-Indoor-Outdoor-Camera-Assistant/product-reviews/B08R59YH7W/ref=cm_cr_dp_d_show_all_btm?ie=UTF8&reviewerType=all_reviews&pageNumber=10"
"GREAT LITTLE CAMERA","As long as yoiu don't expect too much out of it, this is a great little camera!  I thought I was going to have to drill holes in my window to seat it but there's a magnet in the bottom that holds on!  it has a great picture and has IR function. Catches motion, vehicles, & people, day & night.  I like it enough that I;m going to order more in wireless format to put outside.  It notifies you on your phone or other device.  There is a small fee if you want video saved; I think its 7.00? It can get grainy when you zoom in!","11 May 2021","Style: Wyze Cam v3","","Yes","Kindle Customer","5.0","Wyze Cam v3 with Color Night Vision, Wired 1080p HD Indoor/Outdoor Video Camera, 2-Way Audio, Works with Alexa, Google Assistant, and IFTTT","https://www.amazon.com/Vision-Indoor-Outdoor-Camera-Assistant/product-reviews/B08R59YH7W/ref=cm_cr_dp_d_show_all_btm?ie=UTF8&reviewerType=all_reviews&pageNumber=10"
"great camera in very clod winter","I have Google Nest, ARLO Pro, Dahua POE, and Eufy, wyze V2 inside and outside. This wyze v3 is better than all of them, not because of the video quality which is similar to other 2k camera, but because of its free cloud and night vision. In  like -10F winter season, outdoor cameras SD card recording all got problems including this wyze for not going back old recordings or stuck somewhere, but wyze's (v2 and V3) cloud events are still working flawless.  This is absolutely important for the purpose of security.","27 Mar 2021","Style: Wyze Cam v3","","Yes","PeterC","5.0","Wyze Cam v3 with Color Night Vision, Wired 1080p HD Indoor/Outdoor Video Camera, 2-Way Audio, Works with Alexa, Google Assistant, and IFTTT","https://www.amazon.com/Vision-Indoor-Outdoor-Camera-Assistant/product-reviews/B08R59YH7W/ref=cm_cr_dp_d_show_all_btm?ie=UTF8&reviewerType=all_reviews&pageNumber=10"
"WYZE - BAD product, BAD service - Do not purchase this product unless you want to waste your money","It is impossible to get in touch with WYZE support.  The fact that they are so difficult to contact is a definite NO for this product.  Also, despite following the instructions on activating motion and sound detection, the camera does not send alerts or appear to be properly recording motion and sound. I've watched multiple videos to no avail.  The settings are correct, the camera is crap and you can't contact WYZE support via phone number that you have to google search to find.  In fact, the support call number disconnects after the message that the call volume is high while the music is playing.  A second number that is provided does not list office hours and the voicemail box is full.  Email and chat line is equally disappointing.  Chat line does not indicate hours of operation and no response was received from email to their support mailbox. In order to setup the camera, I was required to buy a 1-year annual cloud service.  Apparently, you cannot cancel this service even though you did not actually want to purchase it.  I tried to cancel within minutes of paying only to find out that there is no way to cancel via Apple bill, PayPal and NO Refunds. I would NOT recommend any product from this company.","18 May 2021","Style: Wyze Cam v3","","Yes","Satisfied customer","1.0","Wyze Cam v3 with Color Night Vision, Wired 1080p HD Indoor/Outdoor Video Camera, 2-Way Audio, Works with Alexa, Google Assistant, and IFTTT","https://www.amazon.com/Vision-Indoor-Outdoor-Camera-Assistant/product-reviews/B08R59YH7W/ref=cm_cr_dp_d_show_all_btm?ie=UTF8&reviewerType=all_reviews&pageNumber=10"
"NO SUPPORT!!!","The camera is okay BUT there is NO SUPPORT! I clicked on a link in my sign up email from 2 weeks ago for support and the page no longer exist!! I purchased a subscription and the app states I have a subscription. To active I have a choice of clicking the camera which sends me to a page to PURCHASE another subscription or click subscription which sends me to a page to PURCHASE another camera! No instructions on how to get the camera and subscription paired. Without the pairing the camera is worthless!","30 May 2021","Style: Wyze Cam v3","","Yes","Catlin","1.0","Wyze Cam v3 with Color Night Vision, Wired 1080p HD Indoor/Outdoor Video Camera, 2-Way Audio, Works with Alexa, Google Assistant, and IFTTT","https://www.amazon.com/Vision-Indoor-Outdoor-Camera-Assistant/product-reviews/B08R59YH7W/ref=cm_cr_dp_d_show_all_btm?ie=UTF8&reviewerType=all_reviews&pageNumber=10"
"Very bad customer service and even worse software","Although I purchased (regrettably) Cam Plus, I am only able to see a few hours worth of triggered events. For any given day, only the the most recent 2 - 3 hours or so of events are available. So, for example, when I viewed my events today at 6:00 AM, I could see events from about 4:00 AM. However, when I looked again at noon, all events prior to 9:00 AM were gone. The only events still saved on the cloud for the prior 5 days (since upgrading from the free trial to the annual subscription) were from about 8:30 PM to just after 10:00 PM. After an extremely poorly handled and long call with customer service during which I was told I needed a sim card to record events (retracted after a long hold), I was instructed to provide a log to their engineers. Really? Not worth the frustration.","13 May 2021","Style: Wyze Cam v3","","Yes","David","2.0","Wyze Cam v3 with Color Night Vision, Wired 1080p HD Indoor/Outdoor Video Camera, 2-Way Audio, Works with Alexa, Google Assistant, and IFTTT","https://www.amazon.com/Vision-Indoor-Outdoor-Camera-Assistant/product-reviews/B08R59YH7W/ref=cm_cr_dp_d_show_all_btm?ie=UTF8&reviewerType=all_reviews&pageNumber=11"
"A huge improvement over V2","The night view is incredible. Our alley is fairly dark, but on the camera looks completely lit up, and that's with the infrared light turned off. Really good at picking up motion, and I would say 95 accurate on detecting people. Package detection is a little lacking as we don't get packages in the alley, but sometimes recordings get tagged with them. I'm sure this will improve as they get more sample data to hone in this feature. Don't even bother with V2, V3 is sooo much better.","19 Mar 2021","Style: Wyze Cam v3","","Yes","D. Justus","5.0","Wyze Cam v3 with Color Night Vision, Wired 1080p HD Indoor/Outdoor Video Camera, 2-Way Audio, Works with Alexa, Google Assistant, and IFTTT","https://www.amazon.com/Vision-Indoor-Outdoor-Camera-Assistant/product-reviews/B08R59YH7W/ref=cm_cr_dp_d_show_all_btm?ie=UTF8&reviewerType=all_reviews&pageNumber=11"
"Highly recommended!","I got the wyze camv3 and couldn't be happier with it, especially for the price! You have the option to subscribe to cam plus monitoring for a reasonable annual price per camera which I recommend.  If you don't want to,  you don't have to. Difference with the service is the time recording. Without, it only records short 12 sec videos every 5 minutes. However, you still have a continuous live stream. The night vision is awesome and the outdoor starlight vision is absolutely amazing!!!! The only feature I would like this to have is the pan, but have found it is not really necessary where I have them installed. There is a pan cam available for a higher price, but I found it to be too big for my purposes.  My son has one and is pretty happy with it for his intended use. These are a wired version, meaning they just plug into any outlet, which I like so I don't have to mess with charging or batteries.  I also have the wyze doorbell cam as well and like it a lot too. All so far were easy to install and set up with the wyze cam app you download on your smartphone  or computer,  available for ios and Android. Requires 2g home internet network and you can view from anywhere you are, on your smartphone or computer. The only annoyance I have had with this is when a bunny rabbit   kept crossing back and forth over my driveway.  I was getting an alert every 2-3 minutes in the early dawn hours that kept waking me up. So I readjusted my sensitivity settings and and alerts for only people and vehicles.  I turned off the motion settings as well cause it would go off if my trees branches blew in the wind. Still, super happy and highly recommended.  I have had these installed for several months now, with no issues.","25 May 2021","Style: Wyze Cam v3","","Yes","Diana","5.0","Wyze Cam v3 with Color Night Vision, Wired 1080p HD Indoor/Outdoor Video Camera, 2-Way Audio, Works with Alexa, Google Assistant, and IFTTT","https://www.amazon.com/Vision-Indoor-Outdoor-Camera-Assistant/product-reviews/B08R59YH7W/ref=cm_cr_dp_d_show_all_btm?ie=UTF8&reviewerType=all_reviews&pageNumber=11"
"I got what was paid for, but was expecting more.","I thought this would be a good deal for the price but the motion tracking, notification alerts and cloud storage features cost an extra $19.99 a month and that's why the optional SD card was added to my order for $13.99, thought that would eliminate the need for cloud storage and a monthly charge but none of these features are available after the 30 day free trial ends. The night vision and  IR light features are completely useless and this camera can not record anything at night, including the catalytic converter thieves that hit my parking lot all this thing recorded was their flashlights, no color and the streetlights cause the video to be extremely washed out and way over exposed even without the night vision on. It also only records about 24 hours of 1080p video on the 32 GB card, anything older will not be saved and will be automatically erased without cloud storage. My last complaint is the limited options for viewing the live feed and playback, the only way to view the video is by using the Wyze app on an Android or Apple device. I prefer to view the video on a Windows device and had to download an Android emulator (Nox Player) to watch the video on my PC laptop. There should be a login website or free windows store app that allows customers to watch their videos on any device and not have to download additional software. I will be buying a different brand security camera soon mostly because this thing is no good, think it will be used to watch my fridge from now on. Lol","13 May 2021","Style: Wyze Cam v3","","Yes","Cory Smith","1.0","Wyze Cam v3 with Color Night Vision, Wired 1080p HD Indoor/Outdoor Video Camera, 2-Way Audio, Works with Alexa, Google Assistant, and IFTTT","https://www.amazon.com/Vision-Indoor-Outdoor-Camera-Assistant/product-reviews/B08R59YH7W/ref=cm_cr_dp_d_show_all_btm?ie=UTF8&reviewerType=all_reviews&pageNumber=11"
"wyze company makes fun of customers with defective products!  SHAME.","I have been writing with wyze since 21 March 2021 and in a month they just took me for a ride, making me write to many people, but no one has ever been able to tackle the problem !!!  I first bought 4 v3s from amazon.com paying all due for Italy, and then I bought 4 more v3s, but they all had lousy audio problems !!!  In the true sense of the word!  practically you could hear only some discharges, but to hear what was happening live or recorded, you could not understand even a word, not even if you screamed !!!!  and I don't think that if there are thieves, they come to your house, screaming or making a lot of noise, and so maybe the v3 perceives the noise, or records what happens and you don't understand anything!  but what is all this for?  nothing at all, as wyze has proved, which instead of appreciating having Italian customers too, allows itself to write that amazon is not authorized to ship their products outside America !!!!  practically a month of useless emails without solving the problem to customers, and it's all written !!!  and a total shame, for how I was treated, after investing money and time for their products !!!  only long unanswered emails, or they just invited you to do tests on useless tests, when they know very well what the problem would be!  having said that be careful with this company, because instead of helping their customers, WYZE doesn't care, plus they are not CLEAR people, they don't have serious assistance, and they believe that everyone should do as they please.  THERE IS NO OWN AND A SHAME.  I will publish as soon as possible and in the most appropriate places, all the e-mails exchanged with WYZE from March 21, 2021, until April 22, 2021. practically a month just to make fun of people. and after all a waste of time and money, thank goodness there is amazon which is a large company, otherwise if they had been bought directly from them, they would have had to go to court, for the shameful behavior of the wyze company.  therefore I was forced after all to return the products, because they were unusable.","24 Apr 2021","Style: Wyze Cam v3","","Yes","luca","1.0","Wyze Cam v3 with Color Night Vision, Wired 1080p HD Indoor/Outdoor Video Camera, 2-Way Audio, Works with Alexa, Google Assistant, and IFTTT","https://www.amazon.com/Vision-Indoor-Outdoor-Camera-Assistant/product-reviews/B08R59YH7W/ref=cm_cr_dp_d_show_all_btm?ie=UTF8&reviewerType=all_reviews&pageNumber=11"
"Probably one of the only honest reviews","I bought this recently to upgrade another value based camera purchased 2-3 years ago. Here is the god's honest truth review that Amazon's lackluster algorithm will probably bury in minutes... On the plus side: -Night vision does look much better than former cam manufactured in China -App in general is an improvement over prior camera in theory, in practice camera has really poor wifi range and that makes the app useless (if you can't connect to the camera on the app, what's the point) -The magnet and bracket holder do let you position it decently -Impressed with the wide camera view On the down-side: -HD is false advertising as that is basically a screen viewing size (e.g. 1920x1080) not the quality of the image -15 frames per second (night) and 20 framer per second (day) max...NestCam is 30 ffs (much higher quality)...and it shows in the quality of the footage -Cam connection to Wifi is forever down...watch in the app for 30 seconds, you realize only 5 seconds has passed on the camera because it's constantly at 0.0 kb download (I'm in a 1 bedroom condo and the camera is outside while the wifi is in the front...but it's literally 30 feet) -Which makes one ask, why in the heck would I buy Cloud upload if it's never properly connecting with the freaking wifi 30 feet away with this crappy-a$$ quality video?! -See below issue using SD card, which you have to pull out to get decent video...then you get to reset the camera view, which won't connect to the app...if you're using it outside, plan to spend an hour resetting it every time you need to get the SD card out Using an SD card...which is a whole other story... -Good luck trying to get decent footage without the hassle of physically taking out the SD card and downloading 1 min files to your laptop and reviewing them all (bc the app ain't going to connect to the camera due to prior mentioned wifi issues and when it does, you're not actually downloading the file, but recording it from the app at stupidly slow speeds (i.e. low quality video) So, in conclusion, if you wanna watch live video with an fast connection, this may work (I dunno bc I thought I had fast wifi, but the camera rarely connects to the app). If you want to use the SD card to capture motion events, I'd be suspect (based on others reviews) you're going to miss the part you want to see. BUTTTTTTTT, If you want a cheap camera that is hopefully recording 3 days of HD video that should something happen you can pull the SD card out of and manually look at video for the past 3 days (with 32 GB SD card) on your laptop....THIS IS YOUR CAMERA. YUP...set it up get viewing area  right, don't touch it unless there's an issue and you HAVE to pull out the SD card to download to your laptop to painstakingly go through the video...you're probably good. Want it for anything else...prepare to be disappointed. The hassle of viewing the SD card on the app and poor wifi connectivity make this camera mostly useless for what people are likely buying it for here.","15 Jun 2021","Style: Wyze Cam v3","","Yes","ChrisL","2.0","Wyze Cam v3 with Color Night Vision, Wired 1080p HD Indoor/Outdoor Video Camera, 2-Way Audio, Works with Alexa, Google Assistant, and IFTTT","https://www.amazon.com/Vision-Indoor-Outdoor-Camera-Assistant/product-reviews/B08R59YH7W/ref=cm_cr_dp_d_show_all_btm?ie=UTF8&reviewerType=all_reviews&pageNumber=11"
"Great Inexpensive Video Surveillance Option","I now have both the v2 and v3 cameras, and the v3 is a nice step up! Color low light video is the biggest benefit over the v2. Having water resistant seals is also great. My cameras all work seamlessly through the phone app, which gets updated regularly. I wish they made this in black. If you use this indoors behind a window, then the white housing will reflect on the glass, obscuring your view a bit. If you get a microSD card with 128GB or more of space, then you can set the camera to record continuously. This lets you go back and review the whole footage when something happens. With the other setting, you will end up only saving 12 seconds, which hasn't been enough for me to see everything when an event is triggered.","19 May 2021","Style: Wyze Cam v3","","Yes","JT","5.0","Wyze Cam v3 with Color Night Vision, Wired 1080p HD Indoor/Outdoor Video Camera, 2-Way Audio, Works with Alexa, Google Assistant, and IFTTT","https://www.amazon.com/Vision-Indoor-Outdoor-Camera-Assistant/product-reviews/B08R59YH7W/ref=cm_cr_dp_d_show_all_btm?ie=UTF8&reviewerType=all_reviews&pageNumber=11"
"AWESOME LITTLE GUY","I have been searching around and around. Finally I have been found what I looking for, hand down the best budget camera for under 30 buck. Get it to you will not disappointed plus is so easy to set up, granny can do it, video quality excellent, low light it nightis clear and vibrant, even tho 2 way radio with the tiny little speaker could have been better not clearly loud but still can hear when you talk to them over network and a bonus feature nobody talk about is build alarm siren you just go into setting turn it on it will go off pretty loud for approximately for 30sec, you can stop it if you want it to . Bottom line is a must have camera for somebody just don't want all the bell and whistle fancy expensive stuff, this will do just fine!","25 May 2021","Style: Wyze Cam v3","https://images-na.ssl-images-amazon.com/images/I/C1ou9CHxfZS._SY88.jpg","Yes","Ty","5.0","Wyze Cam v3 with Color Night Vision, Wired 1080p HD Indoor/Outdoor Video Camera, 2-Way Audio, Works with Alexa, Google Assistant, and IFTTT","https://www.amazon.com/Vision-Indoor-Outdoor-Camera-Assistant/product-reviews/B08R59YH7W/ref=cm_cr_dp_d_show_all_btm?ie=UTF8&reviewerType=all_reviews&pageNumber=11"
"Alerts over changes in lighting, shadows, even tiny bugs when the night vision is on.","We've used Blink XT2 Cameras for some time and never ran into these constant false alerts.  Anytime a cloud passes and the lighting changes the camera triggers motion, or when a motion light which is outside of the detection zone turns on or off the camera recognizes it. My neighbor has these same cameras and pays for the subscription service and said her camera's don't have these issues, so it must be that functionality matters more for paying subscribers than for folks that paid for the camera.  Making the camera in a way that diminishes its utility until you subscribe to the ""per camera fee"" service just to get something that performs properly... Video quality at night is quite good.","13 May 2021","Style: Wyze Cam v3","","Yes","J. Adams","3.0","Wyze Cam v3 with Color Night Vision, Wired 1080p HD Indoor/Outdoor Video Camera, 2-Way Audio, Works with Alexa, Google Assistant, and IFTTT","https://www.amazon.com/Vision-Indoor-Outdoor-Camera-Assistant/product-reviews/B08R59YH7W/ref=cm_cr_dp_d_show_all_btm?ie=UTF8&reviewerType=all_reviews&pageNumber=11"
"Great and easy to set up","The first thing is first, ensure your mobile device is set to use the 2.4Ghz antenna on your home router or it wont connect. Log into your Wyze account, look for ""Add Device"" then choose the type of camera or device you are adding, on the bottom of the camera push the ""setup"" button, go through the prompts on your wireless device, then show the camera the QR code and its done. If you want to move the camera, unplug it, move it, and plug it in. It will work as long as its in range of your wifi router. If you dont want to use Wyze server service, buy a SD card and insert the SD into the bottom of the camera, the camera will save the video and delete the oldest first once it fills up. This is an easy camera to use.","12 Apr 2021","Style: Wyze Cam v3","","Yes","scott stern","5.0","Wyze Cam v3 with Color Night Vision, Wired 1080p HD Indoor/Outdoor Video Camera, 2-Way Audio, Works with Alexa, Google Assistant, and IFTTT","https://www.amazon.com/Vision-Indoor-Outdoor-Camera-Assistant/product-reviews/B08R59YH7W/ref=cm_cr_dp_d_show_all_btm?ie=UTF8&reviewerType=all_reviews&pageNumber=11"
"Highly recommended! Quality, Clarity,Sound, Notifications, App all wonderful","Love this company and their cameras & app! We ditched our high dollar baby cam and home camera system for Wyze and it has been the best thing we have done! Great  picture quality , motion and sound detection! Love the notifications and play backs! We love our Wyze Cam 2 but we now bought 2 of the Wyze camv3 and such a big improvement, which I didn’t realize they could do any better! But Wyze surprised us once again! Been using their products for several years now and won’t go to anything else! The App is easy to use , the cameras are super easy to set up! And can’t beat that price either!! We tell all our friends about Wyze cameras. Haven’t had any issues with them! Highly recommend! Never been disappointed!","21 Apr 2021","Style: Wyze Cam v3","","Yes","jaime hesse","5.0","Wyze Cam v3 with Color Night Vision, Wired 1080p HD Indoor/Outdoor Video Camera, 2-Way Audio, Works with Alexa, Google Assistant, and IFTTT","https://www.amazon.com/Vision-Indoor-Outdoor-Camera-Assistant/product-reviews/B08R59YH7W/ref=cm_cr_dp_d_show_all_btm?ie=UTF8&reviewerType=all_reviews&pageNumber=12"
"Not fully functioning: Person detection does not work","Have several Wyze cameras, have been using the V2 (previous model) in an outdoor enclosure to monitor the back of our home. Figured I would try the V3. The good: Easy to set up, good night vision The bad: Mounting system is awkward - you may have to buy another enclosure/mount for outdoor use Person detection does not work - tried this side be side with a V2 and the new V3 DOES NOT DETECT PEOPLE (yes CAM plus was activated and person detection was selected) Went back to the V2 for security (it turns on lights when a person is detected) and will use the V3 in a non critical area. Hopefully Wyze adds person detection at some point in the future. This is a one star review due to false advertising.","17 Apr 2021","Style: Wyze Cam v3","","Yes","ELH","1.0","Wyze Cam v3 with Color Night Vision, Wired 1080p HD Indoor/Outdoor Video Camera, 2-Way Audio, Works with Alexa, Google Assistant, and IFTTT","https://www.amazon.com/Vision-Indoor-Outdoor-Camera-Assistant/product-reviews/B08R59YH7W/ref=cm_cr_dp_d_show_all_btm?ie=UTF8&reviewerType=all_reviews&pageNumber=12"
"Incredible product, incredible value","I couldn't be more thrilled with this purchase. After a lot of research into different brands and styles, I settled on the wyze cam v3. It has one of the lowest prices out there for hardware, and probably THE lowest price for a subscription. The really great part is that you don't need a subscription to make full use of the camera! Some other brands are just expensive paperweights without a paid subscription, but this camera retains most features without a subscription. If you put a memory card in it you have everything you need. I bought this camera after having more than a dozen packages stolen in around a 3 month period.  I mounted it discreetly under the eaves of the front porch. It isn't obtrusive, but it's presence alone has been enough to prevent any more theft. I'm thrilled! I also use one as a baby monitor, and it works great. Both the ""starlight cam"" low light tech and the nightvision let me keep an eye on my baby in her dark room. I intend to get more of them to watch my 3d printers, as well as other things. Picture quality is incredible, get this, get a memory card to go with it, and you'll never go with another brand again.","15 Jun 2021","Style: Wyze Cam v3","","Yes","Daryl Jarman","5.0","Wyze Cam v3 with Color Night Vision, Wired 1080p HD Indoor/Outdoor Video Camera, 2-Way Audio, Works with Alexa, Google Assistant, and IFTTT","https://www.amazon.com/Vision-Indoor-Outdoor-Camera-Assistant/product-reviews/B08R59YH7W/ref=cm_cr_dp_d_show_all_btm?ie=UTF8&reviewerType=all_reviews&pageNumber=12"
"Don't waste your time or money","The picture quality is fine, but with sensor turned all the way down, still sends alerts when the wind blows or a bird flies by. The design failed to meet my needs for coverage. Don't try to put it in a window on the right. It won't tilt that way. Worst of all, though, is that the MOST important features are missing in the software. I can't save an event or erase one that somehow got saved (how it saved is a mystery!). TECH SUPPORT IS NON-EXISTENT. It's automated and the answers it provides have NOTHING AT ALL to do with the issue. NOTHING! NOTHING! ""Live chat"" is also automated. It just keeps telling you to rephrase your question over and over. A phone call to them puts you on hold for un unspecified amount of time because they're experiencing a higher than normal volume. I'll bet they are. I'm sending this piece of crap back. Seriously. Save yourself the aggravation and don't buy from these people. ALSO  the software tells me there's no SD card when there clearly IS.","07 Jun 2021","Style: Wyze Cam v3","https://images-na.ssl-images-amazon.com/images/I/41dX904sK1L._SY88.jpg
https://images-na.ssl-images-amazon.com/images/I/514MbPbmRsL._SY88.jpg
https://images-na.ssl-images-amazon.com/images/I/51D6daP+5+L._SY88.jpg
https://images-na.ssl-images-amazon.com/images/I/51DlArQOu+L._SY88.jpg
https://images-na.ssl-images-amazon.com/images/I/51FRBocHuRL._SY88.jpg
https://images-na.ssl-images-amazon.com/images/I/51Ww4G2e4zL._SY88.jpg
https://images-na.ssl-images-amazon.com/images/I/51apnVrFeML._SY88.jpg
https://images-na.ssl-images-amazon.com/images/I/51t8M+19zUL._SY88.jpg","Yes","Lesia Valentine","1.0","Wyze Cam v3 with Color Night Vision, Wired 1080p HD Indoor/Outdoor Video Camera, 2-Way Audio, Works with Alexa, Google Assistant, and IFTTT","https://www.amazon.com/Vision-Indoor-Outdoor-Camera-Assistant/product-reviews/B08R59YH7W/ref=cm_cr_dp_d_show_all_btm?ie=UTF8&reviewerType=all_reviews&pageNumber=12"
"Good Little Camera...","For the price, this WYZE v3 camera is great.  Picture quality is pretty clear.  Motion has some blur and pixilation.  The lens is very wide angle, so image is ""fish-eyed"".  Motion detection seems to work well.  I received a motion detection notification from a very large vehicle driving by at 300 feet away.  The low light ""color night vision"" works great with excellent image quality.  This setting is used at night when there is some ambient lighting.  The camera also has infrared lighting for night vision where no other light is present.  One issue I have with Wyze is that they don't have any 4K narrow angle cameras.  If I buy a different brand, I will also need a different app.  It would be nice to have everything in one app...","20 Apr 2021","Style: Wyze Cam v3","","Yes","Barnyard Racer","5.0","Wyze Cam v3 with Color Night Vision, Wired 1080p HD Indoor/Outdoor Video Camera, 2-Way Audio, Works with Alexa, Google Assistant, and IFTTT","https://www.amazon.com/Vision-Indoor-Outdoor-Camera-Assistant/product-reviews/B08R59YH7W/ref=cm_cr_dp_d_show_all_btm?ie=UTF8&reviewerType=all_reviews&pageNumber=12"
"Color night vision requires a good amount of ambient light","I am a big advocate and user of the V2 cameras but this one is a big improvement, however, the color night vision function requires a good amount of ambient light in order to work. When it does work it’s very nice. Playback of the 12 second event recordings has been very glitchy the past few months. Most playbacks get stuck on loading ring even though I can download the clip in seconds. This is very frustrating when trying to watch recorded events from the night.","19 Mar 2021","Style: Wyze Cam v3","","Yes","Someone","3.0","Wyze Cam v3 with Color Night Vision, Wired 1080p HD Indoor/Outdoor Video Camera, 2-Way Audio, Works with Alexa, Google Assistant, and IFTTT","https://www.amazon.com/Vision-Indoor-Outdoor-Camera-Assistant/product-reviews/B08R59YH7W/ref=cm_cr_dp_d_show_all_btm?ie=UTF8&reviewerType=all_reviews&pageNumber=12"
"BEST CAM OUT THERE!!","I’ve attached daytime and nighttime photos. Amazing quality at night with minimal lights(no night vision). I believe this cam is recording 24/7 as the video clips record 2-3 seconds before the person/animal/or car comes into frame. WAY BETTER THEN THE BLINK MINI. I really wanted the blink mini because it’s a “popular” cam, but this cam is one of the best on the market! It’s also $5 cheaper then the Blink Mini!! Alerts to my phone are between 5-10seconds. Audio is very crisp and clear! I believe WYZE is trying to make a name for themselves, so they’ve gone above and beyond expectations and made a absolutely amazing camera at a great price.","16 Apr 2021","Style: Wyze Cam v3","https://images-na.ssl-images-amazon.com/images/I/8110vQ8o8gL._SY88.jpg
https://images-na.ssl-images-amazon.com/images/I/81TFmp90xHL._SY88.jpg","Yes","KOBRA","5.0","Wyze Cam v3 with Color Night Vision, Wired 1080p HD Indoor/Outdoor Video Camera, 2-Way Audio, Works with Alexa, Google Assistant, and IFTTT","https://www.amazon.com/Vision-Indoor-Outdoor-Camera-Assistant/product-reviews/B08R59YH7W/ref=cm_cr_dp_d_show_all_btm?ie=UTF8&reviewerType=all_reviews&pageNumber=12"
"Way better than v2","There are a few features I like about v2 that v3 doesn’t have yet, but these pics should tell you all you need to know. Same exact lighting, but look at the difference. The darker one is v2 and the brighter one is v3. It’s night and day. Definitely recommend.","01 Apr 2021","Style: Wyze Cam v3","https://images-na.ssl-images-amazon.com/images/I/71g2S3TpiIL._SY88.jpg
https://images-na.ssl-images-amazon.com/images/I/913l3i9s42L._SY88.jpg","Yes","Jeremy","5.0","Wyze Cam v3 with Color Night Vision, Wired 1080p HD Indoor/Outdoor Video Camera, 2-Way Audio, Works with Alexa, Google Assistant, and IFTTT","https://www.amazon.com/Vision-Indoor-Outdoor-Camera-Assistant/product-reviews/B08R59YH7W/ref=cm_cr_dp_d_show_all_btm?ie=UTF8&reviewerType=all_reviews&pageNumber=12"
"Love it but can be fixed a bit....","Love these cameras. I have the older vision and love them alot. So I decided to get them for my other house to keep an eye on my dad because he doesn't always answer his phone and we get worried he's alone. So I purchased these cameras they would great. I've purchased multiple wyze cams and even recommended them to my mother and sister. So now we all have wyze. They are afforded does the job. The only thing....is.... like I said I've bought the older vision than the v3 and I love my cams. But the v3 I've notice gets stuck... when watching the camera it gets stuck. Then records normal for 3 to 5 sec and freezes again. But other then that I still love the camera. On the event recordings it plays normal. Its just when watch the camera live when it acts up.  Oh and also the night vision i notice does look as great my the older vision. So I just try to keep outside lights on so I wouldn't have to use night vision. Inside is fine just the outside night vision isn't that great.","28 May 2021","Style: Wyze Cam v3","","Yes","Amazon Customer","4.0","Wyze Cam v3 with Color Night Vision, Wired 1080p HD Indoor/Outdoor Video Camera, 2-Way Audio, Works with Alexa, Google Assistant, and IFTTT","https://www.amazon.com/Vision-Indoor-Outdoor-Camera-Assistant/product-reviews/B08R59YH7W/ref=cm_cr_dp_d_show_all_btm?ie=UTF8&reviewerType=all_reviews&pageNumber=12"
"Annoying Static","In my opinion, V3 delivers half of the expectations. With improvements, color night time vision is great. It can collect way much more light than V3 - no question on that. However, the other half, the sound quality is not there AT ALL!!! There is so much static that you cannot hear or understand anything. I ordered three more, but it was after I realized the static problem. If you google it, you will see a great number of people that complain about the same. If you care only about the picture quality, then you should be fine. I will return the one that I have and wait until Wyze fixes the issue.","23 Mar 2021","Style: Wyze Cam v3","","Yes","Amazon Customer","3.0","Wyze Cam v3 with Color Night Vision, Wired 1080p HD Indoor/Outdoor Video Camera, 2-Way Audio, Works with Alexa, Google Assistant, and IFTTT","https://www.amazon.com/Vision-Indoor-Outdoor-Camera-Assistant/product-reviews/B08R59YH7W/ref=cm_cr_dp_d_show_all_btm?ie=UTF8&reviewerType=all_reviews&pageNumber=12"
"I think all V3s have audio issues.","As the title says, I believe all V3s have audio issues.  Tech support is useless and basically gives you the runaround and asks you for your log files and disappears.  I am a user in the Wyze Forums for more advanced troubleshooting and Wyze has pretty much been silent on fixing the V3 audio while they push other products out.  They’ve pretty much screwed their base. I have the first batch of V3s but bought the latest ones to test and the same issue is present.  At this rate, I need to switch my entire ecosystem to Eufy. I rather pay more for a product that works.  Wyze door cam has no memory storage option either, you’ll need to pay the monthly fees.","21 May 2021","Style: Wyze Cam v3","","Yes","Amazonshoe","1.0","Wyze Cam v3 with Color Night Vision, Wired 1080p HD Indoor/Outdoor Video Camera, 2-Way Audio, Works with Alexa, Google Assistant, and IFTTT","https://www.amazon.com/Vision-Indoor-Outdoor-Camera-Assistant/product-reviews/B08R59YH7W/ref=cm_cr_dp_d_show_all_btm?ie=UTF8&reviewerType=all_reviews&pageNumber=13"
"Great cam and great price","I put a 32GB microSD card in (the max size it supports) and it records to it fine. I don't use the motion detection, I just hit record when I want to capture something. I really like the ability to do time lapse recordings. This model currently doesn't support  the ability to stream so you can watch on your PC. You can do this by installing an android sim and then installing the Wyze app but (for me) it's a little klunky. When removing a time lapse or normal recording sometimes the info isn't removed from the Wyze folder on my phone so I have to delete the files manually. The night vision is very good - even with the IR lights turned off.","04 Jun 2021","Style: Wyze Cam v3","","Yes","R. Roux","5.0","Wyze Cam v3 with Color Night Vision, Wired 1080p HD Indoor/Outdoor Video Camera, 2-Way Audio, Works with Alexa, Google Assistant, and IFTTT","https://www.amazon.com/Vision-Indoor-Outdoor-Camera-Assistant/product-reviews/B08R59YH7W/ref=cm_cr_dp_d_show_all_btm?ie=UTF8&reviewerType=all_reviews&pageNumber=13"
"Not satisfied with QR code scan and wifi connection","I tried a few times re-connecting to my home wifi. It is very difficult to pass the QR code scanning. I tried at various distance and angles. even when it was finally scanned QR code in, it really took too long. I have had much more miss than hit. Besides, when wifi connected, it could disconnected randomly. I made sure my home wifi is working with strong signal the time cam v3 quit. I decided to return it. I wanted to give it another try. This time QR scan took much shorter time maybe 15 seconds, then wifi connected. I tried speaker and microphone all worked well then, after about one minute the image hung up. I touched all buttons still hung up. No more try will return it.","08 Apr 2021","Style: Wyze Cam v3","","Yes","jhe","2.0","Wyze Cam v3 with Color Night Vision, Wired 1080p HD Indoor/Outdoor Video Camera, 2-Way Audio, Works with Alexa, Google Assistant, and IFTTT","https://www.amazon.com/Vision-Indoor-Outdoor-Camera-Assistant/product-reviews/B08R59YH7W/ref=cm_cr_dp_d_show_all_btm?ie=UTF8&reviewerType=all_reviews&pageNumber=13"
"Excellent little cameras","I have various brand-named security cameras, and I have to say that I love these the BEST. When the other ones die, I will replace all of them with Wyze! They are tiny, so very space saving, and wired!, which is what I wanted. Takes 5 min to set up and get it running. So easy! I also love these outdoor ones. Before I got these, I actually used a regular indoor camera, outdoors, and it was still working well for a few months before I swapped that for this one to make sure. I don't need to subscribe anything in the cloud and I love having that option! I just bought an extra microSD card for it to record stuff directly. I highly recommend these!","19 May 2021","Style: Wyze Cam v3","","Yes","JH","5.0","Wyze Cam v3 with Color Night Vision, Wired 1080p HD Indoor/Outdoor Video Camera, 2-Way Audio, Works with Alexa, Google Assistant, and IFTTT","https://www.amazon.com/Vision-Indoor-Outdoor-Camera-Assistant/product-reviews/B08R59YH7W/ref=cm_cr_dp_d_show_all_btm?ie=UTF8&reviewerType=all_reviews&pageNumber=13"
"Good Camera When It Works","The image quality of the v3 is an noticeable improvement over the v2.  The camera is great when it works correctly.  The issue that I have is that the camera works fine one day and the next day I can't connect to it.  I get an error message that it cannot connect and sometimes it will show as being offline.  Unplugging the camera works sometimes and I even had to reset it a couples of times.  Other times it seems to fix itself. The worst thing is that I will get a motion alert from the camera and either I can't connect to the camera or if I do connect I get an error and cannot view the motion.  This makes the camera useless.  I have three v2 cameras and never have these issues with them.  I am hoping that the next firmware update will fix the issues.","05 Jun 2021","Style: Wyze Cam v3","","Yes","GeeBee","3.0","Wyze Cam v3 with Color Night Vision, Wired 1080p HD Indoor/Outdoor Video Camera, 2-Way Audio, Works with Alexa, Google Assistant, and IFTTT","https://www.amazon.com/Vision-Indoor-Outdoor-Camera-Assistant/product-reviews/B08R59YH7W/ref=cm_cr_dp_d_show_all_btm?ie=UTF8&reviewerType=all_reviews&pageNumber=13"
"You need one or two ","Okay.... I have two of the first wyze cams and I do love them. During the day the picture quality was excellent however at night I couldn't see NOTHING unless a light was on. I ordered the Cam v3 and the picture quality at night is just like the day. These are some great cameras for a great price. Look at that picture! And by the way that camera is in the window inside the house facing out into my driveway.","27 May 2021","Style: Wyze Cam v3","https://images-na.ssl-images-amazon.com/images/I/A1TnHiR7CaL._SY88.jpg","Yes","Fynedyme","5.0","Wyze Cam v3 with Color Night Vision, Wired 1080p HD Indoor/Outdoor Video Camera, 2-Way Audio, Works with Alexa, Google Assistant, and IFTTT","https://www.amazon.com/Vision-Indoor-Outdoor-Camera-Assistant/product-reviews/B08R59YH7W/ref=cm_cr_dp_d_show_all_btm?ie=UTF8&reviewerType=all_reviews&pageNumber=13"
"Excellent motion detection","The picture quality is so much better than the Simplisafe camera. This cameras motion detection works in the window, so I don’t even have to install it outside. The motion detection won’t even work in the window with the Simplisafe camera, which is why I got this camera. Might switch my whole home security to Wyze. Very happy with this camera as I need live alerts for any movement at the front of the house","02 May 2021","Style: Wyze Cam v3","https://images-na.ssl-images-amazon.com/images/I/51oKMO1LGLL._SY88.jpg","Yes","Rachel P","4.0","Wyze Cam v3 with Color Night Vision, Wired 1080p HD Indoor/Outdoor Video Camera, 2-Way Audio, Works with Alexa, Google Assistant, and IFTTT","https://www.amazon.com/Vision-Indoor-Outdoor-Camera-Assistant/product-reviews/B08R59YH7W/ref=cm_cr_dp_d_show_all_btm?ie=UTF8&reviewerType=all_reviews&pageNumber=13"
"Best camera on the market","I really like these cameras they have great color night vision. You can rotate the image and blow up the screen to see far away. I had trouble connecting to the QR code to register the camera I sent it back and was sent a new camera No problem and it connected immediately. If you have trouble with the QR code it may be the camera. Wyze support is awesome and they get back to you within one day usually. These are far above better than any other camera I've owned. Other cameras you have to go out unplug them and reboot them. These you can restart within the app you can do everything in the app. These are a must have to not buy the strictly outdoor camera they are more expensive and they probably don't do any better these have a cable that protects it from the weather they are indoor outdoor cameras for a fraction of the price. I might have to add a few more to the house. They support SD card and viewing playback it breaks it down into fragments of when motion or sound is detected instead of having to watch the whole recorded video.","12 Apr 2021","Style: Wyze Cam v3","","Yes","Chris in Phoenix","5.0","Wyze Cam v3 with Color Night Vision, Wired 1080p HD Indoor/Outdoor Video Camera, 2-Way Audio, Works with Alexa, Google Assistant, and IFTTT","https://www.amazon.com/Vision-Indoor-Outdoor-Camera-Assistant/product-reviews/B08R59YH7W/ref=cm_cr_dp_d_show_all_btm?ie=UTF8&reviewerType=all_reviews&pageNumber=13"
"Wyze cams are great unless you need warranty help.","So let me say I do love my Wyze cams and the v3 is by far the best picture wise.  The v2 were not shabby either except for night vision.  This is were the v3 outshines.  Picture is clear even at night.  My only issue is customer service from Wyze on warranty issues.  I have two v2's that quit working after 6 months and because they are not made anymore Wyze only want to offer me a $10 credit for each one where as I believe I should be offered my purchase price towards a new v3.  But let me also say don't let the warranty issue stop you from purchasing because you may never even have an issue; I have 4 other Wyze Cam's that are well over a year old and work fine.","14 Jun 2021","Style: Wyze Cam v3","","Yes","PamelaDominique","5.0","Wyze Cam v3 with Color Night Vision, Wired 1080p HD Indoor/Outdoor Video Camera, 2-Way Audio, Works with Alexa, Google Assistant, and IFTTT","https://www.amazon.com/Vision-Indoor-Outdoor-Camera-Assistant/product-reviews/B08R59YH7W/ref=cm_cr_dp_d_show_all_btm?ie=UTF8&reviewerType=all_reviews&pageNumber=13"
"Whispers..","The camera is fantastic as with the older version. Picture quality is excellent in light or dark conditions. There's plenty of fine tuning for sound and motion notifications. Buy a big micro card for it and you can have 24/7 recording without being charged fees. My only gripe is the audio. My ""Older"" versions are loud monitoring and speaking through it. The audio on this V3 is horrible! I can barely hear what's going on and my voice is low speaking through it. I even reset it and moved it. It stays the same. WYZE says there's no adjustment. Maybe I got a faulty unit but everything seems fine. Just crappy audio.","01 Jun 2021","Style: Wyze Cam v3","","Yes","Qwik","3.0","Wyze Cam v3 with Color Night Vision, Wired 1080p HD Indoor/Outdoor Video Camera, 2-Way Audio, Works with Alexa, Google Assistant, and IFTTT","https://www.amazon.com/Vision-Indoor-Outdoor-Camera-Assistant/product-reviews/B08R59YH7W/ref=cm_cr_dp_d_show_all_btm?ie=UTF8&reviewerType=all_reviews&pageNumber=13"
"Incomplete order","Incomplete order, item requires a base station to work but it arrived with no base station.I spent an hour trying to get it to work and discovered that I was not sent everything needed to make it work. Web site does not show a base station to order so I just tossed the whole thing into the garbage.","12 May 2021","Style: Wyze Cam v3","","Yes","Robert Henretig","1.0","Wyze Cam v3 with Color Night Vision, Wired 1080p HD Indoor/Outdoor Video Camera, 2-Way Audio, Works with Alexa, Google Assistant, and IFTTT","https://www.amazon.com/Vision-Indoor-Outdoor-Camera-Assistant/product-reviews/B08R59YH7W/ref=cm_cr_dp_d_show_all_btm?ie=UTF8&reviewerType=all_reviews&pageNumber=14"
"Way better compared to my previous security camera.","My previous security camera setup was the Arlo Pro 2. Comparing this Wyze v3 camera with the Arlo Pro 2, I am confident to say that these are way better. There were many problems I had with the Arlo Pro 2 cameras. They were very expensive (more than $100 per cam), very slow to load live footage, and the live footage was very delayed (about 10 seconds delayed). I think that the Wyze V3 solved all of the problems that I had with the Arlo cameras. I live how these cameras are extremely affordable, loads the live footage in seconds and the delay is almost non existent. I think that is mostly thanks to the wired connection. One thing that I do not like about these cameras is that without the cam plus subscription it only records a 12 second clip every 5 minutes. To solve this, I was able to use the sd card slot to it can record 24/7. Comparing the video quality, even though they are both 1080p, the Wyze's colors were more vivid and handled the exposure better. Lastly, the color night vision is pretty amazing. I tested it in my backyard where it is pitch black and I was able to everything in color although it was kind of blurry. If there was ambient light, the picture quality would be better. Overall I was surprised that I can get so much for only $32 compared to my over $100 Arlo cameras.","08 Jun 2021","Style: Wyze Cam v3","","Yes","Rebecca Szeto","5.0","Wyze Cam v3 with Color Night Vision, Wired 1080p HD Indoor/Outdoor Video Camera, 2-Way Audio, Works with Alexa, Google Assistant, and IFTTT","https://www.amazon.com/Vision-Indoor-Outdoor-Camera-Assistant/product-reviews/B08R59YH7W/ref=cm_cr_dp_d_show_all_btm?ie=UTF8&reviewerType=all_reviews&pageNumber=14"
"Great camera for the price, but then Wyze support is not as great.","Wyze nailed it with the v.3 cameras, there was a big improvement from v.2; the picture quality and the night vision was improved dramatically.  The ease of installation is also another advantage. Wyze support however is terrible.  I've been an avid customer since they started.  They basically dropped the ball on the first generation models, in terms of supporting them... especially with the motion sensors.  I was basically told by their support that once the battery stopped working, the product is dead and useless, this is a little concerning with regards to how long they would really support their products.","20 May 2021","Style: Wyze Cam v3","","Yes","John Victor Ubana","4.0","Wyze Cam v3 with Color Night Vision, Wired 1080p HD Indoor/Outdoor Video Camera, 2-Way Audio, Works with Alexa, Google Assistant, and IFTTT","https://www.amazon.com/Vision-Indoor-Outdoor-Camera-Assistant/product-reviews/B08R59YH7W/ref=cm_cr_dp_d_show_all_btm?ie=UTF8&reviewerType=all_reviews&pageNumber=14"
"Video quality","I've been wanting Wyze Cam for awhile. I got this to see how great it is. Finally bought one since this one is new a better than the previous model. The set up was easy. For some reason it is not 5G supported. I have 2 bands in my network and one of them did not support so I got lucky. I've been using it for about 2 days now and I also bought the $2/month for continues recording. I use this camera in a room and I love it! Person detection was great. I have the night vision on auto so when it gets dark, it will turn on automatically. Video and audio was great. I am glad that I bought this one.","16 Apr 2021","Style: Wyze Cam v3","","Yes","Kevin Sanguansukdikosol","5.0","Wyze Cam v3 with Color Night Vision, Wired 1080p HD Indoor/Outdoor Video Camera, 2-Way Audio, Works with Alexa, Google Assistant, and IFTTT","https://www.amazon.com/Vision-Indoor-Outdoor-Camera-Assistant/product-reviews/B08R59YH7W/ref=cm_cr_dp_d_show_all_btm?ie=UTF8&reviewerType=all_reviews&pageNumber=14"
"The best bang for your buck","If you are looking for a cheaper price camera this is a must this is the same quality as a very expensive camera but with A cheap price simple to use and simple to view and if this is what you’re looking for stop looking and start buying over the last year I probably bought 20 of these cameras installed  them for relatives I have 10 of these cameras just for myself to view all the outdoor properties that I have as long as you have Wi-Fi and 110 power And don’t forget to buy the Sim card to put in them And make sure you buy the third generation camera which is the newest model $30 for the camera eight dollars for the Sim card under $40 you have yourself a plug and play camera. And the night vision is spot on","29 May 2021","Style: Wyze Cam v3","","Yes","Danny Doolittle","5.0","Wyze Cam v3 with Color Night Vision, Wired 1080p HD Indoor/Outdoor Video Camera, 2-Way Audio, Works with Alexa, Google Assistant, and IFTTT","https://www.amazon.com/Vision-Indoor-Outdoor-Camera-Assistant/product-reviews/B08R59YH7W/ref=cm_cr_dp_d_show_all_btm?ie=UTF8&reviewerType=all_reviews&pageNumber=14"
"Good Camera","I wanted a camera for temporary housing and the Wyze exceeded my expectations.  I have ten 2K IP cameras at home on ethernet because my experience a decade ago was that wifi cameras lost the wifi too often.  This camera has great quality images and has never lost its wifi connection, even when the wifi is shut off and back on again.  It is inexpensive -- $30 for the camera and $19 for a year of monitoring.  Since an IP camera is $100, you can do several years of this camera at a reasonable price.  Plus it is tiny.  I won't replace the IP cameras but I do like this one.  The app is pretty good.","15 Apr 2021","Style: Wyze Cam v3","","Yes","Randolph P. McAfee","5.0","Wyze Cam v3 with Color Night Vision, Wired 1080p HD Indoor/Outdoor Video Camera, 2-Way Audio, Works with Alexa, Google Assistant, and IFTTT","https://www.amazon.com/Vision-Indoor-Outdoor-Camera-Assistant/product-reviews/B08R59YH7W/ref=cm_cr_dp_d_show_all_btm?ie=UTF8&reviewerType=all_reviews&pageNumber=14"
"Exceed expectation","Quality overall is exceptional, especially for its price. Like the features of outdoors, 130 degrees wide angle, video quality, and accepting SD card. In particular, impressed that in recording of motion-triggered mode, the clips actually start BEFORE the motion (looks like on the last round minute). So apparently it records continuously but only keeps seconds of recording prior to, and only if, motion is detected. Smart!!! On the other hand, if you set the recording in continuous mode, there is ""no"" marker put on the time spots when motion is detected (confirmed with tech help on chat), so you cannot go to the critical moments quickly, and it's not practical to watch the long recording. Not so smart! Fortunately the good feature of motion recording mentioned renders the continuous recording unnecessary, and it saves dish space too.","12 Jun 2021","Style: Wyze Cam v3","","Yes","Amazon Customer","5.0","Wyze Cam v3 with Color Night Vision, Wired 1080p HD Indoor/Outdoor Video Camera, 2-Way Audio, Works with Alexa, Google Assistant, and IFTTT","https://www.amazon.com/Vision-Indoor-Outdoor-Camera-Assistant/product-reviews/B08R59YH7W/ref=cm_cr_dp_d_show_all_btm?ie=UTF8&reviewerType=all_reviews&pageNumber=14"
"Fantastic camera for the money!","Bought this camera to monitor my pool. And it is totally awesome. I also have comcast/xfinity in the Philly area. My router has 1 signal only but puts out 2.4 and 5.0 ghz and this camera picked up the 2.4 automatically. Once the app was downloaded the camera was up and running within 3 mins. Picture quality is fantastic. The color night vision is superb! Only been using for a small amount of time. But I have zero complaints. The price point of $30 is amazing! Quality of the camera feels solid. Comes with multiple mounting options as well. I'll be purchasing 2 more for other things around my house!","20 Apr 2021","Style: Wyze Cam v3","https://images-na.ssl-images-amazon.com/images/I/A190oIcQDeL._SY88.jpg
https://images-na.ssl-images-amazon.com/images/I/C1R0QC5XouS._SY88.png
https://images-na.ssl-images-amazon.com/images/I/C1rb6-aCw0S._SY88.png","Yes","Amazon Customer","5.0","Wyze Cam v3 with Color Night Vision, Wired 1080p HD Indoor/Outdoor Video Camera, 2-Way Audio, Works with Alexa, Google Assistant, and IFTTT","https://www.amazon.com/Vision-Indoor-Outdoor-Camera-Assistant/product-reviews/B08R59YH7W/ref=cm_cr_dp_d_show_all_btm?ie=UTF8&reviewerType=all_reviews&pageNumber=14"
"The best Wifi Camera for the price! Highly Recommend this Outdoor Cam! (review and comparison below)","So let me start off my by saying I have ordered 4 different Outdoor security cameras this past month, including Reolink, LaView (2 for 1) and Bluram and another brand. They were all terrible! except for the Reolink Wifi Model which had excellent image quality at 4MP and excellent Zoom capabilities but due to constant connection issues as other mentioned on the reviews I had to return it for a refund. Note that all the cameras I've tested were used only with Wifi  (400Mbps Down Arris Router/Modem) not Ethernet and the Wyze 3 is the best of the all by a long shot! So much that I bought a second one for the house! Motion capture is excellent! night vision is very very good for such a small device at this price point! and the image quality for $35 is honestly Very good as well. I have set up 2 One for my backyard and another for the Front (Pictures) and they looks really good. Just like majority of Wifi cameras they do suffer from light buffering where the Live Feed lags or skips a frame for a split second every now and then but overall for a Wifi Camera its performance is really good! I would strongly recommend the Wyze 3 for anyone looking for a Cheap Outdoor water proof Camera. I don't think there is anything better you can buy for $35.","05 Jun 2021","Style: Wyze Cam v3","https://images-na.ssl-images-amazon.com/images/I/81q1mFOPRrL._SY88.jpg
https://images-na.ssl-images-amazon.com/images/I/91enIA7w2FL._SY88.jpg","Yes","Erik C.","5.0","Wyze Cam v3 with Color Night Vision, Wired 1080p HD Indoor/Outdoor Video Camera, 2-Way Audio, Works with Alexa, Google Assistant, and IFTTT","https://www.amazon.com/Vision-Indoor-Outdoor-Camera-Assistant/product-reviews/B08R59YH7W/ref=cm_cr_dp_d_show_all_btm?ie=UTF8&reviewerType=all_reviews&pageNumber=14"
"Wyze Choice","very clear picture, excellent picture quality in very dim light (color not B&W), and very good quality in total darkness(IR view B&W). the motion detection is still causing issue, but, I trust this company, and I am sure that they will keep improving, and updating the firmware. I wish they go public, very stable connection with Wifi, I am using a wyze cam (V2) on the dashboard of my car for +2 years now, in the AZ heat, and it is still working perfectly. the 2 way communication is also working fine. I love this company, and waiting for them to go public, to purchase their stocks","25 Apr 2021","Style: Wyze Cam v3","","Yes","ZiadTurk","5.0","Wyze Cam v3 with Color Night Vision, Wired 1080p HD Indoor/Outdoor Video Camera, 2-Way Audio, Works with Alexa, Google Assistant, and IFTTT","https://www.amazon.com/Vision-Indoor-Outdoor-Camera-Assistant/product-reviews/B08R59YH7W/ref=cm_cr_dp_d_show_all_btm?ie=UTF8&reviewerType=all_reviews&pageNumber=14"
"Motion detection needs work","Overall happy with the cameras (I've bought 4), but the motion detection feature is more or less useless.  I've turned off the motion detection feature and backed up the cameras with the Ring spotlight cams because the Ring cameras have superior motion detection.  The Wyze Cam V3 video quality is outstanding day or night, but because I get motion alerts for everything except what is actually important I just use them now to check in on the property from time to time and let Ring handle the motion detection.","21 May 2021","Style: Wyze Cam v3","","Yes","Charles May","3.0","Wyze Cam v3 with Color Night Vision, Wired 1080p HD Indoor/Outdoor Video Camera, 2-Way Audio, Works with Alexa, Google Assistant, and IFTTT","https://www.amazon.com/Vision-Indoor-Outdoor-Camera-Assistant/product-reviews/B08R59YH7W/ref=cm_cr_dp_d_show_all_btm?ie=UTF8&reviewerType=all_reviews&pageNumber=15"
"Very cost effective with local storage option","Great product!  I love the local storage option in each camera along with the free 14 day cloud video detection. The app does a great job of simplifying the camera controls and providing an overview of what's going on.  The white color blends nicely with my decor and the build quality is evident.  I like the adjustable base mount too. The amount of light from the nighttime LEDs is very low,  much lower than blink. The paid subscription does a nice job of detecting people and objects and is very reasonably priced. Setup is simple.  Great value for money.","19 May 2021","Style: Wyze Cam v3","","Yes","Daniel and Cris","5.0","Wyze Cam v3 with Color Night Vision, Wired 1080p HD Indoor/Outdoor Video Camera, 2-Way Audio, Works with Alexa, Google Assistant, and IFTTT","https://www.amazon.com/Vision-Indoor-Outdoor-Camera-Assistant/product-reviews/B08R59YH7W/ref=cm_cr_dp_d_show_all_btm?ie=UTF8&reviewerType=all_reviews&pageNumber=15"
"Great little camera. No subscription needed.","This works great. I use it inside my front window. Only a little reflection. Turned off night vision because it was too dark. Works great with regular view. Pro cam was nice but I bought an SD card so I can do playback and don't need to pay anything. Very easy to setup using a video on YouTube. Great magnetic and sticky circle to attach to window. Like the wide view.","18 Apr 2021","Style: Wyze Cam v3","","Yes","Anutell","5.0","Wyze Cam v3 with Color Night Vision, Wired 1080p HD Indoor/Outdoor Video Camera, 2-Way Audio, Works with Alexa, Google Assistant, and IFTTT","https://www.amazon.com/Vision-Indoor-Outdoor-Camera-Assistant/product-reviews/B08R59YH7W/ref=cm_cr_dp_d_show_all_btm?ie=UTF8&reviewerType=all_reviews&pageNumber=15"
"motion detection broken unless you pay","There is a 5 minute deadtime interval after any motion event, during which time it will not identify/record any new motion events., even if you are recording to your SD card. This is a deliberately broken feature, that miraculously goes away if you pay extra for the monthly service. This is not listed on any of the publicity pages, but only found if you go digging for it through their website.","09 May 2021","Style: Wyze Cam v3","","Yes","Kindle Customer","1.0","Wyze Cam v3 with Color Night Vision, Wired 1080p HD Indoor/Outdoor Video Camera, 2-Way Audio, Works with Alexa, Google Assistant, and IFTTT","https://www.amazon.com/Vision-Indoor-Outdoor-Camera-Assistant/product-reviews/B08R59YH7W/ref=cm_cr_dp_d_show_all_btm?ie=UTF8&reviewerType=all_reviews&pageNumber=15"
"best for the price","UPDATE: I signed up for the beta program and updated firmware to the version 4.36.1.4 it came with. I've had no problems with events since. Updating rating but still has the buggy playback time slider. ORIGINAL REVIEW: The camera hardware seems to be great...excellent design and low-light video quality. The software & mobile app is terrible and leaves the device unusable as a security camera. If you don't manually restart each camera 2x per day events stop triggering. App gets stuck on ""getting video data... (3/3)"" and sometimes falsely reports ""No SD card"". Playback time slider is buggy and unintuitive.","04 May 2021","Style: Wyze Cam v3","","Yes","JamesH","4.0","Wyze Cam v3 with Color Night Vision, Wired 1080p HD Indoor/Outdoor Video Camera, 2-Way Audio, Works with Alexa, Google Assistant, and IFTTT","https://www.amazon.com/Vision-Indoor-Outdoor-Camera-Assistant/product-reviews/B08R59YH7W/ref=cm_cr_dp_d_show_all_btm?ie=UTF8&reviewerType=all_reviews&pageNumber=15"
"Needs work with longer zoom and software","This product is OK Night vision is good perhaps better than the several other brands I have tried. What I don't like about it is that it is White. I wish there was a Black model. The white sticks out like a sore eye. The other thing that was the not appealing to me was that this has the WORST zoom capability out of all the cameras I tested. The other cameras where able to pick up the address across the street or a license plate across the street. The Wyze camera barely even zooms in to my front yard. Very very very disappointing. The software is also not user friendly. It's hard to find where your recordings are. You get an alarm but NO Events. Hmmm therefore you try to go back and view the recording and it says NO Events. Yet my notifications are there indicating that there was movement. Once I clear my phone notification there's NO way to find it in the software. Also the camera doesn't seem to focus as it's a following a target. Example. I have the camera in front of my window. I walk outside and back. The camera picks me up but as I get closer it doesn't continue to focus onmy face. I could never use these cameras for evidence as the Police wouldn't be able to make out a clear face of the person. I really hope Wyze can fix these issues. If so I will be a life time customer but until then I will return these and pass for now.","04 Jun 2021","Style: Wyze Cam v3","","Yes","Tito","2.0","Wyze Cam v3 with Color Night Vision, Wired 1080p HD Indoor/Outdoor Video Camera, 2-Way Audio, Works with Alexa, Google Assistant, and IFTTT","https://www.amazon.com/Vision-Indoor-Outdoor-Camera-Assistant/product-reviews/B08R59YH7W/ref=cm_cr_dp_d_show_all_btm?ie=UTF8&reviewerType=all_reviews&pageNumber=15"
"good picture quality, poor sound, could be useless outdoors without paid subscription","Picture quality is good, low-light color picture is OK, full-dark night vision picture is very detailed (black and white though). Mic is not as good, to understand what's being said you need to talk right to the camera. Outdoors it generates many ""motion"" events (leaves, etc.), so most of the time when a person shows up the camera is in 5-minute ""cooling down"" state and does not capture the person. With paid subscription you can setup a filter to be alerted by ""AI"" events only and ignore just ""motion"". Some glitches with the software but not many: ""AI event"" filter started working half a day after I turned that on. The application did not let me setup motion detection zone (on Google Pixel 3a) with 1st and 2nd attempts, 3rd time it just worked. Would be good if it could alert me if power is down/up, camera internet connection is down/up, also would be good to be able to setup auto-restart e.g. daily or auto-restart if connection is lost.","29 Mar 2021","Style: Wyze Cam v3","","Yes","Mik L","4.0","Wyze Cam v3 with Color Night Vision, Wired 1080p HD Indoor/Outdoor Video Camera, 2-Way Audio, Works with Alexa, Google Assistant, and IFTTT","https://www.amazon.com/Vision-Indoor-Outdoor-Camera-Assistant/product-reviews/B08R59YH7W/ref=cm_cr_dp_d_show_all_btm?ie=UTF8&reviewerType=all_reviews&pageNumber=15"
"Bricked itself the first time I set it up.","I'm not sure how the batch I received made it out of Q.C. The first time I set it up following the guide it stopped connecting to WiFi after the update. The comforting voice prompts from the camera are promising until they repeat so many times that they creep into your nightmares. Downloading older firmware from their website and attempting to flash/downgrade back to a working version was a lesson in futility. I tried multiple Micro SD cards, as small as 8GB, one brand new, following the guidance of others that have jumped through the same hoops, to no avail. It never took the firmware and now it just cycles through the setup loop, delivering hope as it tells you it's going to connect to the network, only to snatch that hope right out from under you. It's just not worth the time and effort to try and fix their broken product. I'll probably gift it to someone that annoys me.","07 May 2021","Style: Wyze Cam v3","","Yes","Robot Squirrel","1.0","Wyze Cam v3 with Color Night Vision, Wired 1080p HD Indoor/Outdoor Video Camera, 2-Way Audio, Works with Alexa, Google Assistant, and IFTTT","https://www.amazon.com/Vision-Indoor-Outdoor-Camera-Assistant/product-reviews/B08R59YH7W/ref=cm_cr_dp_d_show_all_btm?ie=UTF8&reviewerType=all_reviews&pageNumber=15"
"Not bad for the price, which makes it a more affordable option","If you don't have the money to get higher-end cameras such as ring or nest than this option is the best for the price. I have nest cameras so I'm able to speak about the differences. Problems that I have compared to the nest is that the sound recording quality is better on Nest. Using the wyze app to look at playback history is hard to pin point when there is activity when your scroll back in time. With nest you get a dot that indicates if activity has happened at a certain time. You can't view your cams in a web browser, but with Nest you can.  Nest cams are higher price and if you looking for a cheap alternative, I still say this wyze cam 3 is a nice option.","08 Apr 2021","Style: Wyze Cam v3","","Yes","Jeff","3.0","Wyze Cam v3 with Color Night Vision, Wired 1080p HD Indoor/Outdoor Video Camera, 2-Way Audio, Works with Alexa, Google Assistant, and IFTTT","https://www.amazon.com/Vision-Indoor-Outdoor-Camera-Assistant/product-reviews/B08R59YH7W/ref=cm_cr_dp_d_show_all_btm?ie=UTF8&reviewerType=all_reviews&pageNumber=15"
"Be prepared for either a monthly or annual subscription after a 14 day free trial","The camera quality for the v3 and the other camera I purchased with it is great the only thing I didn’t like was there’s no mention of a subscription before you buy it. Now that I have the cameras I have 14 days to pay for my subscription in order to keep receiving the footage, it’s $20 per camera a year or $2 a month for each camera. I’m not complaining about the price because that’s really good but my only issue is give me that option to choose because there are other companies that don’t make you pay for the equipment and the service and on top of that it doesn’t tell you until you activate the camera through the Wyze app.","26 Apr 2021","Style: Wyze Cam v3","","Yes","Brittany Martin","5.0","Wyze Cam v3 with Color Night Vision, Wired 1080p HD Indoor/Outdoor Video Camera, 2-Way Audio, Works with Alexa, Google Assistant, and IFTTT","https://www.amazon.com/Vision-Indoor-Outdoor-Camera-Assistant/product-reviews/B08R59YH7W/ref=cm_cr_dp_d_show_all_btm?ie=UTF8&reviewerType=all_reviews&pageNumber=15"
"Great value. Simple and easy","Set up was easy. WiFi connected easily.  The app works well. Field of view is solid for my purposes.  Indoor monitoring of elderly in-laws.  Color night vision is not good, but it’s very clear in grayscale.  The 2 way speaker function works well.  Notifications was too sensitive.  I turned them off because it’ll blast my phone every minute since it’s a small apartment and the in-laws are almost always in view. The slightest movement will trigger a notification.  Great price.  App is solid.  Does what I need it to do.  Had it about a week now and it hasn’t crashed.","11 Apr 2021","Style: Wyze Cam v3","","Yes","Skynet131","4.0","Wyze Cam v3 with Color Night Vision, Wired 1080p HD Indoor/Outdoor Video Camera, 2-Way Audio, Works with Alexa, Google Assistant, and IFTTT","https://www.amazon.com/Vision-Indoor-Outdoor-Camera-Assistant/product-reviews/B08R59YH7W/ref=cm_cr_dp_d_show_all_btm?ie=UTF8&reviewerType=all_reviews&pageNumber=16"
"Biggest bang for the buck","Got me several Wyze 3s and installed them inside and outside of the house. I had 1 in the garage, another one at the porch, 3rd one in the backyard and a 4th one inside the house facing the entry to the kitchen. It was a bit challenging to install as these are wired; however, I also purchased additional extra long cables to be able to mount them where I needed them. I also converted some light sockets to ""socket plugs."" The units are so light so it was very easy to install them against the wall and on the ceiling. Once installed, they give a very clear picture of the area covered. It has a very wide viewing angle which covers a lot of ground. It integrates with the Wyze app very well and the app itself is very user friendly. What I love about these the most is the starlight sensor which can give you colored night vision which is much much better than the basic IR black & white night vision. Best product I've purchased so far this year.","06 Apr 2021","Style: Wyze Cam v3","","Yes","Eli B","5.0","Wyze Cam v3 with Color Night Vision, Wired 1080p HD Indoor/Outdoor Video Camera, 2-Way Audio, Works with Alexa, Google Assistant, and IFTTT","https://www.amazon.com/Vision-Indoor-Outdoor-Camera-Assistant/product-reviews/B08R59YH7W/ref=cm_cr_dp_d_show_all_btm?ie=UTF8&reviewerType=all_reviews&pageNumber=16"
"Nice toy but not a security camera.","These are fun toys but I would hesitate to call these a security camera since the camera resolution is so poor it's unable to read a license plate from 20 ft away in perfect conditions. I have a dashcam with the same sensor and no issues reading license plates. IR lights are useless since they seem to reflect off the cameras casing blinding the sensor. Rules are very limited. Buggy app. Delete an event from the notification and then go into the app and it's still there but the app crashes when you try and open it. Motion detection is very sensitive, blowing leaves, or lights turning off and on from inside the house trigger it. Reducing the sensitivity doesn't help.","08 Apr 2021","Style: Wyze Cam v3","","Yes","Joe","2.0","Wyze Cam v3 with Color Night Vision, Wired 1080p HD Indoor/Outdoor Video Camera, 2-Way Audio, Works with Alexa, Google Assistant, and IFTTT","https://www.amazon.com/Vision-Indoor-Outdoor-Camera-Assistant/product-reviews/B08R59YH7W/ref=cm_cr_dp_d_show_all_btm?ie=UTF8&reviewerType=all_reviews&pageNumber=16"
"Livestream anywhere with an amazing image!","This product is awesome, inexpensive and works indoors and outdoors. The image is very good in both night and day vision with motion detection. Setup was a bit tricky but got easier once I had the full understanding. It has a magnetic base so mounting on a walk or hanging is very simple. This item needs to be near a power source and plugged in at all times or it will not work. Download the app on your cell phone and you can view what the cameras are picking up in livestream or play back no matter where you are located. I highly recommend this program.","01 May 2021","Style: Wyze Cam v3","https://images-na.ssl-images-amazon.com/images/I/91op+r34PyL._SY88.jpg
https://images-na.ssl-images-amazon.com/images/I/A1YIOTNJ5nL._SY88.jpg","Yes","Chef Rameses","5.0","Wyze Cam v3 with Color Night Vision, Wired 1080p HD Indoor/Outdoor Video Camera, 2-Way Audio, Works with Alexa, Google Assistant, and IFTTT","https://www.amazon.com/Vision-Indoor-Outdoor-Camera-Assistant/product-reviews/B08R59YH7W/ref=cm_cr_dp_d_show_all_btm?ie=UTF8&reviewerType=all_reviews&pageNumber=16"
"Blew me away with a great picture!","I bought this for when my grandkids are over and sleeping. Excellent night vision. I am going to use it in my yard in NH to spy on the nocturnal animals as they walk around at night. The night vision is that good!","11 May 2021","Style: Wyze Cam v3","","Yes","Dave LeBlanc","5.0","Wyze Cam v3 with Color Night Vision, Wired 1080p HD Indoor/Outdoor Video Camera, 2-Way Audio, Works with Alexa, Google Assistant, and IFTTT","https://www.amazon.com/Vision-Indoor-Outdoor-Camera-Assistant/product-reviews/B08R59YH7W/ref=cm_cr_dp_d_show_all_btm?ie=UTF8&reviewerType=all_reviews&pageNumber=16"
"Nighttime color vision is superb","Version 3 of Wyze Cam is far better than version 2.  In fact I would like to replace all my older Wyze Cams with V3.  I have a problem with deer coming into my yard at night.  With V3 I can see them clearly in the dark even from several yards away, whereas I just see darkness with V2 even in infrared mode.  Color vision stays on long after sunset and the video image looks like it's still daylight.  Even in darkness, it is not absolutely necessary to turn on the IR to see clearly.  V3 is an impressive improvement over older versions.","02 Jun 2021","Style: Wyze Cam v3","","Yes","Ray","5.0","Wyze Cam v3 with Color Night Vision, Wired 1080p HD Indoor/Outdoor Video Camera, 2-Way Audio, Works with Alexa, Google Assistant, and IFTTT","https://www.amazon.com/Vision-Indoor-Outdoor-Camera-Assistant/product-reviews/B08R59YH7W/ref=cm_cr_dp_d_show_all_btm?ie=UTF8&reviewerType=all_reviews&pageNumber=16"
"Static audio noise","They sent me a used cam that maybe was returned by another customer. It had finger prints on the len and I think it was returned in the first place because of the static noise that you can hear in all of the videos. This is something that YouTubers don't talk about because they get the best unit to be promoted, but you can search on the web and you'll find that even the Wyze forum has a thread about this mic issue. By the way, the color night vision is not as good as YouTubers try to show you. The quality of the image is so bad.","24 Apr 2021","Style: Wyze Cam v3","","Yes","juanldt25","1.0","Wyze Cam v3 with Color Night Vision, Wired 1080p HD Indoor/Outdoor Video Camera, 2-Way Audio, Works with Alexa, Google Assistant, and IFTTT","https://www.amazon.com/Vision-Indoor-Outdoor-Camera-Assistant/product-reviews/B08R59YH7W/ref=cm_cr_dp_d_show_all_btm?ie=UTF8&reviewerType=all_reviews&pageNumber=16"
"WYZE cam v3 is awesome!","Very great product that I will still rate 5 out of 5 even after 1 of the 2 cameras I purchased was problematic and I was unable to fix it but had no problems with getting a refund on it.  The v3 cam I still have has been working flawlessly. The only thing that would make this better for consumers is if they will one day release RTSP firmware in the future.  There are many reasons for WYZE not to release RTSP firmware but I truly believe the company would make a larger profit selling hardware (cameras) then they make selling service.  I would bet they would continue making just as much revenue from cam plus as they are making now PLUS more in hardware sales once they release RTSP enabled firmware.","09 May 2021","Style: Wyze Cam v3","","Yes","Amazonian Caveman","5.0","Wyze Cam v3 with Color Night Vision, Wired 1080p HD Indoor/Outdoor Video Camera, 2-Way Audio, Works with Alexa, Google Assistant, and IFTTT","https://www.amazon.com/Vision-Indoor-Outdoor-Camera-Assistant/product-reviews/B08R59YH7W/ref=cm_cr_dp_d_show_all_btm?ie=UTF8&reviewerType=all_reviews&pageNumber=16"
"DONT SHOP AROUND trying all these other 30$ cameras like I did!!!  This thing is THE ONE! AMAZING.","I've order 4 cameras now trying to test and find one that I'll like where the software isn't garbage and hard to use.  I finally found one with the wyze.  I knew there had to be a camera out there with software that wasn't too difficult to use and I could check the motion events fairly easy but every camera I've tested so far only would record some motion, and if I needed to check the cam for anything, it would  soooo long to go through and find what I'm looking for.  I hoped I could find one that was simple without spending too much and woow!  This is way better than what I hoped to find.  It records everytime it sees motion, it categorizes the motion onto motion, vehicle, or person.  It has a little fish lensing for a wide view.  When it records a motion event, it has a box showing you where the motion is located.  For the same price as the other cameras I bought this thing doesn't even compare, this thing is AMAZING!","26 May 2021","Style: Wyze Cam v3","","Yes","ryan","5.0","Wyze Cam v3 with Color Night Vision, Wired 1080p HD Indoor/Outdoor Video Camera, 2-Way Audio, Works with Alexa, Google Assistant, and IFTTT","https://www.amazon.com/Vision-Indoor-Outdoor-Camera-Assistant/product-reviews/B08R59YH7W/ref=cm_cr_dp_d_show_all_btm?ie=UTF8&reviewerType=all_reviews&pageNumber=16"
"Don’t Trust the Pictures, read the small print, unlike me.","Here is the issue... it shows a picture with no power costs. So I got fooled and thought it was the cordless one that I purchased before. I’m a fan of this company however I don’t like deceiving pictures. Change your picture to show the true product. Yes I know I should have read the total discretion, that’s my fault. That’s why I didn’t return it even though I don’t need ANOTHER plug in camera. I needs an outdoor Wireless camera. This one is not wireless. Don’t be fooled by the picture folks.","14 May 2021","Style: Wyze Cam v3","","Yes","Gerard & Joni R","2.0","Wyze Cam v3 with Color Night Vision, Wired 1080p HD Indoor/Outdoor Video Camera, 2-Way Audio, Works with Alexa, Google Assistant, and IFTTT","https://www.amazon.com/Vision-Indoor-Outdoor-Camera-Assistant/product-reviews/B08R59YH7W/ref=cm_cr_dp_d_show_all_btm?ie=UTF8&reviewerType=all_reviews&pageNumber=16"
"Bad Software","Don't think you're going to hook this up and monitor your driveway from your PC. It doesn't work. First they want you to download an Android Simulator. The simulator barely functions and bombards you with spam for games. Loaded with spyware. Then it wants you to monkey with your bios to make it more functional. To do that they want you to download another program to hack your bios. (at this point I said 'no way')  Just getting to this point took an hour of jumping through hoops. I haven't seen software this bad since Windows Vista days. The thing is its probably a pretty good little camera. I have other cameras and microscopes on my PC and its just a matter of plugging it in and there they are.  These guys are more worried about selling you subscriptions though.  I'm returning it for something functional.","18 May 2021","Style: Wyze Cam v3","","Yes","Jeff","1.0","Wyze Cam v3 with Color Night Vision, Wired 1080p HD Indoor/Outdoor Video Camera, 2-Way Audio, Works with Alexa, Google Assistant, and IFTTT","https://www.amazon.com/Vision-Indoor-Outdoor-Camera-Assistant/product-reviews/B08R59YH7W/ref=cm_cr_dp_d_show_all_btm?ie=UTF8&reviewerType=all_reviews&pageNumber=17"
"I love these cameras! Easy to use and set up - sturdy!","Stop please for an elderly friend who needed to monitor her front porch. These are great cameras and not the first time I bought them. Well worth every dime and easy to set up. I didn’t need to buy an extra long USB cord Which I would recommend if there was any long distance to the nearest plug-in. I also bought a weather cover but I probably didn’t even need that as they are very sturdy - amazingly inexpensive!!!! The fish-eye lens covers a large area and night vision works well. Phone App is good and easy. Also works well with Alexa.","18 May 2021","Style: Wyze Cam v3","","Yes","melissa Sjostrom","5.0","Wyze Cam v3 with Color Night Vision, Wired 1080p HD Indoor/Outdoor Video Camera, 2-Way Audio, Works with Alexa, Google Assistant, and IFTTT","https://www.amazon.com/Vision-Indoor-Outdoor-Camera-Assistant/product-reviews/B08R59YH7W/ref=cm_cr_dp_d_show_all_btm?ie=UTF8&reviewerType=all_reviews&pageNumber=17"
"Nice improvements over V2","Took a bit to set up due to the fact I kept existing cams up and using 3rd party viewers. Compared side by side live even in the daytime there is a much better improvement in clarity and color. Night time is night and day better over V2 as well. I will be replacing the whole network of cams. Now what to do with 3 yr old V2s.","13 Mar 2021","Style: Wyze Cam v3","","Yes","Gulagresister","5.0","Wyze Cam v3 with Color Night Vision, Wired 1080p HD Indoor/Outdoor Video Camera, 2-Way Audio, Works with Alexa, Google Assistant, and IFTTT","https://www.amazon.com/Vision-Indoor-Outdoor-Camera-Assistant/product-reviews/B08R59YH7W/ref=cm_cr_dp_d_show_all_btm?ie=UTF8&reviewerType=all_reviews&pageNumber=17"
"Excellent Color Night View","Your browser does not support HTML5 video. I have 3 Wyze cameras. This is my favorite (Pam Cam 2nd fav). Excellent camera. Nighttime color view has superior clarity. The only improvements I would make is that it was their outdoor cam and its feature of being wireless and it had the 360 rotate like Pam Cam.  It does have a decent wide view and you can zoom in on live view and playback.  This camera is not an outdoor cam but I have the camera on my screened porch and after a month so far so good on being outside.  At the current price, I won’t mind if I eventually will have to replace due to weather damage. My Cam Pam on the porch has lasted over a year and still working. More expensive cameras don’t compare on clarity of nighttime picture.","16 May 2021","Style: Wyze Cam v3","https://images-na.ssl-images-amazon.com/images/I/71XWRIdTGfL._SY88.jpg
https://images-na.ssl-images-amazon.com/images/I/81Jz6LN0kkL._SY88.jpg","Yes","Heather","5.0","Wyze Cam v3 with Color Night Vision, Wired 1080p HD Indoor/Outdoor Video Camera, 2-Way Audio, Works with Alexa, Google Assistant, and IFTTT","https://www.amazon.com/Vision-Indoor-Outdoor-Camera-Assistant/product-reviews/B08R59YH7W/ref=cm_cr_dp_d_show_all_btm?ie=UTF8&reviewerType=all_reviews&pageNumber=17"
"GREAT CAMERA GREAT WIRELESS - AMAZING VALUE","This is a tremendous camera. The optics/video is so clear I often forget that it is connected wirelessly via wifi. The night vision in color is spectacular. Similar to other Wyze devices, there is no visible wifi antenna which is amazing given the high-def quality video, the fact that I have it mounted outside at my roof line and about 50 feet away from my router.  The app notification from this camera is almost immediate. Overall, I am so impressed I may replace a couple of my other cameras with this Wyze v3.","03 Jun 2021","Style: Wyze Cam v3","","Yes","GBD","5.0","Wyze Cam v3 with Color Night Vision, Wired 1080p HD Indoor/Outdoor Video Camera, 2-Way Audio, Works with Alexa, Google Assistant, and IFTTT","https://www.amazon.com/Vision-Indoor-Outdoor-Camera-Assistant/product-reviews/B08R59YH7W/ref=cm_cr_dp_d_show_all_btm?ie=UTF8&reviewerType=all_reviews&pageNumber=17"
"Major upgrade from V2!!","I purchased 5 of these to replace/upgrade from my current V2's and I just placed another order for 5 more! That should really say something about how much I love these new versions of the Wyze Cam! Like many others have commented here and other places online, the image quality is AMAZING! The colored night vision is astonishing! It was definitely worth the wait for these fine cameras! You cannot and will not beat the quality for a better price anywhere else!  Best cameras out there for the price point!","20 Apr 2021","Style: Wyze Cam v3","","Yes","AmazonCustomer","5.0","Wyze Cam v3 with Color Night Vision, Wired 1080p HD Indoor/Outdoor Video Camera, 2-Way Audio, Works with Alexa, Google Assistant, and IFTTT","https://www.amazon.com/Vision-Indoor-Outdoor-Camera-Assistant/product-reviews/B08R59YH7W/ref=cm_cr_dp_d_show_all_btm?ie=UTF8&reviewerType=all_reviews&pageNumber=17"
"Possible interference with I Phone 12 making phone calls from the house","The product and cameras ( Cam 3) are wonderful  and provide great pictures and everything worked fine UNTIl my wife purchased a new I phone 12 yesterday and brought it home. She then tried to make a call……every attempt while in the house went dead with a message “call failed.” When we got outside the house…..phone worked great. So, in trouble shooting the problem I decided it might be the 2 Wyze cameras so I turned them off andthe phone worked great. As another point to  consider…….we also have an old I phone 6 which works great with no interference. So, I contacted Wyze help via “ chat “ and explained the problem and the person I was chatting with said there have been no other reports of this type and said they could not help since the cameras work fine. Very disappointed with that response and lackof further assistance.  BEWARE before purchasing one of their W3 cams if you have newer versions of an IPhone.","05 Jun 2021","Style: Wyze Cam v3","","Yes","Robert J. Marcus","4.0","Wyze Cam v3 with Color Night Vision, Wired 1080p HD Indoor/Outdoor Video Camera, 2-Way Audio, Works with Alexa, Google Assistant, and IFTTT","https://www.amazon.com/Vision-Indoor-Outdoor-Camera-Assistant/product-reviews/B08R59YH7W/ref=cm_cr_dp_d_show_all_btm?ie=UTF8&reviewerType=all_reviews&pageNumber=17"
"Doesn't connect to 5G","I was disappointed to find out that the cam can't connect to 5G networks, because I don't see it stated anywhere on the product page or the instruction guide. I only found out after getting most of the way through the set up process. So after downloading the App, creating a WYZE account, messing with the buttons to begin the set-up process and putting in my network login info, the cam flashed a notice saying can't connect, no 5G support. Waste of time. Hope this review helps someone before they buy it.","05 May 2021","Style: Wyze Cam v3","","Yes","A. Silvera","1.0","Wyze Cam v3 with Color Night Vision, Wired 1080p HD Indoor/Outdoor Video Camera, 2-Way Audio, Works with Alexa, Google Assistant, and IFTTT","https://www.amazon.com/Vision-Indoor-Outdoor-Camera-Assistant/product-reviews/B08R59YH7W/ref=cm_cr_dp_d_show_all_btm?ie=UTF8&reviewerType=all_reviews&pageNumber=17"
"Affordable Security Camera","Compact size, easy to mount, clear picture on items closer than 20', and wireless.  You do need to have an AC power outlet around, however 16"" - 20' extension cables are available, add a 32GB chip for viewing playbacks, or add the $5 per month Wyze Cam Plus service for cloud service and additional features. I do have some connection issues having a slower internet services and lots of devises on the network.  Owning two different versions, Wyze Cam v3 is a nice improvement over previous version.","05 May 2021","Style: Wyze Cam v3","","Yes","93428x2","5.0","Wyze Cam v3 with Color Night Vision, Wired 1080p HD Indoor/Outdoor Video Camera, 2-Way Audio, Works with Alexa, Google Assistant, and IFTTT","https://www.amazon.com/Vision-Indoor-Outdoor-Camera-Assistant/product-reviews/B08R59YH7W/ref=cm_cr_dp_d_show_all_btm?ie=UTF8&reviewerType=all_reviews&pageNumber=17"
"Fantastic...","I could not believe I could get this quality and ease of operation in a camera so inexpensive. Just make sure you purchase the 32Gig micro SD card to go with it. I liked the first one so much, I ordered a second a few days later....Check out YouTube and view all the great on line ratings from the professionals.","22 Apr 2021","Style: Wyze Cam v3","","Yes","Joe Ravian","5.0","Wyze Cam v3 with Color Night Vision, Wired 1080p HD Indoor/Outdoor Video Camera, 2-Way Audio, Works with Alexa, Google Assistant, and IFTTT","https://www.amazon.com/Vision-Indoor-Outdoor-Camera-Assistant/product-reviews/B08R59YH7W/ref=cm_cr_dp_d_show_all_btm?ie=UTF8&reviewerType=all_reviews&pageNumber=17"
"Broken twice. But update fixed","First one the sd card slot was broken. Didn’t recognize any card I put in. Second one had same problem. Plus it had broken motion detection. Didn’t detect at all. So it didn’t record important events. After a week or two there was firmware update. It works now. Although I do have to slide sensitivities high.","09 May 2021","Style: Wyze Cam v3","","Yes","T. Nguyen","3.0","Wyze Cam v3 with Color Night Vision, Wired 1080p HD Indoor/Outdoor Video Camera, 2-Way Audio, Works with Alexa, Google Assistant, and IFTTT","https://www.amazon.com/Vision-Indoor-Outdoor-Camera-Assistant/product-reviews/B08R59YH7W/ref=cm_cr_dp_d_show_all_btm?ie=UTF8&reviewerType=all_reviews&pageNumber=18"
"Affordable, GREAT Quality, and TONS of Features","This is THE security camera you want hands down!! First off, it's affordable. Second, the setup is easy peasy and they walk you right through it via the Wyze app. Third, the picture and sound quality is phenomenal( with color night vision )! Fourth, The size of the camera is just right and comes with wall mount or you can just use the magnetic base. Apparently you can by covers to help keep it descrite ( if  that's your goal ). Also, you can set the sensitivity to sound and motion detection and can remote view footage via the Wyze app. Wanna hold onto a piece of footage to reference later?? Ok! You can save footage to the cloud ( or SD Card ) and set remote triggers and actions. With the Wyze premium subscription ( not a mandatory thing to use the app, but I recommend purchasing it ) you can chose whether or not to record 24/7 or just when there is an alert. Speaking of alerts, it will record a 90 second snippet and then you can see exactly what it was alerted for and decide whether or not you want to rewind back to that time. Oh did I mention you can add and share users vis the app so they can tune into the camera as well!  Finally,there is a siren also if needed for an emergency. I'm sure that there are other features I'm forgetting, but you get the jist! All products that Wyze manufacturers are awesome and this one is no different. I honestly would highly recommend this camera to anyone I know! * Side Note: This camera runs off your home wifi connection","28 May 2021","Style: Wyze Cam v3","","Yes","Mrs Kim Picard","5.0","Wyze Cam v3 with Color Night Vision, Wired 1080p HD Indoor/Outdoor Video Camera, 2-Way Audio, Works with Alexa, Google Assistant, and IFTTT","https://www.amazon.com/Vision-Indoor-Outdoor-Camera-Assistant/product-reviews/B08R59YH7W/ref=cm_cr_dp_d_show_all_btm?ie=UTF8&reviewerType=all_reviews&pageNumber=18"
"Amazing bargain not with out its faults","This camera is an insane deal for 30 dollars it has all the features of the best camera for a fraction of the price. But with that price is a drawback The camera is bottlenecked by the use of a micro usb wire. It is not advisable to use a long usb cable and not ideal or easy to plug your camera to a power outlet with the limited max length of around 30-40 feet micro usb cable. So unless you have a power outlet near by it is difficult to install this camera in ideal locations.","18 May 2021","Style: Wyze Cam v3","","Yes","DVDCollector","5.0","Wyze Cam v3 with Color Night Vision, Wired 1080p HD Indoor/Outdoor Video Camera, 2-Way Audio, Works with Alexa, Google Assistant, and IFTTT","https://www.amazon.com/Vision-Indoor-Outdoor-Camera-Assistant/product-reviews/B08R59YH7W/ref=cm_cr_dp_d_show_all_btm?ie=UTF8&reviewerType=all_reviews&pageNumber=18"
"Looks great at night but spams me with notifications.","Completely spammed me with notifications making monitoring of my existing Wyze Outdoor Cams virtually impossible. Even with the person filter turned on it detects reflections of light as motion and forces me to watch 5 minute videos to see 10 seconds worth of an actual person.","01 May 2021","Style: Wyze Cam v3","","Yes","E. Pina","1.0","Wyze Cam v3 with Color Night Vision, Wired 1080p HD Indoor/Outdoor Video Camera, 2-Way Audio, Works with Alexa, Google Assistant, and IFTTT","https://www.amazon.com/Vision-Indoor-Outdoor-Camera-Assistant/product-reviews/B08R59YH7W/ref=cm_cr_dp_d_show_all_btm?ie=UTF8&reviewerType=all_reviews&pageNumber=18"
"Very worthwhile upgrade from v2","Upgraded my driveway cam from v2 to v3. Though the former was already doing a sterling job, the v3 blew it away! Better wider picture, smoother video, IP65 waterproof without extra housing, but most of all outstanding colour night vision. The person and motion detection are excellent. It saw dog walkers ambling past my drive very clearly in the dark! One tip, if upgrading and you want to reuse the flash card from your v2, format it clean in the v2 before putting it in the v3.","02 Apr 2021","Style: Wyze Cam v3","https://images-na.ssl-images-amazon.com/images/I/715TtKLmCiL._SY88.jpg
https://images-na.ssl-images-amazon.com/images/I/81QaSng9qvL._SY88.jpg","Yes","Bloke","5.0","Wyze Cam v3 with Color Night Vision, Wired 1080p HD Indoor/Outdoor Video Camera, 2-Way Audio, Works with Alexa, Google Assistant, and IFTTT","https://www.amazon.com/Vision-Indoor-Outdoor-Camera-Assistant/product-reviews/B08R59YH7W/ref=cm_cr_dp_d_show_all_btm?ie=UTF8&reviewerType=all_reviews&pageNumber=18"
"doesn't recognize any SD cards even after firmware update","I've tried 3 different SD cards, all which work fine with the V2 cameras.  But this thing refuses to recognize any SD cards.  Firmware is up to date.  Looks like they released this thing full of bugs.","03 Apr 2021","Style: Wyze Cam v3","","Yes","David A.","1.0","Wyze Cam v3 with Color Night Vision, Wired 1080p HD Indoor/Outdoor Video Camera, 2-Way Audio, Works with Alexa, Google Assistant, and IFTTT","https://www.amazon.com/Vision-Indoor-Outdoor-Camera-Assistant/product-reviews/B08R59YH7W/ref=cm_cr_dp_d_show_all_btm?ie=UTF8&reviewerType=all_reviews&pageNumber=18"
"The Best Security Cameras","In my opinion, these are the best security cameras on the market. Picture quality is fantastic, the app is great, the price is awesome and the cameras can be used indoor or out. You can’t say that about many of the comparable or even higher priced cameras currently on the market. I’ve recommended these to several of my friends and will continue to do so. I haven’t had the first issue with any of my Wyze cameras (I have 4)  and have found the app to be very easy to navigate and use.","29 May 2021","Style: Wyze Cam v3","","Yes","Nina","5.0","Wyze Cam v3 with Color Night Vision, Wired 1080p HD Indoor/Outdoor Video Camera, 2-Way Audio, Works with Alexa, Google Assistant, and IFTTT","https://www.amazon.com/Vision-Indoor-Outdoor-Camera-Assistant/product-reviews/B08R59YH7W/ref=cm_cr_dp_d_show_all_btm?ie=UTF8&reviewerType=all_reviews&pageNumber=18"
"Poor video quality but great night vision","The picture quality is unbelievably fuzzy I have a older wyze pan camera and the quality is waaay better. See attached image and specifically the plants, 0 definition. People's faces look like blurs. I wonder if it got a dud or not. The camera allows you to choose from a grid which is super helpful avoiding areas that have constant movement.  Night vision is also very good. Even with it off it looks great at night.  Overall I'm underwhelmed with the amount of research and reviews I've seen. The build quality and different ways to attach the cam are very cool but I can't get over the low quality.","20 May 2021","Style: Wyze Cam v3","https://images-na.ssl-images-amazon.com/images/I/813flPg6feL._SY88.jpg","Yes","Austin","3.0","Wyze Cam v3 with Color Night Vision, Wired 1080p HD Indoor/Outdoor Video Camera, 2-Way Audio, Works with Alexa, Google Assistant, and IFTTT","https://www.amazon.com/Vision-Indoor-Outdoor-Camera-Assistant/product-reviews/B08R59YH7W/ref=cm_cr_dp_d_show_all_btm?ie=UTF8&reviewerType=all_reviews&pageNumber=18"
"VERY DISAPPOINTED IN THIS.","SD CARD INSERTED, BUT TELLS ME THERE IS NONE. FREE CLOUD SERVICE TRY OUT, BUT DOESN'T RECOD ON SD CARD, NOT CAN I FIND THE VIDEO ON THE CLOUD. THE SOUND QUALITY ON THE CAMERA SPEAKER IS SCRATCHY AND CANNOT BE UNDERSTOOD IN TWO WAY CONVERSATION. EVEN AN OLD KIDS WALKIE TALKIE FROM THE 19080's SOUNDS BETTER, THIS ONE TOTALLY SCRATCHY STATIC UNDESIFERABLE. VERY DISAPOINTED IN THIS, ( I HAVE 3 DIFFERENT ONES ) BUT HAD TO KEEP IT UNTIL SOMETHING BETTER IS FOUND, THEN IT'S OUT.","09 May 2021","Style: Wyze Cam v3","","Yes","LJC","2.0","Wyze Cam v3 with Color Night Vision, Wired 1080p HD Indoor/Outdoor Video Camera, 2-Way Audio, Works with Alexa, Google Assistant, and IFTTT","https://www.amazon.com/Vision-Indoor-Outdoor-Camera-Assistant/product-reviews/B08R59YH7W/ref=cm_cr_dp_d_show_all_btm?ie=UTF8&reviewerType=all_reviews&pageNumber=18"
"Fantastic color!","The color enhancing features are fantastic. I turned night vision off, and with a small amount of light it looks like it's a fully lit room in the middle of the night. It really does not take much to do this. Easy setup like any other Wyze camera, it's a bit faster too. The setup button is easier to access and press than previous models. Great camera! I dislike the stationary manual positioning lost and prefer their pan Cam more, but I am buying another","15 Apr 2021","Style: Wyze Cam v3","","Yes","davis.g105","5.0","Wyze Cam v3 with Color Night Vision, Wired 1080p HD Indoor/Outdoor Video Camera, 2-Way Audio, Works with Alexa, Google Assistant, and IFTTT","https://www.amazon.com/Vision-Indoor-Outdoor-Camera-Assistant/product-reviews/B08R59YH7W/ref=cm_cr_dp_d_show_all_btm?ie=UTF8&reviewerType=all_reviews&pageNumber=18"
"Okay for the price","For the price they're okay cameras, but one of my biggest complaints with them is how laggy they are there's about a 45 second delay on them which is very inconvenient if your using them for say a front door and you want to use the two way talk feature, it just does not work. Another complaint I have is it doesn't pick up the most important things, I walked outside to see a delivery of pipes and other material for a project being done to my house and wondered when it was dropped off so I decided to check my cameras and absolutely nothing was picked up on the cameras, like it never happened. Obviously that incident was not a big deal, but I bought these for security purposes and I must say that does not make me feel very secure. However on a more positive note these cameras have killer night vision it shows the whole area illuminated even in the darkest spots outside of my home. All in all they're okay for the price but I wouldn't buy them again, maybe for indoor use but not for the outside.","29 May 2021","Style: Wyze Cam v3","","Yes","Meghan Whaley","3.0","Wyze Cam v3 with Color Night Vision, Wired 1080p HD Indoor/Outdoor Video Camera, 2-Way Audio, Works with Alexa, Google Assistant, and IFTTT","https://www.amazon.com/Vision-Indoor-Outdoor-Camera-Assistant/product-reviews/B08R59YH7W/ref=cm_cr_dp_d_show_all_btm?ie=UTF8&reviewerType=all_reviews&pageNumber=19"
"WYZE love","I have fallen in love with Wyze cameras.... I now have 4 different kinds of wyze cameras and I love EVERY one of them.  I received this one and added it in about a minute.  The only thing I need the Wyze people to do is add an option for MULTI VIEW on their app.  I enjoy my Wyze camera better than my ring cam....","01 Apr 2021","Style: Wyze Cam v3","","Yes","Dogmommie","5.0","Wyze Cam v3 with Color Night Vision, Wired 1080p HD Indoor/Outdoor Video Camera, 2-Way Audio, Works with Alexa, Google Assistant, and IFTTT","https://www.amazon.com/Vision-Indoor-Outdoor-Camera-Assistant/product-reviews/B08R59YH7W/ref=cm_cr_dp_d_show_all_btm?ie=UTF8&reviewerType=all_reviews&pageNumber=19"
"Garbage. Buy the original model","This newer version is not compatible with the original.  I have an original version and this new one in my nursery. Every single time I view the original camera I have no issues.  This camera constantly freezes. Half the time live view won’t even play.  Don’t waste your money. Buy the original model","10 May 2021","Style: Wyze Cam v3","","Yes","Dan","1.0","Wyze Cam v3 with Color Night Vision, Wired 1080p HD Indoor/Outdoor Video Camera, 2-Way Audio, Works with Alexa, Google Assistant, and IFTTT","https://www.amazon.com/Vision-Indoor-Outdoor-Camera-Assistant/product-reviews/B08R59YH7W/ref=cm_cr_dp_d_show_all_btm?ie=UTF8&reviewerType=all_reviews&pageNumber=19"
"Good cam","Way better than the v2 and don’t cost much more. The night vision “color” is not what they show in the picture so if you are dead set on color night vision it would be wise to not get your hopes up....but the night vision is miles above the v2 and you don’t have to buy anything additional to use them outside which makes them cheaper than the v2 if you plan on using them in this manner. Not a top tier security camera but I feel you get more than you pay for with this camera...good deal","01 Apr 2021","Style: Wyze Cam v3","","Yes","ZERO7677","5.0","Wyze Cam v3 with Color Night Vision, Wired 1080p HD Indoor/Outdoor Video Camera, 2-Way Audio, Works with Alexa, Google Assistant, and IFTTT","https://www.amazon.com/Vision-Indoor-Outdoor-Camera-Assistant/product-reviews/B08R59YH7W/ref=cm_cr_dp_d_show_all_btm?ie=UTF8&reviewerType=all_reviews&pageNumber=19"
"Junk","I ordered one bundle and 3 additional outdoor cameras. The battery on the first died within a day or so and the rest a week after. The batteries do not last even close to the advertised duration. I submitted a ticket weeks ago and have yet to receive a response. I also called the customer service number multiple times and couldn't get through (hung up on once). Wyze also censor reviews on their website. I tried to post twice and both were rejected.","27 May 2021","Style: Wyze Cam v3","","Yes","Jason Kopinski","1.0","Wyze Cam v3 with Color Night Vision, Wired 1080p HD Indoor/Outdoor Video Camera, 2-Way Audio, Works with Alexa, Google Assistant, and IFTTT","https://www.amazon.com/Vision-Indoor-Outdoor-Camera-Assistant/product-reviews/B08R59YH7W/ref=cm_cr_dp_d_show_all_btm?ie=UTF8&reviewerType=all_reviews&pageNumber=19"
"Good images. Lacks functionality without subscription fees.","Delivers great images in day and night conditions (better than many other cameras I've tried). Unfortunately, to use event notification (like motion detection), I would have to pay monthly subscription fees. Else, I have to manually scan through continuous recording to find an event.","04 May 2021","Style: Wyze Cam v3","https://images-na.ssl-images-amazon.com/images/I/81gxyaGmIlL._SY88.jpg
https://images-na.ssl-images-amazon.com/images/I/91j+pC1U8vL._SY88.jpg
https://images-na.ssl-images-amazon.com/images/I/91r-rTmAEJL._SY88.jpg","Yes","V. Williams","4.0","Wyze Cam v3 with Color Night Vision, Wired 1080p HD Indoor/Outdoor Video Camera, 2-Way Audio, Works with Alexa, Google Assistant, and IFTTT","https://www.amazon.com/Vision-Indoor-Outdoor-Camera-Assistant/product-reviews/B08R59YH7W/ref=cm_cr_dp_d_show_all_btm?ie=UTF8&reviewerType=all_reviews&pageNumber=19"
"Great product and value","These cameras are really great the motion detection works well. There is no better way to spend $29 for your home security then these cameras. The monitoring is smooth and the alerts can be tailored to your needs. I would suggest these to anyone who is looking for some sort of security. The only drawback is that these have to be plugged in but for $29 it is a great value and if you have the ability to plug the camera into an outlet then you will be very satisfied","25 May 2021","Style: Wyze Cam v3","","Yes","Allen","4.0","Wyze Cam v3 with Color Night Vision, Wired 1080p HD Indoor/Outdoor Video Camera, 2-Way Audio, Works with Alexa, Google Assistant, and IFTTT","https://www.amazon.com/Vision-Indoor-Outdoor-Camera-Assistant/product-reviews/B08R59YH7W/ref=cm_cr_dp_d_show_all_btm?ie=UTF8&reviewerType=all_reviews&pageNumber=19"
"You wont be disappointed, just need a black version","I was concerned with some of those negative reviews and it had me doubting the purchase. I took the risk, and WOW. I love this camera, I love everything about it, all its features, its size, its ease of use, its mounting options, EVERYTHING. I'm buying more for sure. 1 recommendation- offer the camera in all black (instead of just white) some of us would like the camera to be hidden, and a white camera just doesn't do that well in all scenarios.","10 Jun 2021","Style: Wyze Cam v3","","Yes","Gosford Lawrence","5.0","Wyze Cam v3 with Color Night Vision, Wired 1080p HD Indoor/Outdoor Video Camera, 2-Way Audio, Works with Alexa, Google Assistant, and IFTTT","https://www.amazon.com/Vision-Indoor-Outdoor-Camera-Assistant/product-reviews/B08R59YH7W/ref=cm_cr_dp_d_show_all_btm?ie=UTF8&reviewerType=all_reviews&pageNumber=19"
"So close yet so far away from perfect…","Product was awesome! The video quality, all the features, the alarm, everything but one thing… everything but the connection. I tried multiple locations, changing my router settings and nothing seemed to completely fix it. I went on a vacation and 5 hours into the vacation, it wouldn’t connect and for the 4 day vacation I had no security camera because it disconnected from the internet. If this camera didn’t have the connection issues, It would be a 10 out of a 5 star. But with a security camera, that is one thing you absolutely need it to do, is simply not worry about if it’s gonna work or not. Maybe a fix could be put a Ethernet input on the side of the camera?","03 Jun 2021","Style: Wyze Cam v3","","Yes","Amazon addict","2.0","Wyze Cam v3 with Color Night Vision, Wired 1080p HD Indoor/Outdoor Video Camera, 2-Way Audio, Works with Alexa, Google Assistant, and IFTTT","https://www.amazon.com/Vision-Indoor-Outdoor-Camera-Assistant/product-reviews/B08R59YH7W/ref=cm_cr_dp_d_show_all_btm?ie=UTF8&reviewerType=all_reviews&pageNumber=19"
"Works great but can't estimate long-term durability","I have several V2 cameras. The V3 is a clear step ahead.  I have 2 mounted under the eaves exposed to weather.  So far they are working perfectly. They use the same app as the V2.  I would like to see Wyze come up with an outdoor battery pack that the camera can be plugged into.","06 Apr 2021","Style: Wyze Cam v3","","Yes","TonyFmKaty","5.0","Wyze Cam v3 with Color Night Vision, Wired 1080p HD Indoor/Outdoor Video Camera, 2-Way Audio, Works with Alexa, Google Assistant, and IFTTT","https://www.amazon.com/Vision-Indoor-Outdoor-Camera-Assistant/product-reviews/B08R59YH7W/ref=cm_cr_dp_d_show_all_btm?ie=UTF8&reviewerType=all_reviews&pageNumber=19"
"Another good product by Wyze. Don't but the outdoor bundle.","Great camera. Works great on motion and person detection. 14 day free trial on cam plus witch is a must need. Still have the 32gb SD card from Wyze to keep storage internal if you don't want to pay for the subscription. Well worth the money when its working but don't count on their poor customer and tech support. Slow when needed and mainly diagnosed by yourself or by utube videos. 5 stars for the camera and the value but 0 stars for their online customer support.","07 May 2021","Style: Wyze Cam v3","","Yes","Batman","5.0","Wyze Cam v3 with Color Night Vision, Wired 1080p HD Indoor/Outdoor Video Camera, 2-Way Audio, Works with Alexa, Google Assistant, and IFTTT","https://www.amazon.com/Vision-Indoor-Outdoor-Camera-Assistant/product-reviews/B08R59YH7W/ref=cm_cr_dp_d_show_all_btm?ie=UTF8&reviewerType=all_reviews&pageNumber=20"
"Cheap priced but not so good quality","For the price, it is perhaps the best cam you can buy. However, if you begin comparing it with the Nest or Ring or Arlo, wyze cams are like toys. I do not know how is it 1080p quality. Right after these, I bought the Arlo cams and difference is huge in the video quality. I would have still lived with the video quality but the Audio quality is average too with the wyze cams. So if you are looking for an economical camera, wyze may be the best! But if you can spend a bit more, I would suggest looking for Ring, Arlo or similar cams.","01 Apr 2021","Style: Wyze Cam v3","","Yes","Andyk","3.0","Wyze Cam v3 with Color Night Vision, Wired 1080p HD Indoor/Outdoor Video Camera, 2-Way Audio, Works with Alexa, Google Assistant, and IFTTT","https://www.amazon.com/Vision-Indoor-Outdoor-Camera-Assistant/product-reviews/B08R59YH7W/ref=cm_cr_dp_d_show_all_btm?ie=UTF8&reviewerType=all_reviews&pageNumber=20"
"Great product!","Great product! High picture quality, the night vision is so incredibly clear. The only reason I have it a 4 star is it's difficult to get the notifications set up. We still haven't figured that out. It was easy to set up and get running though. I love being able to check in on my puppies while I'm at work. Was very easy to mount to the wall as well! Overall I would recommend this to anyone as a good quality, cheap alternative to having safety cameras.","06 May 2021","Style: Wyze Cam v3","https://images-na.ssl-images-amazon.com/images/I/91hfDQihG7L._SY88.jpg
https://images-na.ssl-images-amazon.com/images/I/A1sjRk0hNaL._SY88.jpg","Yes","Kara Hunter","4.0","Wyze Cam v3 with Color Night Vision, Wired 1080p HD Indoor/Outdoor Video Camera, 2-Way Audio, Works with Alexa, Google Assistant, and IFTTT","https://www.amazon.com/Vision-Indoor-Outdoor-Camera-Assistant/product-reviews/B08R59YH7W/ref=cm_cr_dp_d_show_all_btm?ie=UTF8&reviewerType=all_reviews&pageNumber=20"
"Updated, now choppy, had to revert firmwaee","Edit: after a bit got clear instructions on how to fix things! Still a bit laggy sometimes but works, and got good support! I updated the camera to the lastest firmwares and things are very laggy. I tried to contact customer support who said to use a menu that doesn't exist in the app to revert the firmware. Pretty bummed, it used to work.","09 Jun 2021","Style: Wyze Cam v3","","Yes","Andrew","4.0","Wyze Cam v3 with Color Night Vision, Wired 1080p HD Indoor/Outdoor Video Camera, 2-Way Audio, Works with Alexa, Google Assistant, and IFTTT","https://www.amazon.com/Vision-Indoor-Outdoor-Camera-Assistant/product-reviews/B08R59YH7W/ref=cm_cr_dp_d_show_all_btm?ie=UTF8&reviewerType=all_reviews&pageNumber=20"
"The little camera that could","My initial disappointment that the v2 is now discontinued was quickly forgotten when I installed the v3 as an outdoor security camera. The image quality and detection of motion, faces, etc. easily surpass the v2, plus it survived several hail and thunder storms without issue, which the v2 couldn’t do without a case. Not only does it do better than its predecessor, it has also put the existing “pro grade” cameras to shame in every way.","28 May 2021","Style: Wyze Cam v3","","Yes","Saint-John Smythe","5.0","Wyze Cam v3 with Color Night Vision, Wired 1080p HD Indoor/Outdoor Video Camera, 2-Way Audio, Works with Alexa, Google Assistant, and IFTTT","https://www.amazon.com/Vision-Indoor-Outdoor-Camera-Assistant/product-reviews/B08R59YH7W/ref=cm_cr_dp_d_show_all_btm?ie=UTF8&reviewerType=all_reviews&pageNumber=20"
"An amazing and cheap option for feeling more secured","This was extremely easy to set up, honestly about 5 minutes. The app itself is also very simple, can't complain. I am still currently using their free 2 weeks of CAM PLUS, but I bought a 32GB FAT32 Class 10 micro card to allow for continuous(or events only) recording to be saved locally, because I don't want to pay for a subscription. The CAM PLUS seems to allow for differentiating vehicles and people, but personally I am okay with not having that distinction and just picking up all motion. I am on a budget and this camera seems to satisfy all my needs. The camera quality is good. It is wired for power, and wifi for live streaming (and cloud storage if you do get a subscription). If you want simplicity and are budget minded, then rate this among your options. This also does surprisingly well at night due to some night features with the lighting. Motion detecting is amazing. Catches people, cars, and bikes but not the leaves moving on my tree. You can set the sensitivity in the app (I use it at 50%). You can also do sound detection. I disabled this feature so I can't report on it's sensitivity, sorry.  This will help keep an eye on the drug dealers and rising crime that seems to be creeping up.","09 Jun 2021","Style: Wyze Cam v3","","Yes","ahmed m.","5.0","Wyze Cam v3 with Color Night Vision, Wired 1080p HD Indoor/Outdoor Video Camera, 2-Way Audio, Works with Alexa, Google Assistant, and IFTTT","https://www.amazon.com/Vision-Indoor-Outdoor-Camera-Assistant/product-reviews/B08R59YH7W/ref=cm_cr_dp_d_show_all_btm?ie=UTF8&reviewerType=all_reviews&pageNumber=20"
"Love Love Love these","I love these cameras and they are affordable. You can bye cam + for extra money but I don't really see much difference so it doesn't justify the extra cost for me if you have a micro memory card in the camera. Ive bought 3 and replaced 2 because of a lighting surge and the new ones are weather resistance. Ive also replaced all (11) of my smart plugs with wyze plugs because they just work and are affordable... Great custumer service also.","03 Jun 2021","Style: Wyze Cam v3","","Yes","william cutright","5.0","Wyze Cam v3 with Color Night Vision, Wired 1080p HD Indoor/Outdoor Video Camera, 2-Way Audio, Works with Alexa, Google Assistant, and IFTTT","https://www.amazon.com/Vision-Indoor-Outdoor-Camera-Assistant/product-reviews/B08R59YH7W/ref=cm_cr_dp_d_show_all_btm?ie=UTF8&reviewerType=all_reviews&pageNumber=20"
"Buying more. LOVE","Old camera vs new camera. Our old camera does not have audio and this one does. The night screen is better quality. The image is crisper all around. The app is easy to maneuver and I love the outdoor accessibility. We love our original wyze cameras too. I did buy longer cords because eventually I want to run the cables through the attic. The connection for the cords is very weather resistant. We are going to buy more for the whole house!","12 Apr 2021","Style: Wyze Cam v3","https://images-na.ssl-images-amazon.com/images/I/714NU9LMeCL._SY88.jpg
https://images-na.ssl-images-amazon.com/images/I/91G1geeWXsL._SY88.jpg","Yes","alexmarie63","5.0","Wyze Cam v3 with Color Night Vision, Wired 1080p HD Indoor/Outdoor Video Camera, 2-Way Audio, Works with Alexa, Google Assistant, and IFTTT","https://www.amazon.com/Vision-Indoor-Outdoor-Camera-Assistant/product-reviews/B08R59YH7W/ref=cm_cr_dp_d_show_all_btm?ie=UTF8&reviewerType=all_reviews&pageNumber=20"
"I'm a newb, I like it.","I like this little cam, I'm sitting here watching cars go by from my phone.  I had a bit of trouble today getting it connected, what I found for me was that maybe I got a little ahead in the steps of setting up.  Next time, when I get another one of these little jewels, I'll wait for each bit of instruction before I proceed to click or touch anything.  I'll do it in step order so the app gets what it needs to finish the setup correctly.","14 Apr 2021","Style: Wyze Cam v3","","Yes","Randy Slick","5.0","Wyze Cam v3 with Color Night Vision, Wired 1080p HD Indoor/Outdoor Video Camera, 2-Way Audio, Works with Alexa, Google Assistant, and IFTTT","https://www.amazon.com/Vision-Indoor-Outdoor-Camera-Assistant/product-reviews/B08R59YH7W/ref=cm_cr_dp_d_show_all_btm?ie=UTF8&reviewerType=all_reviews&pageNumber=20"
"Works good. Trabaja bien","Easy to set up, it is really fast compared to older generation, image is clear , and the siren is a plus. Muy contento","12 Mar 2021","Style: Wyze Cam v3","","Yes","romantico3pe","5.0","Wyze Cam v3 with Color Night Vision, Wired 1080p HD Indoor/Outdoor Video Camera, 2-Way Audio, Works with Alexa, Google Assistant, and IFTTT","https://www.amazon.com/Vision-Indoor-Outdoor-Camera-Assistant/product-reviews/B08R59YH7W/ref=cm_cr_dp_d_show_all_btm?ie=UTF8&reviewerType=all_reviews&pageNumber=20"
"Nice all around camera","Great camera but two shortcomings; the audio out of the camera and the short cable it comes with. The audio is way too low from the speaker. The cable is not long enough for a waterproof camera. The camera ends up being at just above my head (just under 6 feet) after routing the cable under the siding. So anyone wanting to steal the camera or the chip can easily reach it. Luckily third parties sell longer cables.","04 Jun 2021","Style: Wyze Cam v3","","Yes","Guy","4.0","Wyze Cam v3 with Color Night Vision, Wired 1080p HD Indoor/Outdoor Video Camera, 2-Way Audio, Works with Alexa, Google Assistant, and IFTTT","https://www.amazon.com/Vision-Indoor-Outdoor-Camera-Assistant/product-reviews/B08R59YH7W/ref=cm_cr_dp_d_show_all_btm?ie=UTF8&reviewerType=all_reviews&pageNumber=21"
"Connected and worked once. Now unable to connect. Tried everything I could find online.","It seemed to work great the first time. I unplugged it then replugged the power and now it won't connect. I've looked online for solutions and tried everything I could find: resetting, new memory card, different USB and more. Nothing works. Please help. I'll change the rating once there's a solution. update... the first camera I ordered started to work so I ordered a few more. Now the new ones are glitchy. One keeps flickering to a black screen.","25 May 2021","Style: Wyze Cam v3","","Yes","J.Jack","1.0","Wyze Cam v3 with Color Night Vision, Wired 1080p HD Indoor/Outdoor Video Camera, 2-Way Audio, Works with Alexa, Google Assistant, and IFTTT","https://www.amazon.com/Vision-Indoor-Outdoor-Camera-Assistant/product-reviews/B08R59YH7W/ref=cm_cr_dp_d_show_all_btm?ie=UTF8&reviewerType=all_reviews&pageNumber=21"
"Best Camera at this, and higher, price point","Bought to upgrade my v2 camera. Value: 10/10 - Ive tried many cameras. You won't get anything near this quality for anything near this price. Usefulness: 8/10 - Amazing picture quality and night vision is as good as advertised. Only complaint is motion detection is hit or miss when it in areas with a lot of movement. Even then... It does the job when it's most important (at night). Summary: Easy busy. I am getting more because the fact you can get 5 cameras of this quality for ~$100 in insane. No other value like it.","01 May 2021","Style: Wyze Cam v3","","Yes","Ryan","5.0","Wyze Cam v3 with Color Night Vision, Wired 1080p HD Indoor/Outdoor Video Camera, 2-Way Audio, Works with Alexa, Google Assistant, and IFTTT","https://www.amazon.com/Vision-Indoor-Outdoor-Camera-Assistant/product-reviews/B08R59YH7W/ref=cm_cr_dp_d_show_all_btm?ie=UTF8&reviewerType=all_reviews&pageNumber=21"
"great and inexpensive","These little cameras are great and a good low-cost solution to security. TO WYZE: Why not develop a version with a self-contained power supply that would screw right into an exterior security light fixture? Most of these exterior residential fixtures are double lamped. One lamp could be selectively removed and your little camera could be screwed right in with no wiring to be done. Of course the camera would need to rotate 180-360. AS","22 May 2021","Style: Wyze Cam v3","","Yes","James S.","5.0","Wyze Cam v3 with Color Night Vision, Wired 1080p HD Indoor/Outdoor Video Camera, 2-Way Audio, Works with Alexa, Google Assistant, and IFTTT","https://www.amazon.com/Vision-Indoor-Outdoor-Camera-Assistant/product-reviews/B08R59YH7W/ref=cm_cr_dp_d_show_all_btm?ie=UTF8&reviewerType=all_reviews&pageNumber=21"
"Night vision is impressive!","The first photo is my driveway at night from my v2 camera. The next photo is from the v3 camera at night. The third photo is a screen shot of playback of the night scene, it looks like daylight but it was a night shot! The difference in the night image quality is huge!! The neighbor yard lights made the night vision very low quality. But the new v3 camera in the same setting is just such a better quality image.","25 Apr 2021","Style: Wyze Cam v3","https://images-na.ssl-images-amazon.com/images/I/71d3I-6kJxL._SY88.jpg
https://images-na.ssl-images-amazon.com/images/I/81C3+GhiHRL._SY88.jpg
https://images-na.ssl-images-amazon.com/images/I/81LVYKpkHWL._SY88.jpg","Yes","JP Clark","4.0","Wyze Cam v3 with Color Night Vision, Wired 1080p HD Indoor/Outdoor Video Camera, 2-Way Audio, Works with Alexa, Google Assistant, and IFTTT","https://www.amazon.com/Vision-Indoor-Outdoor-Camera-Assistant/product-reviews/B08R59YH7W/ref=cm_cr_dp_d_show_all_btm?ie=UTF8&reviewerType=all_reviews&pageNumber=21"
"I did my research and selected Wyze! And im so glad.","I wanted the best product at the lowest price. I watched video comparisons between Blink, Ring and Wyze. I chose Wyze. I had it up and running in 5 mins and feel very good about this purchase. The video is clear and crisp. The camera has a speaker I can use to yell at my kids when they fight in the living room and all!!! I love it. It is perfect for my family and what we needed it for.","23 May 2021","Style: Wyze Cam v3","https://images-na.ssl-images-amazon.com/images/I/91poqUSLtmL._SY88.jpg","Yes","Amy S.","5.0","Wyze Cam v3 with Color Night Vision, Wired 1080p HD Indoor/Outdoor Video Camera, 2-Way Audio, Works with Alexa, Google Assistant, and IFTTT","https://www.amazon.com/Vision-Indoor-Outdoor-Camera-Assistant/product-reviews/B08R59YH7W/ref=cm_cr_dp_d_show_all_btm?ie=UTF8&reviewerType=all_reviews&pageNumber=21"
"I almost liked this camera!","The picture quality was excellent - including the night vision, and the recordings were pretty good too. However, yesterday the  video skipped the most important part of recording a car accident right in front of my house! Other than the couple of minutes that it missed, the before and after portions of the video were perfect. I'm not exactly sure how the 12sec clip works and what the ""cool down"" periods are but it doesn't do me any good if the continuous video really doesn't exist. (And I am also using an SD card, with the appropriate settings and I am still under the free trial period of Cam Plus.) I'll be returning this one, and trying a Ring Stick Up Camera instead.","19 Apr 2021","Style: Wyze Cam v3","","Yes","Toni123","2.0","Wyze Cam v3 with Color Night Vision, Wired 1080p HD Indoor/Outdoor Video Camera, 2-Way Audio, Works with Alexa, Google Assistant, and IFTTT","https://www.amazon.com/Vision-Indoor-Outdoor-Camera-Assistant/product-reviews/B08R59YH7W/ref=cm_cr_dp_d_show_all_btm?ie=UTF8&reviewerType=all_reviews&pageNumber=21"
"Great cameras, horrible software.","The cameras, when they work, are great. However, on the software side of things, it glitches all the time. I have a ""rule"" I created that doesn't work and I can't delete it. And Wyze ""customer support"" is no help. Also, I have 3 cameras, but only ONE of them is recognizing ""events"" (movement, sound) when it used to be all 3 recognizing them. So is it just a matter of time before the last one stops recognizing ""events"" too?","15 May 2021","Style: Wyze Cam v3","","Yes","Dan","3.0","Wyze Cam v3 with Color Night Vision, Wired 1080p HD Indoor/Outdoor Video Camera, 2-Way Audio, Works with Alexa, Google Assistant, and IFTTT","https://www.amazon.com/Vision-Indoor-Outdoor-Camera-Assistant/product-reviews/B08R59YH7W/ref=cm_cr_dp_d_show_all_btm?ie=UTF8&reviewerType=all_reviews&pageNumber=21"
"Super Easy & Works Great","I can’t believe how simple the camera is to set up, and the app works wonderfully as well. I’ve tried other cameras that wouldn’t connect to my wifi and I needed to return them, but this connected right away. No booster needed even though the unit is in the corner of the house furthest from the router, and on the other side of the garage. The picture quality is wonderful and very clear, the app is easy to use, and I can even set the motion detection area. The yearly fee is also very reasonable at $20 a year per camera.","04 May 2021","Style: Wyze Cam v3","","Yes","Jody","5.0","Wyze Cam v3 with Color Night Vision, Wired 1080p HD Indoor/Outdoor Video Camera, 2-Way Audio, Works with Alexa, Google Assistant, and IFTTT","https://www.amazon.com/Vision-Indoor-Outdoor-Camera-Assistant/product-reviews/B08R59YH7W/ref=cm_cr_dp_d_show_all_btm?ie=UTF8&reviewerType=all_reviews&pageNumber=21"
"It’s the stuff","Your browser does not support HTML5 video. Got the camera because I live in a fairly busy residential street in west la and although fairly safe there is the occasional mishap. I have to say the motion tracking is on point and the dynamic range is also shockingly good for this price point. Just put in a high endurance micro sd card so I don’t have to worry about it failing from constantly being written to","26 May 2021","Style: Wyze Cam v3","","Yes"," R M","5.0","Wyze Cam v3 with Color Night Vision, Wired 1080p HD Indoor/Outdoor Video Camera, 2-Way Audio, Works with Alexa, Google Assistant, and IFTTT","https://www.amazon.com/Vision-Indoor-Outdoor-Camera-Assistant/product-reviews/B08R59YH7W/ref=cm_cr_dp_d_show_all_btm?ie=UTF8&reviewerType=all_reviews&pageNumber=21"
"Almost there!","This is a much nicer security camera than the one (Amcrest Pro) that I replaced. The reason I only gave it 4 stars is because of the following: Cannot adjust the camera from the app. Cannot view it from your computer, only the app. Positives: Compared to the Amcrest, setting this up was a walk in the park. Overall, I would buy this again as well as adding additional cameras to this setup.","28 Apr 2021","Style: Wyze Cam v3","","Yes","PAL","4.0","Wyze Cam v3 with Color Night Vision, Wired 1080p HD Indoor/Outdoor Video Camera, 2-Way Audio, Works with Alexa, Google Assistant, and IFTTT","https://www.amazon.com/Vision-Indoor-Outdoor-Camera-Assistant/product-reviews/B08R59YH7W/ref=cm_cr_dp_d_show_all_btm?ie=UTF8&reviewerType=all_reviews&pageNumber=22"
"The product disappointed me.","I use security cameras from YI and I haven't had any problem with them. I wanted to try something new with better video resolution and Wyze Cam V3 seemed to me like the right choice. But the camera had many problems; with the connection, didn't record video on a micro SD card, etc. The worst part was that the Wyze app was crashing my iPhone ( I had the the latest update). The product disappointed me. The product disappointed me. You may be lucky and it will work for you, but I no longer want to waste my time with this product.","20 Apr 2021","Style: Wyze Cam v3","","Yes","I.S.","1.0","Wyze Cam v3 with Color Night Vision, Wired 1080p HD Indoor/Outdoor Video Camera, 2-Way Audio, Works with Alexa, Google Assistant, and IFTTT","https://www.amazon.com/Vision-Indoor-Outdoor-Camera-Assistant/product-reviews/B08R59YH7W/ref=cm_cr_dp_d_show_all_btm?ie=UTF8&reviewerType=all_reviews&pageNumber=22"
"Using on our RV","We use these to cover the left, right and rear of our RV, and then have a hardwired dash cam for the front. They are waterproof, cheap, small, the picture is clear, especially at night (ESPECIALLY for under $35!) and you won't find better value. Just pick a few up, along with a 3 pack of SD cards for $20, you won't regret it.","19 May 2021","Style: Wyze Cam v3","","Yes","Private User","5.0","Wyze Cam v3 with Color Night Vision, Wired 1080p HD Indoor/Outdoor Video Camera, 2-Way Audio, Works with Alexa, Google Assistant, and IFTTT","https://www.amazon.com/Vision-Indoor-Outdoor-Camera-Assistant/product-reviews/B08R59YH7W/ref=cm_cr_dp_d_show_all_btm?ie=UTF8&reviewerType=all_reviews&pageNumber=22"
"DANGEROUS. App locks up your phone! You can't do anything, not even turn it off!!","This is the first time in 10 years I've had an app actually LOCK UP MY PHONE. To where I can't use my phone, I can't even turn off my phone. The Wyze app is so buggy and slow that it also causes ""System UI has stopped responding"" errors as well. While this camera and app are slightly superior to other chinese junk out there, they are still buggy, slow, and include incomprehensible and poorly explained UI controls. Motion detection setup is trial and error, leaning on the ""error"" side. Notifications do not trigger reliably. This sort of product buggyness occurs when the people developing the software and hardware rely very heavily on outsourced low level development instead of doing it in-house. Things become so bloated and confusing even they can't figure it out.","12 Apr 2021","Style: Wyze Cam v3","","Yes","ALL LIVES MATTER","2.0","Wyze Cam v3 with Color Night Vision, Wired 1080p HD Indoor/Outdoor Video Camera, 2-Way Audio, Works with Alexa, Google Assistant, and IFTTT","https://www.amazon.com/Vision-Indoor-Outdoor-Camera-Assistant/product-reviews/B08R59YH7W/ref=cm_cr_dp_d_show_all_btm?ie=UTF8&reviewerType=all_reviews&pageNumber=22"
"Love This Camera!!!","I've tried using a couple different cameras, even using old cell phones. And this camera I think is Great! I actually have been thinking about getting another one. Day, Night, this camera delivers! Turned off all the lights, made the room Totally Dark, and the cameras night mode kicks in, and you can see Everything! I have a 32gb micro sd card installed, which records several days of constantly recording. I paid for a year of service through the Wyze App for $15. I have No Complaints! If you want a Security Camera for anything, without paying $100 or more, Definitely get this!","30 May 2021","Style: Wyze Cam v3","","Yes","KeizerRay","5.0","Wyze Cam v3 with Color Night Vision, Wired 1080p HD Indoor/Outdoor Video Camera, 2-Way Audio, Works with Alexa, Google Assistant, and IFTTT","https://www.amazon.com/Vision-Indoor-Outdoor-Camera-Assistant/product-reviews/B08R59YH7W/ref=cm_cr_dp_d_show_all_btm?ie=UTF8&reviewerType=all_reviews&pageNumber=22"
"Nothing Matches the Wyze System for the price!","Great value, easy set up, high quality video security. My only wish would be for a desktop app so that I could view from a large monitor or TV instead of only a SmartPhone via the Wyze app. Otherwise a solid system. The ability to gather plenty of available light through the tiny sensors at night allows use in regular mode instead of the night vision mode for much easier identification of suspicious persons!","15 Apr 2021","Style: Wyze Cam v3","","Yes","Rick","5.0","Wyze Cam v3 with Color Night Vision, Wired 1080p HD Indoor/Outdoor Video Camera, 2-Way Audio, Works with Alexa, Google Assistant, and IFTTT","https://www.amazon.com/Vision-Indoor-Outdoor-Camera-Assistant/product-reviews/B08R59YH7W/ref=cm_cr_dp_d_show_all_btm?ie=UTF8&reviewerType=all_reviews&pageNumber=22"
"Tried one, like to very much, purchased two more.","I had my doubts, I've known about them for years and years. I first started with her cheap $5 plugs that had on at The Big box store and then why not I'll try the cameras. My cheap ipcam that was $60 plus died and I needed a replacement.  I try it out the first one liked it very much, but another and later another. Hands down this is very inexpensive and high quality for the price.","12 Jun 2021","Style: Wyze Cam v3","","Yes","Enigma Networks","5.0","Wyze Cam v3 with Color Night Vision, Wired 1080p HD Indoor/Outdoor Video Camera, 2-Way Audio, Works with Alexa, Google Assistant, and IFTTT","https://www.amazon.com/Vision-Indoor-Outdoor-Camera-Assistant/product-reviews/B08R59YH7W/ref=cm_cr_dp_d_show_all_btm?ie=UTF8&reviewerType=all_reviews&pageNumber=22"
"High quality on a budget. An industry disrupter.","I bought 2. One overlooking the front sidewalk and the other in the backyard. Compared to my much more expensive Arlo 3 camera system, this one holds it's own with picture quality, wide view and night vision. The ability to add a micro SD to the Wyze camera is a big plus for a lot less. I've purchased many Wyze plugs, bulbs, cameras, etc. as gifts because I'm so impressed with the quality for the price.","10 May 2021","Style: Wyze Cam v3","https://images-na.ssl-images-amazon.com/images/I/91XLOTvAH7L._SY88.jpg
https://images-na.ssl-images-amazon.com/images/I/A1h4sBpAXfL._SY88.jpg","Yes","kingdove","5.0","Wyze Cam v3 with Color Night Vision, Wired 1080p HD Indoor/Outdoor Video Camera, 2-Way Audio, Works with Alexa, Google Assistant, and IFTTT","https://www.amazon.com/Vision-Indoor-Outdoor-Camera-Assistant/product-reviews/B08R59YH7W/ref=cm_cr_dp_d_show_all_btm?ie=UTF8&reviewerType=all_reviews&pageNumber=22"
"Great quality","Product: Great quality Thanks to the people who leave good reviews here with a step-by-step of how to set up the night vision because they are right, honestly, you don't read the steps in the manual that comes with the product. And their customer service contact number is so hard to reach. Also, I did the cam plus subscription in their app but couldn't even figure out how to use it because there is nothing to read about in it. It says I have to buy a new camera through their app to be able to activate the cam plus? But I already have 3 in the house. But other than that, the picture quality is great. Night vision is great as long as it is off. Motion detection is great and audio too. I can actually talk back in forth through the camera to my kids and my dogs.","04 May 2021","Style: Wyze Cam v3","","Yes","Sylvia Woods","4.0","Wyze Cam v3 with Color Night Vision, Wired 1080p HD Indoor/Outdoor Video Camera, 2-Way Audio, Works with Alexa, Google Assistant, and IFTTT","https://www.amazon.com/Vision-Indoor-Outdoor-Camera-Assistant/product-reviews/B08R59YH7W/ref=cm_cr_dp_d_show_all_btm?ie=UTF8&reviewerType=all_reviews&pageNumber=22"
"What a remarkable upgrade","I have used WYZE security cameras for a couple of years. Compared to the 'last generation', the optics on the V3 Wyze Cam are really, really excellent (and the earlier version wasn't bad!).  Night vision/rendering is the aspect that is most impressive.  V3 is still comparatively a bargain. WYZE is making a big push on cloud storage of data (a good idea . .  and offered at an attractive price point.).","16 May 2021","Style: Wyze Cam v3","","Yes","Rock of Ages","5.0","Wyze Cam v3 with Color Night Vision, Wired 1080p HD Indoor/Outdoor Video Camera, 2-Way Audio, Works with Alexa, Google Assistant, and IFTTT","https://www.amazon.com/Vision-Indoor-Outdoor-Camera-Assistant/product-reviews/B08R59YH7W/ref=cm_cr_dp_d_show_all_btm?ie=UTF8&reviewerType=all_reviews&pageNumber=22"
"Sub-par camera with totally non-existent customer support.","It is all but impossible to get this camera to live stream. Even after following the recommendation to downgrade its resolution to 360p (which kind of defeats having an HD camera in the first place), the live stream bit rate invariably starts at a low 14 KB/s (when it actually connects) before dropping to 0.0 within a handful of seconds. Other than that, the motion detection sensors are good at being triggered by flying bugs at night but that's about it. I can do cartwheels in my yard and nothing gets recorded. I've submitted two tickets to customer support over the past 3 weeks but have yet to hear back from Wyze (other than receiving an automatic reply saying that they'll get back to me as soon as possible). Very disappointed...","21 Apr 2021","Style: Wyze Cam v3","","Yes","Globetrotter","1.0","Wyze Cam v3 with Color Night Vision, Wired 1080p HD Indoor/Outdoor Video Camera, 2-Way Audio, Works with Alexa, Google Assistant, and IFTTT","https://www.amazon.com/Vision-Indoor-Outdoor-Camera-Assistant/product-reviews/B08R59YH7W/ref=cm_cr_dp_d_show_all_btm?ie=UTF8&reviewerType=all_reviews&pageNumber=23"
"Not able to be powered outside","HIGHLY DISAPPOINTED! I ordered this camera as it is advertised “indoor & outdoor”. What they don’t advertise is that it only comes with an “indoor power adaptor” and Wyze does not sell a weather resistant adaptor.","17 Apr 2021","Style: Wyze Cam v3","","Yes","Stacey Joan","1.0","Wyze Cam v3 with Color Night Vision, Wired 1080p HD Indoor/Outdoor Video Camera, 2-Way Audio, Works with Alexa, Google Assistant, and IFTTT","https://www.amazon.com/Vision-Indoor-Outdoor-Camera-Assistant/product-reviews/B08R59YH7W/ref=cm_cr_dp_d_show_all_btm?ie=UTF8&reviewerType=all_reviews&pageNumber=23"
"SIMPLY THE BEST IN ITS CLASS",">  I'm very pleased, maybe even astounded, at all this camera offers for the price. I've used it with the supplied voltage converter (110VAC to 5VDC) and with a 5VDC battery, and it works well both ways. I've used it indoors and out (but protected from rain), and with various lighting, and it continues to satisfy. >  We're likewise impressed with the feature-rich app. Very satisfied.","08 Jun 2021","Style: Wyze Cam v3","","Yes","GLB","5.0","Wyze Cam v3 with Color Night Vision, Wired 1080p HD Indoor/Outdoor Video Camera, 2-Way Audio, Works with Alexa, Google Assistant, and IFTTT","https://www.amazon.com/Vision-Indoor-Outdoor-Camera-Assistant/product-reviews/B08R59YH7W/ref=cm_cr_dp_d_show_all_btm?ie=UTF8&reviewerType=all_reviews&pageNumber=23"
"The best camera at this price","This is the absolute nest camera Wyze has up to this date. I didn't really believe the color night vision, but they did it. I bought 1 from Amazon because they could get it to me next day, but I will be ordering 3 or 4 more directly from Wyze now. I just wanted to see if the hype on Wyze was real and it definitely is. I have a few different brand cameras at home, big names, and this is the best hands down.","09 Apr 2021","Style: Wyze Cam v3","","Yes","Kamelia Forrester","5.0","Wyze Cam v3 with Color Night Vision, Wired 1080p HD Indoor/Outdoor Video Camera, 2-Way Audio, Works with Alexa, Google Assistant, and IFTTT","https://www.amazon.com/Vision-Indoor-Outdoor-Camera-Assistant/product-reviews/B08R59YH7W/ref=cm_cr_dp_d_show_all_btm?ie=UTF8&reviewerType=all_reviews&pageNumber=23"
"Continuous Recording on SD Card amazing...","Camera works great. Main reason we purchase this particular model because of Continuous Recording on SD Card... We research and purchase a few cameras and the continuous recording is none excistent. Had return a few because sellers lie and recording is done on a cloud service... Recorde great day and night. The only thing that is just horrible is sound other than that quality and price is just great...","16 Apr 2021","Style: Wyze Cam v3","","Yes","Cristobal L.","4.0","Wyze Cam v3 with Color Night Vision, Wired 1080p HD Indoor/Outdoor Video Camera, 2-Way Audio, Works with Alexa, Google Assistant, and IFTTT","https://www.amazon.com/Vision-Indoor-Outdoor-Camera-Assistant/product-reviews/B08R59YH7W/ref=cm_cr_dp_d_show_all_btm?ie=UTF8&reviewerType=all_reviews&pageNumber=23"
"Hardware upgraded from V2. Software very much downgraded","I have been using a V2 since forever and it works great Not just for the price, it works great overall I use it for RTSP streams However V3 stopped supporting RTSP. I am very disapointed at this. However the hardware is very much upgraded compared to V2, its clearer and more sharp, however without RTSP this is not that useful to me. I know RTSP is a very small part of the market, however if someone is going to use RTSP he is not going to pay for any cloud base product ever. By disabling RTSP you will only use a customer and not gain a cloud base customer. I hope the hardware makers realize this.","14 Apr 2021","Style: Wyze Cam v3","","Yes","Aaron K.","3.0","Wyze Cam v3 with Color Night Vision, Wired 1080p HD Indoor/Outdoor Video Camera, 2-Way Audio, Works with Alexa, Google Assistant, and IFTTT","https://www.amazon.com/Vision-Indoor-Outdoor-Camera-Assistant/product-reviews/B08R59YH7W/ref=cm_cr_dp_d_show_all_btm?ie=UTF8&reviewerType=all_reviews&pageNumber=23"
"Terrible sound - Bad static audio","I really wanted to love the new V3 cam which is pretty good in its video features but it's TERRIBLE in the audio side. It is impossible to understand anything said. Many other people commented about this problem already. If they can fix it by a firmware update that's great but if it is hardware related it might not be able to be fixed. Very disappointing! I plan on returning 3 of the 4 cams I purchased until they fix this problem. For now it's a useless cam to me.","02 Apr 2021","Style: Wyze Cam v3","","Yes","Al","2.0","Wyze Cam v3 with Color Night Vision, Wired 1080p HD Indoor/Outdoor Video Camera, 2-Way Audio, Works with Alexa, Google Assistant, and IFTTT","https://www.amazon.com/Vision-Indoor-Outdoor-Camera-Assistant/product-reviews/B08R59YH7W/ref=cm_cr_dp_d_show_all_btm?ie=UTF8&reviewerType=all_reviews&pageNumber=23"
"Works very well for the money.","Great inexpensive camera, easy to set up and  install.  Good picture quality and motion detection works fairly well.  Video playback has some limitations, cannot speed up playback nor review on a PC.  Subscribership gives more features if you trust the site.  Can store on local SD as I do, and don't subscribe.  Wish it had a longer power cord.  The night IR light could be better.","31 May 2021","Style: Wyze Cam v3","","Yes","Indy W.","5.0","Wyze Cam v3 with Color Night Vision, Wired 1080p HD Indoor/Outdoor Video Camera, 2-Way Audio, Works with Alexa, Google Assistant, and IFTTT","https://www.amazon.com/Vision-Indoor-Outdoor-Camera-Assistant/product-reviews/B08R59YH7W/ref=cm_cr_dp_d_show_all_btm?ie=UTF8&reviewerType=all_reviews&pageNumber=23"
"Video is great,  Volume not so much","I was all excited to receive this product and after installing it, I was very happy with the video, so clear and sharp whether day or night.  However, the volume is very very low.  No one could ever hear us when talking to them.  If you don't need the 2 way communication then this is the product for you, however, if you do need communication, I would look elsewhere, this won't do!","14 May 2021","Style: Wyze Cam v3","","Yes","M. Fletcher","4.0","Wyze Cam v3 with Color Night Vision, Wired 1080p HD Indoor/Outdoor Video Camera, 2-Way Audio, Works with Alexa, Google Assistant, and IFTTT","https://www.amazon.com/Vision-Indoor-Outdoor-Camera-Assistant/product-reviews/B08R59YH7W/ref=cm_cr_dp_d_show_all_btm?ie=UTF8&reviewerType=all_reviews&pageNumber=23"
"Can't do better for the price~~~","I love the camera.  It works off of an app.  I am finding the app is a little confusing and difficult to maneuver.  There is a way to show detection for motion and person or motion or person.  This is so useful.  I don't need to know when every car passes by my house.  Definitely recommend.  P.S.  I use my camera from a window (I took the screen out.) and it still works beautifully.","14 Apr 2021","Style: Wyze Cam v3","","Yes","joycefl6","5.0","Wyze Cam v3 with Color Night Vision, Wired 1080p HD Indoor/Outdoor Video Camera, 2-Way Audio, Works with Alexa, Google Assistant, and IFTTT","https://www.amazon.com/Vision-Indoor-Outdoor-Camera-Assistant/product-reviews/B08R59YH7W/ref=cm_cr_dp_d_show_all_btm?ie=UTF8&reviewerType=all_reviews&pageNumber=23"
"Completely Worth the Upgrade","I replaced all three of my version 2 Wyze cams with version 3. Not only did I notice a definite quality improvement on day time picture quality, wider angle of view, but the night time quality of the picture is so outstanding that the upgrade is worth it based on this feature alone. Connecting to Wifi is also greatly improved. Overall, just an outstanding product for such a small price. Thanks Wyze!","26 Mar 2021","Style: Wyze Cam v3","https://images-na.ssl-images-amazon.com/images/I/81EF0B-+xgL._SY88.jpg
https://images-na.ssl-images-amazon.com/images/I/81rMQFSWsBL._SY88.jpg","Yes","hongrn","5.0","Wyze Cam v3 with Color Night Vision, Wired 1080p HD Indoor/Outdoor Video Camera, 2-Way Audio, Works with Alexa, Google Assistant, and IFTTT","https://www.amazon.com/Vision-Indoor-Outdoor-Camera-Assistant/product-reviews/B08R59YH7W/ref=cm_cr_dp_d_show_all_btm?ie=UTF8&reviewerType=all_reviews&pageNumber=24"
"Make sure you got what you ordered. Probably Not the sellers fault","The Box said the camera was a new wyze 3 but inside was an old wyze 2 camera. The cameras were used. The SD slot was melted and burnt. I ordered two cameras and BOTH of them were like this. I can't upload a picture with my review for some reason. I don't understand getting two old used broken cameras when I ordered new ones. All I can think of is somebody returned them and put their old one in. Pretty crappy of somebody. Maybe not the sellers fault but are these not checked whenever they are returned? Amazon and the sellers need to protect themselves and potential buyers by checking returns. If I had not known what a Wyze 3 camera should look like I would have been trying to set these up which would have been even more frustrating for somebody.","11 May 2021","Style: Wyze Cam v3","","Yes","hmariewv","1.0","Wyze Cam v3 with Color Night Vision, Wired 1080p HD Indoor/Outdoor Video Camera, 2-Way Audio, Works with Alexa, Google Assistant, and IFTTT","https://www.amazon.com/Vision-Indoor-Outdoor-Camera-Assistant/product-reviews/B08R59YH7W/ref=cm_cr_dp_d_show_all_btm?ie=UTF8&reviewerType=all_reviews&pageNumber=24"
"buy them","got these immediately after someone riffled through my car outside my home. we already owned the wizen 360 cameras for inside but I was excited to try these new v3 ones. holy crap. how can they make these for so cheap?? they are amazing. so easy to connect and I got 128gb sd cards. it records motion but I can go back days with the memory card installed. so impressed. thank you!!!","12 Apr 2021","Style: Wyze Cam v3","","Yes","Alid","5.0","Wyze Cam v3 with Color Night Vision, Wired 1080p HD Indoor/Outdoor Video Camera, 2-Way Audio, Works with Alexa, Google Assistant, and IFTTT","https://www.amazon.com/Vision-Indoor-Outdoor-Camera-Assistant/product-reviews/B08R59YH7W/ref=cm_cr_dp_d_show_all_btm?ie=UTF8&reviewerType=all_reviews&pageNumber=24"
"Would buy MORE of these!","I am overly pleased with this purchase. For a $30 camera I get the same quality that I could get with a $200 camera. It works perfectly fine indoors and outdoors. The night vision is ridiculously clear. I get notifications however I want them. Definitely need to purchase the SD card!! I can talk to my delivery people and ask them to put the package where it belongs  or I can mess around with my girls while I’m working. I can also turn on a frightening alarm if there is someone I don’t wish to have in front of my apartment! Let’s just say I will be buying more of these for inside my home!!","16 May 2021","Style: Wyze Cam v3","","Yes","Alisha Jenkins","5.0","Wyze Cam v3 with Color Night Vision, Wired 1080p HD Indoor/Outdoor Video Camera, 2-Way Audio, Works with Alexa, Google Assistant, and IFTTT","https://www.amazon.com/Vision-Indoor-Outdoor-Camera-Assistant/product-reviews/B08R59YH7W/ref=cm_cr_dp_d_show_all_btm?ie=UTF8&reviewerType=all_reviews&pageNumber=24"
"Just another piece of made in china crap","Only live feed works. It does not record anything to either sd card or the cloud. In fact, it does not even recognize the sd card. Yes, I tried multiple brand new sd cards, and the camera read none of them. Even the live feed buffers on HD and SD. It is kind of smooth on 360P but everything is blurry with that quality. Very disappointed. I do not know how this crap got such a high rating.","26 May 2021","Style: Wyze Cam v3","","Yes","CheapLabor","1.0","Wyze Cam v3 with Color Night Vision, Wired 1080p HD Indoor/Outdoor Video Camera, 2-Way Audio, Works with Alexa, Google Assistant, and IFTTT","https://www.amazon.com/Vision-Indoor-Outdoor-Camera-Assistant/product-reviews/B08R59YH7W/ref=cm_cr_dp_d_show_all_btm?ie=UTF8&reviewerType=all_reviews&pageNumber=24"
"Worth every penny.","All I can say is WOW!  Our camera system finally died after about 7 years. Our son recommended this camera. He actually bought one to see if we liked it. We did. We bought 3 more the next day. They are fantastic!  The price is unbelievable. It was easy to program and install. The clarity is the sharpest I’ve seen, including night vision. You won’t be disappointed if you get the v3. We will be adding 2 more soon.","03 May 2021","Style: Wyze Cam v3","","Yes","Brenda S.","5.0","Wyze Cam v3 with Color Night Vision, Wired 1080p HD Indoor/Outdoor Video Camera, 2-Way Audio, Works with Alexa, Google Assistant, and IFTTT","https://www.amazon.com/Vision-Indoor-Outdoor-Camera-Assistant/product-reviews/B08R59YH7W/ref=cm_cr_dp_d_show_all_btm?ie=UTF8&reviewerType=all_reviews&pageNumber=24"
"Nice, sharp, clear images in daytime+nighttime","The daytime pictures are excellent and the nighttime visions/views are super quality. I just received 2 cameras today and were surprised to find that the pictures were so clear - better than any camera I have had. I am ordering 2 more for my back door. Note: set up your wifi with a 2.4MHz separately and it will work - image just like my picture (With tagline Wyze cut-off in real time).","21 Mar 2021","Style: Wyze Cam v3","","Yes","No-Fake-Reviews","5.0","Wyze Cam v3 with Color Night Vision, Wired 1080p HD Indoor/Outdoor Video Camera, 2-Way Audio, Works with Alexa, Google Assistant, and IFTTT","https://www.amazon.com/Vision-Indoor-Outdoor-Camera-Assistant/product-reviews/B08R59YH7W/ref=cm_cr_dp_d_show_all_btm?ie=UTF8&reviewerType=all_reviews&pageNumber=24"
"Potentially awesome, but horrible audio quality","Ok the software on these is awesome, the app is fantastic, continuous recording is great, picture quality is great, build quality is great, price is right, but the audio absolutely SUCKS! This camera has so much potential, but they missed the mark on the audio. It's extremely muffled and unusuable. Had to return all 9 cameras I ordered. The EUFY cameras I ordered are way better.","28 Apr 2021","Style: Wyze Cam v3","","Yes","fordguy2013","3.0","Wyze Cam v3 with Color Night Vision, Wired 1080p HD Indoor/Outdoor Video Camera, 2-Way Audio, Works with Alexa, Google Assistant, and IFTTT","https://www.amazon.com/Vision-Indoor-Outdoor-Camera-Assistant/product-reviews/B08R59YH7W/ref=cm_cr_dp_d_show_all_btm?ie=UTF8&reviewerType=all_reviews&pageNumber=24"
"Works as advertised","Nice improvement over the V2, which I'm still using and also works well.  Night vision works really well in my garage.  I talked to my son through the camera while we are on a trip over 3,000 miles away... worked fine.","31 May 2021","Style: Wyze Cam v3","","Yes","Douglas Porter","5.0","Wyze Cam v3 with Color Night Vision, Wired 1080p HD Indoor/Outdoor Video Camera, 2-Way Audio, Works with Alexa, Google Assistant, and IFTTT","https://www.amazon.com/Vision-Indoor-Outdoor-Camera-Assistant/product-reviews/B08R59YH7W/ref=cm_cr_dp_d_show_all_btm?ie=UTF8&reviewerType=all_reviews&pageNumber=24"
"Missing parts","Product works exactly as described (which I was only able to test after I received a new camera due to missing parts). Original product arrived without the USB cable, indoor power adapter, wall plate, mounting tape, and screw kit - which are listed as included on the box and inside the quick start guide. When I attempted to return the product, the Amazon customer representative tried to convince me that the above mentioned items did not come with product. Original product I received was clearly not new but was a customer return being sold as new.","20 May 2021","Style: Wyze Cam v3","","Yes","Art","3.0","Wyze Cam v3 with Color Night Vision, Wired 1080p HD Indoor/Outdoor Video Camera, 2-Way Audio, Works with Alexa, Google Assistant, and IFTTT","https://www.amazon.com/Vision-Indoor-Outdoor-Camera-Assistant/product-reviews/B08R59YH7W/ref=cm_cr_dp_d_show_all_btm?ie=UTF8&reviewerType=all_reviews&pageNumber=24"
"Good when it works.","I like their cams, despite the old ones having sensors that would become all but useless after a few years.  I replaced 3 with V3 versions.  Excellent picture quality.  However, one of the three would not connect by QR code, so I returned it.  Now the replacement is here and it won’t even boot up.  Says it passed QC on the box.  50% defective rate right now for me...","18 May 2021","Style: Wyze Cam v3","","Yes","J. Dryer","2.0","Wyze Cam v3 with Color Night Vision, Wired 1080p HD Indoor/Outdoor Video Camera, 2-Way Audio, Works with Alexa, Google Assistant, and IFTTT","https://www.amazon.com/Vision-Indoor-Outdoor-Camera-Assistant/product-reviews/B08R59YH7W/ref=cm_cr_dp_d_show_all_btm?ie=UTF8&reviewerType=all_reviews&pageNumber=25"
"Great low light performance camera","I like the V2 but love the V3. V3 has much better low light performance and I use them thru the window with no issues. Be sure to turn off the IR illumination and the status light to eliminate reflections off the glass. I have been replacing my D-Link cameras with these. I do wish they were easier to use with a computer or my other surveillance system recorder.","13 Apr 2021","Style: Wyze Cam v3","","Yes","mchipguru","5.0","Wyze Cam v3 with Color Night Vision, Wired 1080p HD Indoor/Outdoor Video Camera, 2-Way Audio, Works with Alexa, Google Assistant, and IFTTT","https://www.amazon.com/Vision-Indoor-Outdoor-Camera-Assistant/product-reviews/B08R59YH7W/ref=cm_cr_dp_d_show_all_btm?ie=UTF8&reviewerType=all_reviews&pageNumber=25"
"Overall worth it","After getting this camera, I wasn’t able to keep connection to my WiFi. Amazon support sent me to Wyze customer service. He talked me through my problem, and ultimately had to send me a new one. Process took a bit, but the replacement works exactly right. The camera picks up on so much movement that I needed to dial the notifications back. Good problems. I would be willing to go further and connect more cameras. Quality is good.","02 May 2021","Style: Wyze Cam v3","","Yes","Amazon Customer","4.0","Wyze Cam v3 with Color Night Vision, Wired 1080p HD Indoor/Outdoor Video Camera, 2-Way Audio, Works with Alexa, Google Assistant, and IFTTT","https://www.amazon.com/Vision-Indoor-Outdoor-Camera-Assistant/product-reviews/B08R59YH7W/ref=cm_cr_dp_d_show_all_btm?ie=UTF8&reviewerType=all_reviews&pageNumber=25"
"Great value","I bought two of the v3 Wyze Cams. They're both great. I did notice the detection zone on one is a resizable square/rectangle and the other lets you select smaller squares to create a custom shaped detection zone even though they're both labeled as v3. Not a big deal to me though. Records 12 second events of motion if you put a micro SD card in (32Gb recommended), will do longer if you pay for the cloud service which is about $20 per camera per year (still not bad compared to competitors. Also needs to be mounted upright or upside down as the image can be set to 0° or 180°, it currently can't rotate 90°. Works well in dark rooms.","06 Jun 2021","Style: Wyze Cam v3","","Yes","Amazon Customer","5.0","Wyze Cam v3 with Color Night Vision, Wired 1080p HD Indoor/Outdoor Video Camera, 2-Way Audio, Works with Alexa, Google Assistant, and IFTTT","https://www.amazon.com/Vision-Indoor-Outdoor-Camera-Assistant/product-reviews/B08R59YH7W/ref=cm_cr_dp_d_show_all_btm?ie=UTF8&reviewerType=all_reviews&pageNumber=25"
"Can't connect, even after scanning. Update.","UPDATE: Turned on and went through setup steps. Frustrating many steps after login and purchase subscription, I didn't buy the 24/7 security program as I don't need it. Took me over an hour of putzing before it worked right. Hint: Leave house, turn the app on the phone, hit picture to turn on. Turn off by turning off app. So far it works, tomorrow who knows?","11 Apr 2021","Style: Wyze Cam v3","","Yes","myke jeffers","4.0","Wyze Cam v3 with Color Night Vision, Wired 1080p HD Indoor/Outdoor Video Camera, 2-Way Audio, Works with Alexa, Google Assistant, and IFTTT","https://www.amazon.com/Vision-Indoor-Outdoor-Camera-Assistant/product-reviews/B08R59YH7W/ref=cm_cr_dp_d_show_all_btm?ie=UTF8&reviewerType=all_reviews&pageNumber=25"
"Their best yet!","I have an indoor Wyze Cam, and Outdoor Wyze Cam, and now the v3. I love the color night vision and the fact that it is capable of night vision. I put in a 32G memory card and now I can see all the video history. I have an outdoor NEST Cam next to the Wyze Cam, and the resolution of the Wyze Cam is better than the NEST - all for a fraction of the price!","10 Jun 2021","Style: Wyze Cam v3","","Yes","Max Too","5.0","Wyze Cam v3 with Color Night Vision, Wired 1080p HD Indoor/Outdoor Video Camera, 2-Way Audio, Works with Alexa, Google Assistant, and IFTTT","https://www.amazon.com/Vision-Indoor-Outdoor-Camera-Assistant/product-reviews/B08R59YH7W/ref=cm_cr_dp_d_show_all_btm?ie=UTF8&reviewerType=all_reviews&pageNumber=25"
"Overall great!","I was recommended the Wyze camera's and I LOVE them. I have a ring doorbell and the Wyze cameras are so much better. The quality is fantastic! The images are clear, even when you zoom in. The only thing I wish was  better was the notification time between the sound or motion and the alert to your phone. There's about a 12 second delay but other than that it's great.","15 Apr 2021","Style: Wyze Cam v3","","Yes","Breanna Dean","5.0","Wyze Cam v3 with Color Night Vision, Wired 1080p HD Indoor/Outdoor Video Camera, 2-Way Audio, Works with Alexa, Google Assistant, and IFTTT","https://www.amazon.com/Vision-Indoor-Outdoor-Camera-Assistant/product-reviews/B08R59YH7W/ref=cm_cr_dp_d_show_all_btm?ie=UTF8&reviewerType=all_reviews&pageNumber=25"
"Image is very clear!","I love how clear it looks during the day and specially at night. The night color vision is so clear that the image looks as if there was sun light outside. I hate the Wyze is getting horrible trying to charge for everything. But if you put a memory card you will be good and will not have the need to get their subscription. Highly recommend it!","01 Jun 2021","Style: Wyze Cam v3","","Yes","Keily","5.0","Wyze Cam v3 with Color Night Vision, Wired 1080p HD Indoor/Outdoor Video Camera, 2-Way Audio, Works with Alexa, Google Assistant, and IFTTT","https://www.amazon.com/Vision-Indoor-Outdoor-Camera-Assistant/product-reviews/B08R59YH7W/ref=cm_cr_dp_d_show_all_btm?ie=UTF8&reviewerType=all_reviews&pageNumber=25"
"Works Like a Charm","I  replaced a Lorex wireless system for the Wyze set of cameras.  It was much more inexpensive, and provided a higher degree of quality, not to mention a much lower cost.  The new technology is alway changing, and Wyze is on top.  I opted for Cam-Plus which gives me continuous playback with a 14 day cloud storage.  Safety is my reason for buying it.  I('m very satisfied with the products.","03 May 2021","Style: Wyze Cam v3","","Yes","Robert Middleton Jr.","5.0","Wyze Cam v3 with Color Night Vision, Wired 1080p HD Indoor/Outdoor Video Camera, 2-Way Audio, Works with Alexa, Google Assistant, and IFTTT","https://www.amazon.com/Vision-Indoor-Outdoor-Camera-Assistant/product-reviews/B08R59YH7W/ref=cm_cr_dp_d_show_all_btm?ie=UTF8&reviewerType=all_reviews&pageNumber=25"
"Missing specs or hidden specs and no support","The specification don't mention the Wyse camera is not battery operated It can only be used where you can plug it in.  The specifications don't note that the camera can only work with a smart phone or iPad. Their support site identifies live support is available, but the support telephone contact cannot be fouind. The company attempts to slough off their support to the Wyse community.","03 May 2021","Style: Wyze Cam v3","","Yes","Gary","1.0","Wyze Cam v3 with Color Night Vision, Wired 1080p HD Indoor/Outdoor Video Camera, 2-Way Audio, Works with Alexa, Google Assistant, and IFTTT","https://www.amazon.com/Vision-Indoor-Outdoor-Camera-Assistant/product-reviews/B08R59YH7W/ref=cm_cr_dp_d_show_all_btm?ie=UTF8&reviewerType=all_reviews&pageNumber=25"
"Pretty Good","Better picture than what I was expecting but not as good as more expensive cameras.  Good coverage. Instructions - or more specifically; the lack of - are what really brings the rating down.  Had to go to YouTube in order to finally get this set up.  A large metal washer came as part of the set up and still have figured out what it might be for.","03 Apr 2021","Style: Wyze Cam v3","","Yes","Amazon Customer","3.0","Wyze Cam v3 with Color Night Vision, Wired 1080p HD Indoor/Outdoor Video Camera, 2-Way Audio, Works with Alexa, Google Assistant, and IFTTT","https://www.amazon.com/Vision-Indoor-Outdoor-Camera-Assistant/product-reviews/B08R59YH7W/ref=cm_cr_dp_d_show_all_btm?ie=UTF8&reviewerType=all_reviews&pageNumber=26"
"Much improved over the version 2.","Wyze is constantly asking for sample videos to improve the AI, artificial intelligence, used to detect motion.  You do not have to send any, but doing so helps them improve the software.  You can select person detection only to reduce the amount of alerts. Have several V2s and this one is significantly better at night vision and longer range detection.","14 May 2021","Style: Wyze Cam v3","","Yes","CConti","5.0","Wyze Cam v3 with Color Night Vision, Wired 1080p HD Indoor/Outdoor Video Camera, 2-Way Audio, Works with Alexa, Google Assistant, and IFTTT","https://www.amazon.com/Vision-Indoor-Outdoor-Camera-Assistant/product-reviews/B08R59YH7W/ref=cm_cr_dp_d_show_all_btm?ie=UTF8&reviewerType=all_reviews&pageNumber=26"
"Best low cost smart security camera. Clear video quality and no cable run around the house install.","Though this camera is one the best low cost one, I still prefer the Yi Cam because of the ability to view up to 9 cameras on PC. The Wyze Cam v3 has very good nighttime video color, easy install and setup. I have setup few for clients since the release and they all love the clear video quality and the no cable run around the house install.","07 Apr 2021","Style: Wyze Cam v3","","Yes","Convenient Computers & Communications Services","4.0","Wyze Cam v3 with Color Night Vision, Wired 1080p HD Indoor/Outdoor Video Camera, 2-Way Audio, Works with Alexa, Google Assistant, and IFTTT","https://www.amazon.com/Vision-Indoor-Outdoor-Camera-Assistant/product-reviews/B08R59YH7W/ref=cm_cr_dp_d_show_all_btm?ie=UTF8&reviewerType=all_reviews&pageNumber=26"
"Excellent value & crystal clear picture, even in full dark.","We already loved the indoor Wyze cameras. They’re amazing for keeping track of my elderly mom. Got this one to put in a couple other areas. The improvements in the night vision are amazing.  They’re crystal clear!!!! Even in a fully darkened room with heavy shades. Amazing. Super easy to install & use. These things are just a godsend.","22 Apr 2021","Style: Wyze Cam v3","","Yes","J. Burnett","5.0","Wyze Cam v3 with Color Night Vision, Wired 1080p HD Indoor/Outdoor Video Camera, 2-Way Audio, Works with Alexa, Google Assistant, and IFTTT","https://www.amazon.com/Vision-Indoor-Outdoor-Camera-Assistant/product-reviews/B08R59YH7W/ref=cm_cr_dp_d_show_all_btm?ie=UTF8&reviewerType=all_reviews&pageNumber=26"
"Software very glitchy, could not create an account","This is a total fraud.  Software gets into a loop entering a password/confirm password.  It will not got past this.  Didn't recognize my valid email account as valid.  Needs to access my contacts when installing this totally faulty software.  Why does a camera need your contacts???? This is a spying device for the CCP.  This product should be banned worldwide.  I can't emphasize ENOUGH...DO NOT BUY THIS DEVICE!!!!  Would have given this ZERO stars if possible.","23 May 2021","Style: Wyze Cam v3","","Yes","Sandra Baer","1.0","Wyze Cam v3 with Color Night Vision, Wired 1080p HD Indoor/Outdoor Video Camera, 2-Way Audio, Works with Alexa, Google Assistant, and IFTTT","https://www.amazon.com/Vision-Indoor-Outdoor-Camera-Assistant/product-reviews/B08R59YH7W/ref=cm_cr_dp_d_show_all_btm?ie=UTF8&reviewerType=all_reviews&pageNumber=26"
"Good buy","These V-3 cameras are one of the best security buys on the market. I am not only impressed with their recording capabilities but their Internet signal receptivity, I.e., over 130’.","05 May 2021","Style: Wyze Cam v3","","Yes","John Wesley","5.0","Wyze Cam v3 with Color Night Vision, Wired 1080p HD Indoor/Outdoor Video Camera, 2-Way Audio, Works with Alexa, Google Assistant, and IFTTT","https://www.amazon.com/Vision-Indoor-Outdoor-Camera-Assistant/product-reviews/B08R59YH7W/ref=cm_cr_dp_d_show_all_btm?ie=UTF8&reviewerType=all_reviews&pageNumber=26"
"Doesn’t work, Won’t get past setup","After 2 hours of messing with it, it cannot be setup. To set it up you have to have the camera scan a QR code generated by the Wyze app on your phone. No matter what I try, nothing happens. It will not scan the code. I read all of the trouble shooting on the Wyze website, tried multiple different angles, phones, tablets, lighting in the room, etc. Nothing. Maybe this one was just a dud, but a product should work right out of the box in my opinion. If I have to call customer service right after purchase I’d rather jus give my business to a company whose products work smoothly. This definitely doesn’t leave me wanting to waste another afternoon on a replacement, so back it goes. Hopefully this review will save you 2 hours of your time.","03 May 2021","Style: Wyze Cam v3","","Yes","Erin","1.0","Wyze Cam v3 with Color Night Vision, Wired 1080p HD Indoor/Outdoor Video Camera, 2-Way Audio, Works with Alexa, Google Assistant, and IFTTT","https://www.amazon.com/Vision-Indoor-Outdoor-Camera-Assistant/product-reviews/B08R59YH7W/ref=cm_cr_dp_d_show_all_btm?ie=UTF8&reviewerType=all_reviews&pageNumber=26"
"Water-proof, great updates camera","I love this camera as it's water proof so I can leave it outside without having to have a protective cover on it and it dying. The update for the camera is awesome compared to the other wyze cameras we have. We have it watching our vehicles on the side of our yard as someone heavily keyed my vehicle, thus ruining it and requiring a new paint job.","28 Apr 2021","Style: Wyze Cam v3","","Yes","Samantha Hurley","5.0","Wyze Cam v3 with Color Night Vision, Wired 1080p HD Indoor/Outdoor Video Camera, 2-Way Audio, Works with Alexa, Google Assistant, and IFTTT","https://www.amazon.com/Vision-Indoor-Outdoor-Camera-Assistant/product-reviews/B08R59YH7W/ref=cm_cr_dp_d_show_all_btm?ie=UTF8&reviewerType=all_reviews&pageNumber=26"
"Ordered 3, got 1 lemon","The camera itself works amazing, big upgrade from the V2 version. BUT I ordered 3, and 1 of them won’t scan the QR code to set it up. Obviously I know how to do it since was successful on the other 2. Might be a fluke, either way they get 2/5 stars","15 Mar 2021","Style: Wyze Cam v3","","Yes","Josh","2.0","Wyze Cam v3 with Color Night Vision, Wired 1080p HD Indoor/Outdoor Video Camera, 2-Way Audio, Works with Alexa, Google Assistant, and IFTTT","https://www.amazon.com/Vision-Indoor-Outdoor-Camera-Assistant/product-reviews/B08R59YH7W/ref=cm_cr_dp_d_show_all_btm?ie=UTF8&reviewerType=all_reviews&pageNumber=26"
"Great camera, great quality","Wyze Cam V3 is groundbreaking. I have been using two cameras for the last six months. It is great in almost every respect - motion detection, picture quality, night vision, app features, responsiveness, recording quality, etc. Wyze updates its software continuously which is great for product development. I wish they will make the motion detection area more flexible. Highly recommended.","26 Apr 2021","Style: Wyze Cam v3","","Yes","Mizanur Rahman","5.0","Wyze Cam v3 with Color Night Vision, Wired 1080p HD Indoor/Outdoor Video Camera, 2-Way Audio, Works with Alexa, Google Assistant, and IFTTT","https://www.amazon.com/Vision-Indoor-Outdoor-Camera-Assistant/product-reviews/B08R59YH7W/ref=cm_cr_dp_d_show_all_btm?ie=UTF8&reviewerType=all_reviews&pageNumber=26"
"Really great picture colored night vision is awesome.","I was so skeptical but friends i knew had them and said they were decent. I bought the wyze 3 because the reviews were even better than the wyze 2 . I was ok with it having a plug.  I have outlets all around the outside of my house so it worked great for me. What a awesome camera it's clear and the colored night vision is awesome.","27 Apr 2021","Style: Wyze Cam v3","","Yes","Kim  P","5.0","Wyze Cam v3 with Color Night Vision, Wired 1080p HD Indoor/Outdoor Video Camera, 2-Way Audio, Works with Alexa, Google Assistant, and IFTTT","https://www.amazon.com/Vision-Indoor-Outdoor-Camera-Assistant/product-reviews/B08R59YH7W/ref=cm_cr_dp_d_show_all_btm?ie=UTF8&reviewerType=all_reviews&pageNumber=27"
"Big improvement to the V2","Really loving this V3. The night vision is simply stunning. Outside my house is pretty dark and this little camera unbelievably pulls ambient light from a street lamp farther down the street and creates a vivid colour night vision stream. I paired the cameras with a 128Gb card that worked well without the need to format to FAT 32. Best value for money!","12 Apr 2021","Style: Wyze Cam v3","","Yes","LegacyGTS","5.0","Wyze Cam v3 with Color Night Vision, Wired 1080p HD Indoor/Outdoor Video Camera, 2-Way Audio, Works with Alexa, Google Assistant, and IFTTT","https://www.amazon.com/Vision-Indoor-Outdoor-Camera-Assistant/product-reviews/B08R59YH7W/ref=cm_cr_dp_d_show_all_btm?ie=UTF8&reviewerType=all_reviews&pageNumber=27"
"Great outdoor cam but high latency","This camera made in China. I don’t know whether is made by force labor or not. Quality is good, night vision is great but huge latency. You will not get a notification after 30 sec. with this price what more can you ask for? Will I buy it again? No Because of the high latency, is a deal breaker to me.","19 May 2021","Style: Wyze Cam v3","","Yes","Jason","4.0","Wyze Cam v3 with Color Night Vision, Wired 1080p HD Indoor/Outdoor Video Camera, 2-Way Audio, Works with Alexa, Google Assistant, and IFTTT","https://www.amazon.com/Vision-Indoor-Outdoor-Camera-Assistant/product-reviews/B08R59YH7W/ref=cm_cr_dp_d_show_all_btm?ie=UTF8&reviewerType=all_reviews&pageNumber=27"
"Would not connect to Wifi","Had trouble getting it to scan the QR code, but after a few shut-off/restarts it did.  Then, it would not connect to wifi.  My wifi is great.  Every gadget loves my wifi.  Not this though.  Nothing but frustration. Returned.","20 Apr 2021","Style: Wyze Cam v3","","Yes","G","1.0","Wyze Cam v3 with Color Night Vision, Wired 1080p HD Indoor/Outdoor Video Camera, 2-Way Audio, Works with Alexa, Google Assistant, and IFTTT","https://www.amazon.com/Vision-Indoor-Outdoor-Camera-Assistant/product-reviews/B08R59YH7W/ref=cm_cr_dp_d_show_all_btm?ie=UTF8&reviewerType=all_reviews&pageNumber=27"
"Wyze cam v3 night vision is really good","I have been waiting for this camera for sometime now since the data is stored in the US and this gives a bit of confidence. The night vision also works great on this, especially the colored night vision. One of the problems is the camera sometimes would not respond to commands. I am hoping that was a one time problem but other than that it is working as expected.","16 Mar 2021","Style: Wyze Cam v3","","Yes","Ravi S.","4.0","Wyze Cam v3 with Color Night Vision, Wired 1080p HD Indoor/Outdoor Video Camera, 2-Way Audio, Works with Alexa, Google Assistant, and IFTTT","https://www.amazon.com/Vision-Indoor-Outdoor-Camera-Assistant/product-reviews/B08R59YH7W/ref=cm_cr_dp_d_show_all_btm?ie=UTF8&reviewerType=all_reviews&pageNumber=27"
"Buyer Beware","My Second series of Wyze purchase. (got tired of glitchy (SD card) Same problems. Records for a day or two then stops.. App view SD Card not installed.  This will be my last purchase of wyze devices. Also do not maintain 8-2 network, will jump to 8-5 if available.  Constant babysitting and loss of playback. Good for viewing live.","13 Jun 2021","Style: Wyze Cam v3","","Yes","Mr.Powers","2.0","Wyze Cam v3 with Color Night Vision, Wired 1080p HD Indoor/Outdoor Video Camera, 2-Way Audio, Works with Alexa, Google Assistant, and IFTTT","https://www.amazon.com/Vision-Indoor-Outdoor-Camera-Assistant/product-reviews/B08R59YH7W/ref=cm_cr_dp_d_show_all_btm?ie=UTF8&reviewerType=all_reviews&pageNumber=27"
"Great Camera","I love this little camera, I have several security cameras and this is my favorite it was kinda easy to set up, but once I got it going and downloaded the app, I just love the picture quality, I have a Focus cam I though was the best but this ifor better than my  focus cam, and for the price its so for the best I have used.","02 Jun 2021","Style: Wyze Cam v3","","Yes","Rosie Walker","5.0","Wyze Cam v3 with Color Night Vision, Wired 1080p HD Indoor/Outdoor Video Camera, 2-Way Audio, Works with Alexa, Google Assistant, and IFTTT","https://www.amazon.com/Vision-Indoor-Outdoor-Camera-Assistant/product-reviews/B08R59YH7W/ref=cm_cr_dp_d_show_all_btm?ie=UTF8&reviewerType=all_reviews&pageNumber=27"
"Wyze Cam v3 No way it can be this good.","I cannot believe this cam is this good. I am an actual customer and have no affiliation with this company however I wish I did. I cannot believe the value of this product. At this price I do not see how they do it . If they have stock I am buying that too. Very nice packaging, very fast delivery, picture quality is excellent, feels like an excellent quality product from the first time I touched it. Every part you need is in the box. Even in little light the night vision is pretty good. I did have a bit of trouble scanning the bar code thingie on my phone to start with. I moved it in and out from my phone though and bingo. Excellent. Will buy again.","08 Jun 2021","Style: Wyze Cam v3","","Yes","10-4","5.0","Wyze Cam v3 with Color Night Vision, Wired 1080p HD Indoor/Outdoor Video Camera, 2-Way Audio, Works with Alexa, Google Assistant, and IFTTT","https://www.amazon.com/Vision-Indoor-Outdoor-Camera-Assistant/product-reviews/B08R59YH7W/ref=cm_cr_dp_d_show_all_btm?ie=UTF8&reviewerType=all_reviews&pageNumber=27"
"DO NOT BUY THIS.","I recently bought the V3 camera so I can keep an eye on the work truck while I'm sleeping. However, the only way to set it up is through a 2.4g internet connection. I don't have anything that slow. Also the mounting base only has one place to put a screw. The instructions in the packaging don't tell you anything technical about the product. The camera itself has to be plugged in all the time and feels like cheap plastic. I don't know how this got such good ratings on Amazon. I do feel much better now that I gave WYZE my email and phone number to set up an account on their website. That is sarcasm. The camera sucks and doesn't work unless you have outdated internet. Save yourself time by spending more money on a quality product.","09 Jun 2021","Style: Wyze Cam v3","","Yes","Amazon Customer","1.0","Wyze Cam v3 with Color Night Vision, Wired 1080p HD Indoor/Outdoor Video Camera, 2-Way Audio, Works with Alexa, Google Assistant, and IFTTT","https://www.amazon.com/Vision-Indoor-Outdoor-Camera-Assistant/product-reviews/B08R59YH7W/ref=cm_cr_dp_d_show_all_btm?ie=UTF8&reviewerType=all_reviews&pageNumber=27"
"The picture quality has really improved.","Your browser does not support HTML5 video. Over the v2 both the night quality and overall picture quality have vastly improved. I threw away 2 wansview cams and one v2 and bought these because they're finally waterproof. My old v2s were in waterproof housings. Wanna see why you need one? Watch my video from last night.","10 Jun 2021","Style: Wyze Cam v3","","Yes","SupercarStreetracing","5.0","Wyze Cam v3 with Color Night Vision, Wired 1080p HD Indoor/Outdoor Video Camera, 2-Way Audio, Works with Alexa, Google Assistant, and IFTTT","https://www.amazon.com/Vision-Indoor-Outdoor-Camera-Assistant/product-reviews/B08R59YH7W/ref=cm_cr_dp_d_show_all_btm?ie=UTF8&reviewerType=all_reviews&pageNumber=27"
"Easy to use","The video cam was very easy to set up.  Works great.  The night vision doesn't work well if you have the camera looking out thru a glass window.  The outdoor street lights must reflect of the glass so the images are blurred.  It works fine if there's no glass in the way.  Motion detection is very sensitive so you might need to turn it down.  It was activating when plants 20 feet away were moving due to wind. It was delivered very quickly.  Wyze customer service is very responsive.","12 May 2021","Style: Wyze Cam v3","","Yes","EL","5.0","Wyze Cam v3 with Color Night Vision, Wired 1080p HD Indoor/Outdoor Video Camera, 2-Way Audio, Works with Alexa, Google Assistant, and IFTTT","https://www.amazon.com/Vision-Indoor-Outdoor-Camera-Assistant/product-reviews/B08R59YH7W/ref=cm_cr_dp_d_show_all_btm?ie=UTF8&reviewerType=all_reviews&pageNumber=28"
"Great Low Light Camera","Your browser does not support HTML5 video. I bought this camera because it looked good if you want to put this camera inside your home and have it look out through a window. With Night Mode and ir turned off the picture looks good to pick up motion in your yard. I highly recommend buying the SD card if you want to do time lapses.","29 Apr 2021","Style: Wyze Cam v3","https://images-na.ssl-images-amazon.com/images/I/B1pckqbJFYS._SY88.png","Yes","Ricky D. Gonzalez","5.0","Wyze Cam v3 with Color Night Vision, Wired 1080p HD Indoor/Outdoor Video Camera, 2-Way Audio, Works with Alexa, Google Assistant, and IFTTT","https://www.amazon.com/Vision-Indoor-Outdoor-Camera-Assistant/product-reviews/B08R59YH7W/ref=cm_cr_dp_d_show_all_btm?ie=UTF8&reviewerType=all_reviews&pageNumber=28"
"Convert CCTV to WYZE","I used to have Swann CCTV Cameras and they worked well for many years. As my cameras started going bad I wanted to switch to WYZE. I wanted to use the existing 12V at each camera and just plug in the wyze cams. I bought a 12V to 5V converter by DROK and got that done. Turned out amazing and the quality is just amazing.","19 May 2021","Style: Wyze Cam v3","https://images-na.ssl-images-amazon.com/images/I/B11rGu5srCS._SY88.png
https://images-na.ssl-images-amazon.com/images/I/B125BdbpLhS._SY88.jpg
https://images-na.ssl-images-amazon.com/images/I/B1BWsBMydZS._SY88.jpg
https://images-na.ssl-images-amazon.com/images/I/B1RMDst8yNS._SY88.jpg
https://images-na.ssl-images-amazon.com/images/I/B1sp87AjjkS._SY88.jpg","Yes","Jungleking3","5.0","Wyze Cam v3 with Color Night Vision, Wired 1080p HD Indoor/Outdoor Video Camera, 2-Way Audio, Works with Alexa, Google Assistant, and IFTTT","https://www.amazon.com/Vision-Indoor-Outdoor-Camera-Assistant/product-reviews/B08R59YH7W/ref=cm_cr_dp_d_show_all_btm?ie=UTF8&reviewerType=all_reviews&pageNumber=28"
"Great new version of the already good wyzecam","This is imo the best value for a home camera on the market. Just as easy to setup as the V2, a tiny bit more expensive, but the upgrade is worth it. I have mine mounted right above my back door, feeding it the USB cable through the top of the door frame. At night, it looks like the light is on. The quality is surprising.","19 May 2021","Style: Wyze Cam v3","","Yes","D. Fields","5.0","Wyze Cam v3 with Color Night Vision, Wired 1080p HD Indoor/Outdoor Video Camera, 2-Way Audio, Works with Alexa, Google Assistant, and IFTTT","https://www.amazon.com/Vision-Indoor-Outdoor-Camera-Assistant/product-reviews/B08R59YH7W/ref=cm_cr_dp_d_show_all_btm?ie=UTF8&reviewerType=all_reviews&pageNumber=28"
"Don’t buy. Piece of crap.","Worthless piece of crap. Not wasting time or money again. And they want you to subscribe and pay $1.99 a month per camera or $19.99 a year per camera. That’s ridiculous and all your videos are gone in 14 days. LOTS OF CONNECTIONS ISSUES. I SPENT 3 day trying to connect. And keeps resetting. Done.","08 Apr 2021","Style: Wyze Cam v3","","Yes","The T.","1.0","Wyze Cam v3 with Color Night Vision, Wired 1080p HD Indoor/Outdoor Video Camera, 2-Way Audio, Works with Alexa, Google Assistant, and IFTTT","https://www.amazon.com/Vision-Indoor-Outdoor-Camera-Assistant/product-reviews/B08R59YH7W/ref=cm_cr_dp_d_show_all_btm?ie=UTF8&reviewerType=all_reviews&pageNumber=28"
"excellent camera for the cost.","I have 2 of these and 2 of the v2.  Easy to use, easy to set up.  Big difference over v2 is the dim/night resolution.  I am running all of mine with a 64GB sd card.","11 Apr 2021","Style: Wyze Cam v3","","Yes","cwb","5.0","Wyze Cam v3 with Color Night Vision, Wired 1080p HD Indoor/Outdoor Video Camera, 2-Way Audio, Works with Alexa, Google Assistant, and IFTTT","https://www.amazon.com/Vision-Indoor-Outdoor-Camera-Assistant/product-reviews/B08R59YH7W/ref=cm_cr_dp_d_show_all_btm?ie=UTF8&reviewerType=all_reviews&pageNumber=28"
"The value is the best","These cameras work excellent! The quality of the pictures both day and night are great! I feel safer in my home now that these cameras have been installed around the house. There is an app you install and we are able to look at any camera from anywhere we are.  Such a small price to pay to have a feeling of security!","27 Apr 2021","Style: Wyze Cam v3","","Yes","Jeanine VanSickle","5.0","Wyze Cam v3 with Color Night Vision, Wired 1080p HD Indoor/Outdoor Video Camera, 2-Way Audio, Works with Alexa, Google Assistant, and IFTTT","https://www.amazon.com/Vision-Indoor-Outdoor-Camera-Assistant/product-reviews/B08R59YH7W/ref=cm_cr_dp_d_show_all_btm?ie=UTF8&reviewerType=all_reviews&pageNumber=28"
"Keep looking","Definitely not worth 33 bucks. There are much better options for less. These have garbage wifi connectivity and range. The only good thing is the starlight vision, which only works when it feels like. We have a 200mb mesh that powers all our devices perfect, but the wyze cams have to be right next to a puck to work.","19 May 2021","Style: Wyze Cam v3","","Yes","Amazon Customer","2.0","Wyze Cam v3 with Color Night Vision, Wired 1080p HD Indoor/Outdoor Video Camera, 2-Way Audio, Works with Alexa, Google Assistant, and IFTTT","https://www.amazon.com/Vision-Indoor-Outdoor-Camera-Assistant/product-reviews/B08R59YH7W/ref=cm_cr_dp_d_show_all_btm?ie=UTF8&reviewerType=all_reviews&pageNumber=28"
"meh","I was under the impression that these cameras did color night vision, and that is not true. they are no better than the last version of camera. the only plus is that these are supposedly waterproof. they also seem glitch as hell, they don't connect to my Wi-Fi half the time and they miss half of the motion events","13 Jun 2021","Style: Wyze Cam v3","","Yes","Chris Busch","3.0","Wyze Cam v3 with Color Night Vision, Wired 1080p HD Indoor/Outdoor Video Camera, 2-Way Audio, Works with Alexa, Google Assistant, and IFTTT","https://www.amazon.com/Vision-Indoor-Outdoor-Camera-Assistant/product-reviews/B08R59YH7W/ref=cm_cr_dp_d_show_all_btm?ie=UTF8&reviewerType=all_reviews&pageNumber=28"
"Private Eyes V3","All around it is an impressive upgrade to the v2. The wider view, the enhanced and color night vision options are a great addition. They seem to handle SD cards better than V2 but I’ve still had an issue with one. The sound quality is what really needs to be worked on. I didn’t replace all V2 cams with a V3, but I’d recommend starting with one.","20 Apr 2021","Style: Wyze Cam v3","","Yes","Doyle","5.0","Wyze Cam v3 with Color Night Vision, Wired 1080p HD Indoor/Outdoor Video Camera, 2-Way Audio, Works with Alexa, Google Assistant, and IFTTT","https://www.amazon.com/Vision-Indoor-Outdoor-Camera-Assistant/product-reviews/B08R59YH7W/ref=cm_cr_dp_d_show_all_btm?ie=UTF8&reviewerType=all_reviews&pageNumber=28"
"Good so far","Good so far with connection and setup. Many settings and options. Only issue is mounting outside, the magnet is not strong so not confident that it will hold up to high winds. Comes with two screws but there's only one screw hole. You will need a longer USB cable if your power supply is more than five feet away.","16 May 2021","Style: Wyze Cam v3","","Yes","Sam B","4.0","Wyze Cam v3 with Color Night Vision, Wired 1080p HD Indoor/Outdoor Video Camera, 2-Way Audio, Works with Alexa, Google Assistant, and IFTTT","https://www.amazon.com/Vision-Indoor-Outdoor-Camera-Assistant/product-reviews/B08R59YH7W/ref=cm_cr_dp_d_show_all_btm?ie=UTF8&reviewerType=all_reviews&pageNumber=29"
"Exceptional Value!","The Clarity, detail, resolution, and added night vision and motion detection features of this wether resistant amazing little camera is unreal at its price point! This is hands down, easily the best value to performance camera, compared with other at even five (5) times its price.. Highly recommended!","05 Jun 2021","Style: Wyze Cam v3","","Yes","Ubersocrates","5.0","Wyze Cam v3 with Color Night Vision, Wired 1080p HD Indoor/Outdoor Video Camera, 2-Way Audio, Works with Alexa, Google Assistant, and IFTTT","https://www.amazon.com/Vision-Indoor-Outdoor-Camera-Assistant/product-reviews/B08R59YH7W/ref=cm_cr_dp_d_show_all_btm?ie=UTF8&reviewerType=all_reviews&pageNumber=29"
"Great product but...","I couldn't put it outside where it would be more useful due to the corded nature of it. I set it up at a windo looking outside and during the daylight it is great. But it sees nothing at nighttime. I also cannot get any of my Wyse products to work with Alexa, but I guess that isn't a big deal since I just use the app.","15 May 2021","Style: Wyze Cam v3","","Yes","PersnicketyRPh","3.0","Wyze Cam v3 with Color Night Vision, Wired 1080p HD Indoor/Outdoor Video Camera, 2-Way Audio, Works with Alexa, Google Assistant, and IFTTT","https://www.amazon.com/Vision-Indoor-Outdoor-Camera-Assistant/product-reviews/B08R59YH7W/ref=cm_cr_dp_d_show_all_btm?ie=UTF8&reviewerType=all_reviews&pageNumber=29"
"Know what you're getting","Great product as long as you don't want to download videos to your phone to share.  There is a known error with this function that the company flat out refuses to fix.  If you google ""WYZE audio codec not supported"" you'll see that the problem has existed since 2018 and the company obviously has no intention of fixing it.","25 Apr 2021","Style: Wyze Cam v3","https://images-na.ssl-images-amazon.com/images/I/91jo+VbG+-L._SY88.jpg","Yes","Nick Butler","3.0","Wyze Cam v3 with Color Night Vision, Wired 1080p HD Indoor/Outdoor Video Camera, 2-Way Audio, Works with Alexa, Google Assistant, and IFTTT","https://www.amazon.com/Vision-Indoor-Outdoor-Camera-Assistant/product-reviews/B08R59YH7W/ref=cm_cr_dp_d_show_all_btm?ie=UTF8&reviewerType=all_reviews&pageNumber=29"
"My third Wyze cam but the WORST","All cameras have 3 levels.....HD SD and 360p. This is a V3 camera. The 2 previous that I own are v2. There is a serious issue with connection. I replace the old one V2 with the new one V3. It connects for 3 sec in HD than STOPs.I connected on SD it goes ON and off. Barely on 360p it works. Unacceptable to have an HD and run it in 360p. I will return it in a week. Night sensibility is the only good thing about this.","24 Apr 2021","Style: Wyze Cam v3","","Yes","victor d","1.0","Wyze Cam v3 with Color Night Vision, Wired 1080p HD Indoor/Outdoor Video Camera, 2-Way Audio, Works with Alexa, Google Assistant, and IFTTT","https://www.amazon.com/Vision-Indoor-Outdoor-Camera-Assistant/product-reviews/B08R59YH7W/ref=cm_cr_dp_d_show_all_btm?ie=UTF8&reviewerType=all_reviews&pageNumber=29"
"Best Camera for your money!","I had my doubts on how it was going to work for the money but it's much better than I ever expected it to be. You don't have to pay for the app and you can record directly to the camera. You can zoom and move the angle around. The night vision works really clear. The picture is sharp and the sound is clear.","02 Jun 2021","Style: Wyze Cam v3","","Yes","Nicki","5.0","Wyze Cam v3 with Color Night Vision, Wired 1080p HD Indoor/Outdoor Video Camera, 2-Way Audio, Works with Alexa, Google Assistant, and IFTTT","https://www.amazon.com/Vision-Indoor-Outdoor-Camera-Assistant/product-reviews/B08R59YH7W/ref=cm_cr_dp_d_show_all_btm?ie=UTF8&reviewerType=all_reviews&pageNumber=29"
"Works great for us","Not sure why other people can't get theirs to connect. We bought three and no problems. Work great. Only small issue is the audio hella sounds like static,. Doesn't seem normal but both are doing that so I guess that's how it is. I'll have to test.  However fun to say hi with the dog when speaking through the device.","28 May 2021","Style: Wyze Cam v3","","Yes","Prader81","5.0","Wyze Cam v3 with Color Night Vision, Wired 1080p HD Indoor/Outdoor Video Camera, 2-Way Audio, Works with Alexa, Google Assistant, and IFTTT","https://www.amazon.com/Vision-Indoor-Outdoor-Camera-Assistant/product-reviews/B08R59YH7W/ref=cm_cr_dp_d_show_all_btm?ie=UTF8&reviewerType=all_reviews&pageNumber=29"
"Cool little camera w/spectacular night vision","Great camera for the money. The setup process literally took one minute once I downloaded the app. It was almost instantaneously connected to my WiFi. The video is adequate. About what I expected. The night vision is shockingly good though. It looks like bright daylight in the app. The motion detection is also very accurate and quick. The only real downside is it has to remain plugged into the wall to work. It doesn't have a rechargeable battery like a Ring doorbell or some others on the market.","03 May 2021","Style: Wyze Cam v3","","Yes","John Dissinger","5.0","Wyze Cam v3 with Color Night Vision, Wired 1080p HD Indoor/Outdoor Video Camera, 2-Way Audio, Works with Alexa, Google Assistant, and IFTTT","https://www.amazon.com/Vision-Indoor-Outdoor-Camera-Assistant/product-reviews/B08R59YH7W/ref=cm_cr_dp_d_show_all_btm?ie=UTF8&reviewerType=all_reviews&pageNumber=29"
"AMAZING","I absolutely love this new camera over the previous model.  And I still really like the previous model of this camera but this new one is so much better a specially the night vision is amazing.  It's a really good price for really good camera and app that easy to use I think this is a great purchase for anybody","31 Mar 2021","Style: Wyze Cam v3","","Yes","Mike S.","5.0","Wyze Cam v3 with Color Night Vision, Wired 1080p HD Indoor/Outdoor Video Camera, 2-Way Audio, Works with Alexa, Google Assistant, and IFTTT","https://www.amazon.com/Vision-Indoor-Outdoor-Camera-Assistant/product-reviews/B08R59YH7W/ref=cm_cr_dp_d_show_all_btm?ie=UTF8&reviewerType=all_reviews&pageNumber=29"
"Very good for price.","So far so good!  Very impressed with easy setup.  Didn’t run into any problems.  The picture quality is good... not amazing, but good for the price point.  I specifically like the sensor zoning being setup as a grid pattern.  This makes it easy to select multiple very specific locations for trigger points.","15 May 2021","Style: Wyze Cam v3","","Yes","P. Carney","5.0","Wyze Cam v3 with Color Night Vision, Wired 1080p HD Indoor/Outdoor Video Camera, 2-Way Audio, Works with Alexa, Google Assistant, and IFTTT","https://www.amazon.com/Vision-Indoor-Outdoor-Camera-Assistant/product-reviews/B08R59YH7W/ref=cm_cr_dp_d_show_all_btm?ie=UTF8&reviewerType=all_reviews&pageNumber=29"
"Turns Night into Day- You Want This","I just hooked it up and hung in a tree with a 25’ extension cord and took me 2 minutes to connect to my Wyze app. This is a snapshot 9:pm at night.  I’ve never seen colors in my night vision. Now I have to replace all my outdoor cams with this kind. Love it y’all just keep getting better and better ","31 Mar 2021","Style: Wyze Cam v3","https://images-na.ssl-images-amazon.com/images/I/91AYv8DsEML._SY88.jpg","Yes","Kathryn Tomasko","5.0","Wyze Cam v3 with Color Night Vision, Wired 1080p HD Indoor/Outdoor Video Camera, 2-Way Audio, Works with Alexa, Google Assistant, and IFTTT","https://www.amazon.com/Vision-Indoor-Outdoor-Camera-Assistant/product-reviews/B08R59YH7W/ref=cm_cr_dp_d_show_all_btm?ie=UTF8&reviewerType=all_reviews&pageNumber=30"
"A must have! Just as good as big name brand!","Very good camera for on a budget! Actually even if your not on a budget it’s a great camera for security camera. App interface works great no glitches and does it’s job. Connect to WiFi and watch away from home. I recommend getting a micro sd to save playback video! Video quality is just as good as any big name brand cameras. Night vision works surprisingly well! Almost clear as day!","05 Apr 2021","Style: Wyze Cam v3","","Yes","FilthyFrxnk","5.0","Wyze Cam v3 with Color Night Vision, Wired 1080p HD Indoor/Outdoor Video Camera, 2-Way Audio, Works with Alexa, Google Assistant, and IFTTT","https://www.amazon.com/Vision-Indoor-Outdoor-Camera-Assistant/product-reviews/B08R59YH7W/ref=cm_cr_dp_d_show_all_btm?ie=UTF8&reviewerType=all_reviews&pageNumber=30"
"Starlight works!","Bought based on reviews on the the ""starlight"" night vision It works! Color "" night vision "" works better than the infared night vision. See my pics, they make it look like dusk out, it's 10:30 at night, and all the lights are dim porch lights. Rare for it to see better than the naked eye.","25 May 2021","Style: Wyze Cam v3","https://images-na.ssl-images-amazon.com/images/I/A12EreLxrJL._SY88.jpg
https://images-na.ssl-images-amazon.com/images/I/A1CZuf5U+YL._SY88.jpg","Yes","Brian P","5.0","Wyze Cam v3 with Color Night Vision, Wired 1080p HD Indoor/Outdoor Video Camera, 2-Way Audio, Works with Alexa, Google Assistant, and IFTTT","https://www.amazon.com/Vision-Indoor-Outdoor-Camera-Assistant/product-reviews/B08R59YH7W/ref=cm_cr_dp_d_show_all_btm?ie=UTF8&reviewerType=all_reviews&pageNumber=30"
"Works. Won't connect to 5ghz","Pretty good camera. Will need to test the subscription longer. Only con so far is it won't connect to a 5ghz network. Only 2.4ghz works.","26 Apr 2021","Style: Wyze Cam v3","","Yes","Flacco","4.0","Wyze Cam v3 with Color Night Vision, Wired 1080p HD Indoor/Outdoor Video Camera, 2-Way Audio, Works with Alexa, Google Assistant, and IFTTT","https://www.amazon.com/Vision-Indoor-Outdoor-Camera-Assistant/product-reviews/B08R59YH7W/ref=cm_cr_dp_d_show_all_btm?ie=UTF8&reviewerType=all_reviews&pageNumber=30"
"Not worth the money!","1)Works great if you pay a monthly fee. 2) if you don't pay a monthly fee  motion wi catch the wind moving the plant's  or a car during by but not people walking by! I give this camera  a negative 1 what a piece of crap I bought 2 I'm sending them both back.  Buy a ring camera.","12 May 2021","Style: Wyze Cam v3","","Yes","Paul Toscano","1.0","Wyze Cam v3 with Color Night Vision, Wired 1080p HD Indoor/Outdoor Video Camera, 2-Way Audio, Works with Alexa, Google Assistant, and IFTTT","https://www.amazon.com/Vision-Indoor-Outdoor-Camera-Assistant/product-reviews/B08R59YH7W/ref=cm_cr_dp_d_show_all_btm?ie=UTF8&reviewerType=all_reviews&pageNumber=30"
"Keeps disconnecting","I would give this camera 5 stars for the picture quality, the issue I have with this is that it keeps loosing internet connectivity. Cant understand why it keeps disconnecting, I tried giving it priority on the WiFi router, no improvement. I will keep it since it was cheap but I wont be paying for the monthly subscription.","10 May 2021","Style: Wyze Cam v3","","Yes","C.P.","3.0","Wyze Cam v3 with Color Night Vision, Wired 1080p HD Indoor/Outdoor Video Camera, 2-Way Audio, Works with Alexa, Google Assistant, and IFTTT","https://www.amazon.com/Vision-Indoor-Outdoor-Camera-Assistant/product-reviews/B08R59YH7W/ref=cm_cr_dp_d_show_all_btm?ie=UTF8&reviewerType=all_reviews&pageNumber=30"
"Good but could be better with minor updates.","Product is good for the money with excellent low light performance. Motion detection zones could be better. There’s a lot of false positives with motion specifically if you have plants where the camera is pointing. Picture quality is good but suffers at night in terms of detail but low light performance on non moving objects is good. Additionally scrubbing through local saved files is a chore and difficult to pin point exact time due to sliding selector for time and date. Other than that it’s a good cheap wireless cam.","01 Jun 2021","Style: Wyze Cam v3","","Yes","Ragnar","4.0","Wyze Cam v3 with Color Night Vision, Wired 1080p HD Indoor/Outdoor Video Camera, 2-Way Audio, Works with Alexa, Google Assistant, and IFTTT","https://www.amazon.com/Vision-Indoor-Outdoor-Camera-Assistant/product-reviews/B08R59YH7W/ref=cm_cr_dp_d_show_all_btm?ie=UTF8&reviewerType=all_reviews&pageNumber=30"
"The best ip cam there is","Seriously the best cam out.. Ring , and all other brands aren't even close to the clarity at night and for the price it's a no brainier","14 Mar 2021","Style: Wyze Cam v3","","Yes","Aaron Chambers","5.0","Wyze Cam v3 with Color Night Vision, Wired 1080p HD Indoor/Outdoor Video Camera, 2-Way Audio, Works with Alexa, Google Assistant, and IFTTT","https://www.amazon.com/Vision-Indoor-Outdoor-Camera-Assistant/product-reviews/B08R59YH7W/ref=cm_cr_dp_d_show_all_btm?ie=UTF8&reviewerType=all_reviews&pageNumber=30"
"Good camera, room for improvement","Good camera for the price.  Would be much better if you were able to see a live feed when you open the app, instead of having to open each camera.","30 May 2021","Style: Wyze Cam v3","","Yes","Clay Collins","4.0","Wyze Cam v3 with Color Night Vision, Wired 1080p HD Indoor/Outdoor Video Camera, 2-Way Audio, Works with Alexa, Google Assistant, and IFTTT","https://www.amazon.com/Vision-Indoor-Outdoor-Camera-Assistant/product-reviews/B08R59YH7W/ref=cm_cr_dp_d_show_all_btm?ie=UTF8&reviewerType=all_reviews&pageNumber=30"
"Bad service","Camera is good their spotlight attachment was good til it just stayed on and when i go to accessories in stteing says i dont have one. Email their customer service and three weeks later no response. Customer service is definitely not good","15 May 2021","Style: Wyze Cam v3","","Yes","Alex","1.0","Wyze Cam v3 with Color Night Vision, Wired 1080p HD Indoor/Outdoor Video Camera, 2-Way Audio, Works with Alexa, Google Assistant, and IFTTT","https://www.amazon.com/Vision-Indoor-Outdoor-Camera-Assistant/product-reviews/B08R59YH7W/ref=cm_cr_dp_d_show_all_btm?ie=UTF8&reviewerType=all_reviews&pageNumber=30"
"CANNOT CONNECT","Cannot connect. 3 days and I'm still trying to connect. Install uninstall over and over nothing works. Different network, different device. Nothing works","06 May 2021","Style: Wyze Cam v3","","Yes","Ijw","1.0","Wyze Cam v3 with Color Night Vision, Wired 1080p HD Indoor/Outdoor Video Camera, 2-Way Audio, Works with Alexa, Google Assistant, and IFTTT","https://www.amazon.com/Vision-Indoor-Outdoor-Camera-Assistant/product-reviews/B08R59YH7W/ref=cm_cr_dp_d_show_all_btm?ie=UTF8&reviewerType=all_reviews&pageNumber=31"
"Just like the v2 but outdoor rated","Works well, I use wyze cams outside but this is my first v3. The others I got have little houses they sit in and they work fine as well.","02 May 2021","Style: Wyze Cam v3","","Yes","A Useful Yung Guy","5.0","Wyze Cam v3 with Color Night Vision, Wired 1080p HD Indoor/Outdoor Video Camera, 2-Way Audio, Works with Alexa, Google Assistant, and IFTTT","https://www.amazon.com/Vision-Indoor-Outdoor-Camera-Assistant/product-reviews/B08R59YH7W/ref=cm_cr_dp_d_show_all_btm?ie=UTF8&reviewerType=all_reviews&pageNumber=31"
"QR code issue","I spent 3+hours trying to have the camera pick up the QR code.  I watched u tube videos, read articles and called Wyze customer support at least 2 times to set this camera up.  I finally had to return it. Now I cant get back to viewing my mom's Wyze camera to monitor her safety in the home.  Tried customer service again and was told they have to refer my question to their ""subject matter experts."" Stay away!","29 May 2021","Style: Wyze Cam v3","","Yes","Denise Orovio","1.0","Wyze Cam v3 with Color Night Vision, Wired 1080p HD Indoor/Outdoor Video Camera, 2-Way Audio, Works with Alexa, Google Assistant, and IFTTT","https://www.amazon.com/Vision-Indoor-Outdoor-Camera-Assistant/product-reviews/B08R59YH7W/ref=cm_cr_dp_d_show_all_btm?ie=UTF8&reviewerType=all_reviews&pageNumber=31"
"Better than the outdoor wyze cam","I like this camera it’s definitely a huge upgrade from the V2 model love all the upgrades for it definitely work the buy for a cheap outdoor camera this go’s a long way I have 2 waiting to see who long it’ll lasts outside if it holds up I’ll be getting 2 more for sure way better than the outdoor wyze cam","10 Apr 2021","Style: Wyze Cam v3","","Yes","Texan","4.0","Wyze Cam v3 with Color Night Vision, Wired 1080p HD Indoor/Outdoor Video Camera, 2-Way Audio, Works with Alexa, Google Assistant, and IFTTT","https://www.amazon.com/Vision-Indoor-Outdoor-Camera-Assistant/product-reviews/B08R59YH7W/ref=cm_cr_dp_d_show_all_btm?ie=UTF8&reviewerType=all_reviews&pageNumber=31"
"Fantastic picture, software, and price","I love this product.  I also have the V.2 and Wyze has substantially improved night vision.  Clear video, easy installation, and great price make this a wonderful deal. I understand prices will be increasing soon due to the backlog in microchips around the world so keep that in mind.","11 May 2021","Style: Wyze Cam v3","","Yes","Ewiz","5.0","Wyze Cam v3 with Color Night Vision, Wired 1080p HD Indoor/Outdoor Video Camera, 2-Way Audio, Works with Alexa, Google Assistant, and IFTTT","https://www.amazon.com/Vision-Indoor-Outdoor-Camera-Assistant/product-reviews/B08R59YH7W/ref=cm_cr_dp_d_show_all_btm?ie=UTF8&reviewerType=all_reviews&pageNumber=31"
"Best camera for the money","The new v3 cam is the best camera you can buy for the money hands down.  The picture is amazing.  My favorite feature over the old model is now the color feature at night.  So much easier to see things now.  The detection settings can be a little sensitive, but Id rather that over not detecting things.","03 May 2021","Style: Wyze Cam v3","","Yes","jeremy gormly","5.0","Wyze Cam v3 with Color Night Vision, Wired 1080p HD Indoor/Outdoor Video Camera, 2-Way Audio, Works with Alexa, Google Assistant, and IFTTT","https://www.amazon.com/Vision-Indoor-Outdoor-Camera-Assistant/product-reviews/B08R59YH7W/ref=cm_cr_dp_d_show_all_btm?ie=UTF8&reviewerType=all_reviews&pageNumber=31"
"Bad CS/Tech","Had hard time setting up the camera onto my iPhone. CS/Tech had bad information that didn't work. No simple like my Ring cameras. I returned and brought the Ring Cam for inside my house.","31 May 2021","Style: Wyze Cam v3","","Yes","Ronald","2.0","Wyze Cam v3 with Color Night Vision, Wired 1080p HD Indoor/Outdoor Video Camera, 2-Way Audio, Works with Alexa, Google Assistant, and IFTTT","https://www.amazon.com/Vision-Indoor-Outdoor-Camera-Assistant/product-reviews/B08R59YH7W/ref=cm_cr_dp_d_show_all_btm?ie=UTF8&reviewerType=all_reviews&pageNumber=31"
"wyze up","I am only able to view events as far back as 90 minutes from whatever time I happen to view them.  This is only on my Android phones one of which is brand new.  The app works fine with iPad and it wasn't always like this with Android.  I won't be buying anymore products from wyze.","03 Jun 2021","Style: Wyze Cam v3","","Yes","MK","2.0","Wyze Cam v3 with Color Night Vision, Wired 1080p HD Indoor/Outdoor Video Camera, 2-Way Audio, Works with Alexa, Google Assistant, and IFTTT","https://www.amazon.com/Vision-Indoor-Outdoor-Camera-Assistant/product-reviews/B08R59YH7W/ref=cm_cr_dp_d_show_all_btm?ie=UTF8&reviewerType=all_reviews&pageNumber=31"
"This product is really bad","The night vision of camera is pretty good, the quality of video isn’t very good. Anyway, this is a normal security camera. However, the worse thing is not the camera hardware, but the software. It doesn’t detect any motion if the camera trigged within 5 minutes, and this is because a group of greedy people made it on purpose.","17 Apr 2021","Style: Wyze Cam v3","","Yes","Daily Shopper","1.0","Wyze Cam v3 with Color Night Vision, Wired 1080p HD Indoor/Outdoor Video Camera, 2-Way Audio, Works with Alexa, Google Assistant, and IFTTT","https://www.amazon.com/Vision-Indoor-Outdoor-Camera-Assistant/product-reviews/B08R59YH7W/ref=cm_cr_dp_d_show_all_btm?ie=UTF8&reviewerType=all_reviews&pageNumber=31"
"Ruido de estática permanente","La calidad del video es superior a la versión anterior (V2), sin embargo el sonido es un fiasco, con un ruido permanente de estática, hace que quiera devolver la cámara.  Cuando se hace zoom el video no tiene distorsión, punto positivo. He visto otras opiniones con el mismo problema del micrófono, deben arreglarlo, mientras comprar la versión anterior  si la va a usar en interiores.","03 May 2021","Style: Wyze Cam v3","","Yes","Andrs Pedroza Florez","3.0","Wyze Cam v3 with Color Night Vision, Wired 1080p HD Indoor/Outdoor Video Camera, 2-Way Audio, Works with Alexa, Google Assistant, and IFTTT","https://www.amazon.com/Vision-Indoor-Outdoor-Camera-Assistant/product-reviews/B08R59YH7W/ref=cm_cr_dp_d_show_all_btm?ie=UTF8&reviewerType=all_reviews&pageNumber=31"
"Good value.","Good price on both camera and cloud service. However, the picture quality is questionable. It seems like the compression level is too high. Things that don't move are sharp and clear but people that pass by are often scrambled so it's hard to identify who they are no matter if it's viewed thru the cloud or from the SD-card.","20 May 2021","Style: Wyze Cam v3","","Yes","Pelle","4.0","Wyze Cam v3 with Color Night Vision, Wired 1080p HD Indoor/Outdoor Video Camera, 2-Way Audio, Works with Alexa, Google Assistant, and IFTTT","https://www.amazon.com/Vision-Indoor-Outdoor-Camera-Assistant/product-reviews/B08R59YH7W/ref=cm_cr_dp_d_show_all_btm?ie=UTF8&reviewerType=all_reviews&pageNumber=32"
"Great camera. Cheap price!","Best camera you can buy for the money. HUGE improvement over the v2 camera. I even have one going through a window and it has a fantastic picture. The night vision is also fantastic! Oh, and the price. I don’t know how this company can make a profit with such a great camera at this price.","16 Jun 2021","Style: Wyze Cam v3","","Yes","pvdb","5.0","Wyze Cam v3 with Color Night Vision, Wired 1080p HD Indoor/Outdoor Video Camera, 2-Way Audio, Works with Alexa, Google Assistant, and IFTTT","https://www.amazon.com/Vision-Indoor-Outdoor-Camera-Assistant/product-reviews/B08R59YH7W/ref=cm_cr_dp_d_show_all_btm?ie=UTF8&reviewerType=all_reviews&pageNumber=32"
"Great Value for Money Camera","Pros - *Good picture quality given the price *Small, good-looking camera *Easy to use and reliable app *Incredible night vision *Can be used outside *Can add a memory card for local recording and storage Cons - *Doesn't work reliably with Chromecast *No web browser support (so viewing is limited to the app, unless you employ a workaround) *Need to pay for subscription to get meaningful and reliable notifications (and cloud recording is limited to identified events only) However, given the price, the cons listed above are certainly not unexpected, nor are they deal-breakers. Would still highly recommend this camera for the vast majority of use cases.","12 Jun 2021","Style: Wyze Cam v3","","Yes","Slt","4.0","Wyze Cam v3 with Color Night Vision, Wired 1080p HD Indoor/Outdoor Video Camera, 2-Way Audio, Works with Alexa, Google Assistant, and IFTTT","https://www.amazon.com/Vision-Indoor-Outdoor-Camera-Assistant/product-reviews/B08R59YH7W/ref=cm_cr_dp_d_show_all_btm?ie=UTF8&reviewerType=all_reviews&pageNumber=32"
"Great WiFi camera for the price.","This camera is excellent, just like the V2. I don't care for the portion of the cable that is permanently attached to the camera, but can see why this was done for weatherproofing. I would have preferred a different solution. The night vision and image/video quality is great. I wish the enclosure was a little more robust. For an outdoor mount, you want something that isn't too easy to tear down, but this would be easy to grab and rip off. A challenge with this camera, as well as other similar devices, is connecting it to a convenient power source.","15 Jun 2021","Style: Wyze Cam v3","https://images-na.ssl-images-amazon.com/images/I/B1olS7kZUwS._SY88.jpg","Yes","Ha Phan","5.0","Wyze Cam v3 with Color Night Vision, Wired 1080p HD Indoor/Outdoor Video Camera, 2-Way Audio, Works with Alexa, Google Assistant, and IFTTT","https://www.amazon.com/Vision-Indoor-Outdoor-Camera-Assistant/product-reviews/B08R59YH7W/ref=cm_cr_dp_d_show_all_btm?ie=UTF8&reviewerType=all_reviews&pageNumber=32"
"NYCE night vision Wyze","it’s a nice night vision color camera , you have to pay for Person detection though. Nice design too. Wyze has done it again. If only my router /modem was stronger the camera would work better. I’m not sure if it’s the camera’s antenna is not that strong or if it’s my router.","09 May 2021","Style: Wyze Cam v3","","Yes","N","5.0","Wyze Cam v3 with Color Night Vision, Wired 1080p HD Indoor/Outdoor Video Camera, 2-Way Audio, Works with Alexa, Google Assistant, and IFTTT","https://www.amazon.com/Vision-Indoor-Outdoor-Camera-Assistant/product-reviews/B08R59YH7W/ref=cm_cr_dp_d_show_all_btm?ie=UTF8&reviewerType=all_reviews&pageNumber=32"
"incredible images","For the price, this is an excellent little camera. The only and I mean ""only"" issue i have is the zoom function. The images are pixelated when you zoom on an image. So if you need to identify a person or license plate, the i.age needs to be within 10 to 15 feet. The camera will detect vehicles out on our road, which is over 300 feet but useless for zooming in on that image. The cars and trucks are very discernible but no other details about the vehicle is. Overall for the price, I like the camera, I will buy more.","03 Jun 2021","Style: Wyze Cam v3","https://images-na.ssl-images-amazon.com/images/I/81JOUnA3KsL._SY88.jpg
https://images-na.ssl-images-amazon.com/images/I/B1x+Qhtd59S._SY88.png
https://images-na.ssl-images-amazon.com/images/I/B1zsY6yS-SS._SY88.png","Yes","CAthy West","4.0","Wyze Cam v3 with Color Night Vision, Wired 1080p HD Indoor/Outdoor Video Camera, 2-Way Audio, Works with Alexa, Google Assistant, and IFTTT","https://www.amazon.com/Vision-Indoor-Outdoor-Camera-Assistant/product-reviews/B08R59YH7W/ref=cm_cr_dp_d_show_all_btm?ie=UTF8&reviewerType=all_reviews&pageNumber=32"
"Won’t work with 5G","Purchased two of these units today. Upon setting up the first camera I got an error message saying that the unit won’t work on a 5G network! Lacking a time machine to go back to 2019 (pre 5G) I had to return them. The information should be on the product description for their “newest” product.","13 May 2021","Style: Wyze Cam v3","","Yes","Amazon Customer","1.0","Wyze Cam v3 with Color Night Vision, Wired 1080p HD Indoor/Outdoor Video Camera, 2-Way Audio, Works with Alexa, Google Assistant, and IFTTT","https://www.amazon.com/Vision-Indoor-Outdoor-Camera-Assistant/product-reviews/B08R59YH7W/ref=cm_cr_dp_d_show_all_btm?ie=UTF8&reviewerType=all_reviews&pageNumber=32"
"Definitely must buy it!","This camera is simply awesome, it has up to 1080p video recording, speaker, night vision, sd card slot up to 32gb, nice design everything for $29, you don't need to go and spend $200 or more in other cameras when this one I'm pretty sure will accomplish whatever you are trying to protect and record.","01 May 2021","Style: Wyze Cam v3","","Yes","David R.","5.0","Wyze Cam v3 with Color Night Vision, Wired 1080p HD Indoor/Outdoor Video Camera, 2-Way Audio, Works with Alexa, Google Assistant, and IFTTT","https://www.amazon.com/Vision-Indoor-Outdoor-Camera-Assistant/product-reviews/B08R59YH7W/ref=cm_cr_dp_d_show_all_btm?ie=UTF8&reviewerType=all_reviews&pageNumber=32"
"Complete waste of money","Worst piece of trash u can purchase! App doesn't get you the video events consistently. Sometimes they show up, sometimes not at all. Amazon won't return the cameras and neither will wyze. Trash company, trash people running it, with trash technology. Worst POS u can buy. Don't waste your money on these DBags. Super disappointed","11 Jun 2021","Style: Wyze Cam v3","","Yes","Jesse g","1.0","Wyze Cam v3 with Color Night Vision, Wired 1080p HD Indoor/Outdoor Video Camera, 2-Way Audio, Works with Alexa, Google Assistant, and IFTTT","https://www.amazon.com/Vision-Indoor-Outdoor-Camera-Assistant/product-reviews/B08R59YH7W/ref=cm_cr_dp_d_show_all_btm?ie=UTF8&reviewerType=all_reviews&pageNumber=32"
"You must know these 2 things not in the directions","1. To connect, your wifi must be on the 2.4 ghz band. you change this in the menu accessed via the label on your router 2. for the QR scan part, you have to screen capture the code, then send it to a computer or other screen. otherwise, it won't scan, if you try to use your mobile. And a third thing that sucks - they really try to upsell you constantly on subs.","02 Jun 2021","Style: Wyze Cam v3","","Yes","Adam Dawkins","3.0","Wyze Cam v3 with Color Night Vision, Wired 1080p HD Indoor/Outdoor Video Camera, 2-Way Audio, Works with Alexa, Google Assistant, and IFTTT","https://www.amazon.com/Vision-Indoor-Outdoor-Camera-Assistant/product-reviews/B08R59YH7W/ref=cm_cr_dp_d_show_all_btm?ie=UTF8&reviewerType=all_reviews&pageNumber=32"
"Much better than V2!!!","So far so good. The color night vision is super impressive. With it dark outside it looks as those a spot light is shining on the driveway. The quality of the video isn’t the greatest but all the features and price more than out weigh the quality of the video itself.","07 Jun 2021","Style: Wyze Cam v3","","Yes","Anthony","5.0","Wyze Cam v3 with Color Night Vision, Wired 1080p HD Indoor/Outdoor Video Camera, 2-Way Audio, Works with Alexa, Google Assistant, and IFTTT","https://www.amazon.com/Vision-Indoor-Outdoor-Camera-Assistant/product-reviews/B08R59YH7W/ref=cm_cr_dp_d_show_all_btm?ie=UTF8&reviewerType=all_reviews&pageNumber=33"
"EYE SPY WITH MY LITTLE EYE","Very clear picture and video. Easy to use and set up. Small and discreet both night/day video and picture turn out really well. I was able to turn on the video option of the live look and turn on the microphone and yell at my cat to get off the glass table, it's not study.","05 Jun 2021","Style: Wyze Cam v3","https://images-na.ssl-images-amazon.com/images/I/A1K1E+HGLpL._SY88.jpg","Yes","rkb702","5.0","Wyze Cam v3 with Color Night Vision, Wired 1080p HD Indoor/Outdoor Video Camera, 2-Way Audio, Works with Alexa, Google Assistant, and IFTTT","https://www.amazon.com/Vision-Indoor-Outdoor-Camera-Assistant/product-reviews/B08R59YH7W/ref=cm_cr_dp_d_show_all_btm?ie=UTF8&reviewerType=all_reviews&pageNumber=33"
"Worth every penny!","I've been wanting one of these cameras for a while now and finally jumped on it. I have one for the front yard and one for the back. The backyard image shown is through a screened porch door, no IR lights. The yard depth is roughly 75ft. We're even able to capture the next door neighbors shed. The front yard camera is currently sitting in a window but captures the whole yard. SUPER impressed with this camera and I'm looking forward to getting a couple more for the sides of the house. I'm sure my neighbor will want some as well. Setup was quick and simple!","21 May 2021","Style: Wyze Cam v3","https://images-na.ssl-images-amazon.com/images/I/B1ggPvytghS._SY88.jpg","Yes","Jessica B","5.0","Wyze Cam v3 with Color Night Vision, Wired 1080p HD Indoor/Outdoor Video Camera, 2-Way Audio, Works with Alexa, Google Assistant, and IFTTT","https://www.amazon.com/Vision-Indoor-Outdoor-Camera-Assistant/product-reviews/B08R59YH7W/ref=cm_cr_dp_d_show_all_btm?ie=UTF8&reviewerType=all_reviews&pageNumber=33"
"Works as it should","Seems fine for our needs.  Would buy it again.  The night mode is better than the version 1 camera we have.  Just moved that to another room.  It took a 32gb micro sd card.  Didn’t try out a 64gb card.  Color seems rich and it spots cars and animals in our driveway.","29 Mar 2021","Style: Wyze Cam v3","","Yes","J. G","5.0","Wyze Cam v3 with Color Night Vision, Wired 1080p HD Indoor/Outdoor Video Camera, 2-Way Audio, Works with Alexa, Google Assistant, and IFTTT","https://www.amazon.com/Vision-Indoor-Outdoor-Camera-Assistant/product-reviews/B08R59YH7W/ref=cm_cr_dp_d_show_all_btm?ie=UTF8&reviewerType=all_reviews&pageNumber=33"
"GREAT CAMERAS AND FANTASTIC CUSTOMER SERVICE","For a non tech person instructions difficult But THE CUSTOMER SUPPORT HELP HAS BEEN WORTH 20 TIMES THE COST OF THE PRODUCT.  REPS (2 DIFFERENT CALLS) PATIENT AND TOOK THEIR TIME TO WALK THRU ALL STEPS AND ANSWER ALL QUESTIONS. SOOOO IMPRESSED WITH THE CAMERAS AND MOST OF ALL WYZE!!!!#","05 May 2021","Style: Wyze Cam v3","","Yes","L. Libbey","5.0","Wyze Cam v3 with Color Night Vision, Wired 1080p HD Indoor/Outdoor Video Camera, 2-Way Audio, Works with Alexa, Google Assistant, and IFTTT","https://www.amazon.com/Vision-Indoor-Outdoor-Camera-Assistant/product-reviews/B08R59YH7W/ref=cm_cr_dp_d_show_all_btm?ie=UTF8&reviewerType=all_reviews&pageNumber=33"
"Great feature set, bad audio","Great feature set and price point. Motion and audio alerts are key compared with other cameras. However the audio quality is very poor. Set it up next to a Blink camera and the audio quality difference is huge. Basically you can't understand anything said on the wyze. This is unfortunate because I think it has most cameras beat in every other way.","06 Jun 2021","Style: Wyze Cam v3","","Yes","TED","3.0","Wyze Cam v3 with Color Night Vision, Wired 1080p HD Indoor/Outdoor Video Camera, 2-Way Audio, Works with Alexa, Google Assistant, and IFTTT","https://www.amazon.com/Vision-Indoor-Outdoor-Camera-Assistant/product-reviews/B08R59YH7W/ref=cm_cr_dp_d_show_all_btm?ie=UTF8&reviewerType=all_reviews&pageNumber=33"
"Nice to look at.","I like the size of it I like the looks of it.  I don't like the fact that it will not connect to my network which is spectrum.","22 Apr 2021","Style: Wyze Cam v3","","Yes","Gary Roy","1.0","Wyze Cam v3 with Color Night Vision, Wired 1080p HD Indoor/Outdoor Video Camera, 2-Way Audio, Works with Alexa, Google Assistant, and IFTTT","https://www.amazon.com/Vision-Indoor-Outdoor-Camera-Assistant/product-reviews/B08R59YH7W/ref=cm_cr_dp_d_show_all_btm?ie=UTF8&reviewerType=all_reviews&pageNumber=33"
"Better than Blink","Great camera! Has way better quality than Blink cameras and the yearly charge (if you want to pay it) isn't bad at all. Still works great without it too. More features than all Blink cameras and no need to worry about batteries. Should have just got these from the start.","16 Jun 2021","Style: Wyze Cam v3","","Yes","Tyler","5.0","Wyze Cam v3 with Color Night Vision, Wired 1080p HD Indoor/Outdoor Video Camera, 2-Way Audio, Works with Alexa, Google Assistant, and IFTTT","https://www.amazon.com/Vision-Indoor-Outdoor-Camera-Assistant/product-reviews/B08R59YH7W/ref=cm_cr_dp_d_show_all_btm?ie=UTF8&reviewerType=all_reviews&pageNumber=33"
"Works great!","A good upgrade.  The night vision is much better.  I like this product a lot.  I have several of the version 2.","31 May 2021","Style: Wyze Cam v3","","Yes","KatsWorld","4.0","Wyze Cam v3 with Color Night Vision, Wired 1080p HD Indoor/Outdoor Video Camera, 2-Way Audio, Works with Alexa, Google Assistant, and IFTTT","https://www.amazon.com/Vision-Indoor-Outdoor-Camera-Assistant/product-reviews/B08R59YH7W/ref=cm_cr_dp_d_show_all_btm?ie=UTF8&reviewerType=all_reviews&pageNumber=33"
"Great value for a quality security camera.","I purchased two of these. Both are mounted indoors looking through windows at my front porch and patio. They work good there, however one can not use the infrared for night vision. With a little light from street lights, they provide a satisfactory picture quality. The ability to set a motion detection zone eliminates some unwanted triggers and the AI filters make them perfect. Eliminates virtually all nusianse videos. I'm a fan!","01 Jun 2021","Style: Wyze Cam v3","","Yes","George P","5.0","Wyze Cam v3 with Color Night Vision, Wired 1080p HD Indoor/Outdoor Video Camera, 2-Way Audio, Works with Alexa, Google Assistant, and IFTTT","https://www.amazon.com/Vision-Indoor-Outdoor-Camera-Assistant/product-reviews/B08R59YH7W/ref=cm_cr_dp_d_show_all_btm?ie=UTF8&reviewerType=all_reviews&pageNumber=33"
"Works really well color & resolution.","I have an previous model of a Wyze Cam. So o lurched this because I was pleased with the old model. This camera is great and it seems to hold up well outdoors. I liked it so much I have lurched a second camera. The resolution and the night vision is great.","22 May 2021","Style: Wyze Cam v3","","Yes","T. Box","5.0","Wyze Cam v3 with Color Night Vision, Wired 1080p HD Indoor/Outdoor Video Camera, 2-Way Audio, Works with Alexa, Google Assistant, and IFTTT","https://www.amazon.com/Vision-Indoor-Outdoor-Camera-Assistant/product-reviews/B08R59YH7W/ref=cm_cr_dp_d_show_all_btm?ie=UTF8&reviewerType=all_reviews&pageNumber=34"
"Disconnects frequently","These would be 5 stars but they are constantly disconnecting and requiring me to unplug and replug them back in every night. Have two cameras and have had to reset one or the other before bedtime each of the nights since I've gotten them. They run all night just fine then but it's annoying and shouldn't be something that's happening with brand new hardware","14 Apr 2021","Style: Wyze Cam v3","","Yes","erwin4200","3.0","Wyze Cam v3 with Color Night Vision, Wired 1080p HD Indoor/Outdoor Video Camera, 2-Way Audio, Works with Alexa, Google Assistant, and IFTTT","https://www.amazon.com/Vision-Indoor-Outdoor-Camera-Assistant/product-reviews/B08R59YH7W/ref=cm_cr_dp_d_show_all_btm?ie=UTF8&reviewerType=all_reviews&pageNumber=34"
"So far so good. For the price, it is practically disposable.","Looking to replace two Arlo Pro 2s that won't function any longer, I figured I'd give this a try. To my surprise it works great - so far! Clear image, easy set up, good app. I can't imagine it will last, but neither did the Arlos and this is 80% cheaper.","03 May 2021","Style: Wyze Cam v3","","Yes","Zimmm","5.0","Wyze Cam v3 with Color Night Vision, Wired 1080p HD Indoor/Outdoor Video Camera, 2-Way Audio, Works with Alexa, Google Assistant, and IFTTT","https://www.amazon.com/Vision-Indoor-Outdoor-Camera-Assistant/product-reviews/B08R59YH7W/ref=cm_cr_dp_d_show_all_btm?ie=UTF8&reviewerType=all_reviews&pageNumber=34"
"No good.","Idk what is wrong with Wyze cameras but they never stay connected to the internet for us. The last one stopped connecting after a while of use. And this one is worse- first day using it and it won’t stay connected for more then 10 seconds at a time. What good is that?","21 May 2021","Style: Wyze Cam v3","","Yes","Jurry","1.0","Wyze Cam v3 with Color Night Vision, Wired 1080p HD Indoor/Outdoor Video Camera, 2-Way Audio, Works with Alexa, Google Assistant, and IFTTT","https://www.amazon.com/Vision-Indoor-Outdoor-Camera-Assistant/product-reviews/B08R59YH7W/ref=cm_cr_dp_d_show_all_btm?ie=UTF8&reviewerType=all_reviews&pageNumber=34"
"Best security value on the market","Best thing for security and very affordable I would recommend this to anyone and the $20 a year per camera for unlimited recordings cheaper then the Comcast and ADT combined great value","01 May 2021","Style: Wyze Cam v3","","Yes","Matthew Garrett","5.0","Wyze Cam v3 with Color Night Vision, Wired 1080p HD Indoor/Outdoor Video Camera, 2-Way Audio, Works with Alexa, Google Assistant, and IFTTT","https://www.amazon.com/Vision-Indoor-Outdoor-Camera-Assistant/product-reviews/B08R59YH7W/ref=cm_cr_dp_d_show_all_btm?ie=UTF8&reviewerType=all_reviews&pageNumber=34"
"Will Video through glass","I live in a condo so not allowed to secure camera to outside wall. This camera takes video through glass so was able to set it inside my window aimed at the door. Good clarity and night vision and you can set alerts for a person, vehicle, package etc. perfect for my needs.","29 Apr 2021","Style: Wyze Cam v3","","Yes","CFlorida12","5.0","Wyze Cam v3 with Color Night Vision, Wired 1080p HD Indoor/Outdoor Video Camera, 2-Way Audio, Works with Alexa, Google Assistant, and IFTTT","https://www.amazon.com/Vision-Indoor-Outdoor-Camera-Assistant/product-reviews/B08R59YH7W/ref=cm_cr_dp_d_show_all_btm?ie=UTF8&reviewerType=all_reviews&pageNumber=34"
"Works just as well if not better than a baby cam","Works as described! We use this in our babies room, as opposed to the Owlet or actual baby cams. Works just as well if not better with the night vision! The only difference between the owlet and Wyze is that the owlet had a temperature sensor and I could listen to audio in the background on my phone. No biggie; I can hear when my child wakes up at night anyway and his room stays relatively the same temp day and night!  I can’t get motion detection to work but I think that’s because I need to buy the Wyze plus","03 Jun 2021","Style: Wyze Cam v3","","Yes","Ana Deligny","4.0","Wyze Cam v3 with Color Night Vision, Wired 1080p HD Indoor/Outdoor Video Camera, 2-Way Audio, Works with Alexa, Google Assistant, and IFTTT","https://www.amazon.com/Vision-Indoor-Outdoor-Camera-Assistant/product-reviews/B08R59YH7W/ref=cm_cr_dp_d_show_all_btm?ie=UTF8&reviewerType=all_reviews&pageNumber=34"
"Junk","Could not get unit to record. Not interested in paying yearly fee to use my internet. Three in trash.","06 Jun 2021","Style: Wyze Cam v3","","Yes","Ed","1.0","Wyze Cam v3 with Color Night Vision, Wired 1080p HD Indoor/Outdoor Video Camera, 2-Way Audio, Works with Alexa, Google Assistant, and IFTTT","https://www.amazon.com/Vision-Indoor-Outdoor-Camera-Assistant/product-reviews/B08R59YH7W/ref=cm_cr_dp_d_show_all_btm?ie=UTF8&reviewerType=all_reviews&pageNumber=34"
"Unimpressed","I own three Wyze Outdoor Cams which work flawlessly. I purchased the Wyze Cam V3 to use as an indoor security camera and experienced nothing but trouble. It would not recognize the microSD card that was installed, even though this is the same card as is used in the outdoor cams. The connection would drop in and out even though it was located about 5 feet from the router. It was returned the next day.","19 May 2021","Style: Wyze Cam v3","","Yes","George Toscano","1.0","Wyze Cam v3 with Color Night Vision, Wired 1080p HD Indoor/Outdoor Video Camera, 2-Way Audio, Works with Alexa, Google Assistant, and IFTTT","https://www.amazon.com/Vision-Indoor-Outdoor-Camera-Assistant/product-reviews/B08R59YH7W/ref=cm_cr_dp_d_show_all_btm?ie=UTF8&reviewerType=all_reviews&pageNumber=34"
"Read me","There’s always going to be mix reviews for a product. Honestly you get what you paid for most of the time but this one is a bang for your buck. Don’t listen to those negative comments, okay your camera might get hacked or whatever they’re saying but it does the job right? Good quality camera and literally you can hear perfectly through it.","21 May 2021","Style: Wyze Cam v3","","Yes","Monnie Bags","5.0","Wyze Cam v3 with Color Night Vision, Wired 1080p HD Indoor/Outdoor Video Camera, 2-Way Audio, Works with Alexa, Google Assistant, and IFTTT","https://www.amazon.com/Vision-Indoor-Outdoor-Camera-Assistant/product-reviews/B08R59YH7W/ref=cm_cr_dp_d_show_all_btm?ie=UTF8&reviewerType=all_reviews&pageNumber=34"
"Must have, great value, and excellent quality footage!","Great camera! At first it may seem very loose and easy for it to turn, but holds steady, even in storms.  Great quality night footage, and very sensitive to all movements. Perfect for package deliveries, and to secure your home by filming 24/7.","24 Apr 2021","Style: Wyze Cam v3","","Yes","Jake Hudgeons","5.0","Wyze Cam v3 with Color Night Vision, Wired 1080p HD Indoor/Outdoor Video Camera, 2-Way Audio, Works with Alexa, Google Assistant, and IFTTT","https://www.amazon.com/Vision-Indoor-Outdoor-Camera-Assistant/product-reviews/B08R59YH7W/ref=cm_cr_dp_d_show_all_btm?ie=UTF8&reviewerType=all_reviews&pageNumber=35"
"No RTSP feed","Congrats to wyze for developing the first cam I've come across without rtsp. Unable to use with blue iris. Though they promise to add it at some point. They have promised it for months with no ETA. Purchased a handful of these to update some cameras and are completely worthless","02 May 2021","Style: Wyze Cam v3","","Yes","Bill","1.0","Wyze Cam v3 with Color Night Vision, Wired 1080p HD Indoor/Outdoor Video Camera, 2-Way Audio, Works with Alexa, Google Assistant, and IFTTT","https://www.amazon.com/Vision-Indoor-Outdoor-Camera-Assistant/product-reviews/B08R59YH7W/ref=cm_cr_dp_d_show_all_btm?ie=UTF8&reviewerType=all_reviews&pageNumber=35"
"Great Camera but Quality Control Issues","I bought my first Wyze Cam V3 based on reviews I had read regarding the quality of it's performance in low light (night time). It performed so well I ordered two more. Upon arrival, one of those worked great, the second one just went into a sort of boot loop. Amazon authorized a return and replacement with no problem. When the replacement came, it would only show the bottom half of the image so it too was sent back. Bottom line from my experience: if you get one that works...they are great. There does seem to be some quality control issues!","18 May 2021","Style: Wyze Cam v3","","Yes","Brian","4.0","Wyze Cam v3 with Color Night Vision, Wired 1080p HD Indoor/Outdoor Video Camera, 2-Way Audio, Works with Alexa, Google Assistant, and IFTTT","https://www.amazon.com/Vision-Indoor-Outdoor-Camera-Assistant/product-reviews/B08R59YH7W/ref=cm_cr_dp_d_show_all_btm?ie=UTF8&reviewerType=all_reviews&pageNumber=35"
"Exceptional quality at an unbelievable price","These cameras are absolutely amazing at producing excellent picture quality at an unbelievable low price. I now have five of them Has various locations inside and outside the house and couldn’t be happier with the quality and ease of set up.","27 May 2021","Style: Wyze Cam v3","","Yes","Robert (Buff) Leboeuf","5.0","Wyze Cam v3 with Color Night Vision, Wired 1080p HD Indoor/Outdoor Video Camera, 2-Way Audio, Works with Alexa, Google Assistant, and IFTTT","https://www.amazon.com/Vision-Indoor-Outdoor-Camera-Assistant/product-reviews/B08R59YH7W/ref=cm_cr_dp_d_show_all_btm?ie=UTF8&reviewerType=all_reviews&pageNumber=35"
"Great camera, Not so great Microphone...","For the price this is a great camera. The only issue I've found is that the microphone isn't all that great. So in your recorded videos the audio won't be very loud and will be hard to hear. Even after going through the settings to try and turn it up, it's hard to really hear anything. Aside from that , picture quality is really good for the price of the camera. (Depending on your WiFi connection speed of course). I'll be purchasing a couple more of these unless I find a better one down the road.","02 May 2021","Style: Wyze Cam v3","","Yes","Chris Schaffer","4.0","Wyze Cam v3 with Color Night Vision, Wired 1080p HD Indoor/Outdoor Video Camera, 2-Way Audio, Works with Alexa, Google Assistant, and IFTTT","https://www.amazon.com/Vision-Indoor-Outdoor-Camera-Assistant/product-reviews/B08R59YH7W/ref=cm_cr_dp_d_show_all_btm?ie=UTF8&reviewerType=all_reviews&pageNumber=35"
"Alexa intehration not good","I hoped that i would be able to switch the camera on and off via Alexa as it stated that there was Alexa integration. Although you can show the camera on an Alexa that has a screen, that is all. No switching, no visuals on an ipad or phone via a voice command. Happy otherwise.","11 May 2021","Style: Wyze Cam v3","","Yes","Professor Ralph Kirby","4.0","Wyze Cam v3 with Color Night Vision, Wired 1080p HD Indoor/Outdoor Video Camera, 2-Way Audio, Works with Alexa, Google Assistant, and IFTTT","https://www.amazon.com/Vision-Indoor-Outdoor-Camera-Assistant/product-reviews/B08R59YH7W/ref=cm_cr_dp_d_show_all_btm?ie=UTF8&reviewerType=all_reviews&pageNumber=35"
"Garbage never connects","It only seems to work when I’m in the same room. Tried it multiple time while away and it fails 100% of the time.","04 Apr 2021","Style: Wyze Cam v3","","Yes","Eric Rosner","1.0","Wyze Cam v3 with Color Night Vision, Wired 1080p HD Indoor/Outdoor Video Camera, 2-Way Audio, Works with Alexa, Google Assistant, and IFTTT","https://www.amazon.com/Vision-Indoor-Outdoor-Camera-Assistant/product-reviews/B08R59YH7W/ref=cm_cr_dp_d_show_all_btm?ie=UTF8&reviewerType=all_reviews&pageNumber=35"
"Doesn't read micro SD card","The setup instructions doesn't mention how to install micro SD card; however, it's inserted correctly, just cannot view playback at all. It's a joke!","11 May 2021","Style: Wyze Cam v3","","Yes","Amazon Customer","1.0","Wyze Cam v3 with Color Night Vision, Wired 1080p HD Indoor/Outdoor Video Camera, 2-Way Audio, Works with Alexa, Google Assistant, and IFTTT","https://www.amazon.com/Vision-Indoor-Outdoor-Camera-Assistant/product-reviews/B08R59YH7W/ref=cm_cr_dp_d_show_all_btm?ie=UTF8&reviewerType=all_reviews&pageNumber=35"
"Problem with app integration","Every thing is good only reason I gave it 4* even cuz I installed it at exact same as my V2 but network detection is  less that my old wyzecam v2. It keeps loosing connection with the app.  Other than that it is above and beyond the old version.","07 Apr 2021","Style: Wyze Cam v3","","Yes","XD","3.0","Wyze Cam v3 with Color Night Vision, Wired 1080p HD Indoor/Outdoor Video Camera, 2-Way Audio, Works with Alexa, Google Assistant, and IFTTT","https://www.amazon.com/Vision-Indoor-Outdoor-Camera-Assistant/product-reviews/B08R59YH7W/ref=cm_cr_dp_d_show_all_btm?ie=UTF8&reviewerType=all_reviews&pageNumber=35"
"Horrible Audio","I like the camera itself. But the app is horrible. When you talk and listen it lags and buffers horribly. So when you speak it is horribly choppy and same when you listen.","22 Apr 2021","Style: Wyze Cam v3","","Yes","Joyce Nichols","2.0","Wyze Cam v3 with Color Night Vision, Wired 1080p HD Indoor/Outdoor Video Camera, 2-Way Audio, Works with Alexa, Google Assistant, and IFTTT","https://www.amazon.com/Vision-Indoor-Outdoor-Camera-Assistant/product-reviews/B08R59YH7W/ref=cm_cr_dp_d_show_all_btm?ie=UTF8&reviewerType=all_reviews&pageNumber=35"
"Compact and real HD display","Delivers real HD display in a real compact webcam. Easy to operate. For motion detection, there is a delay of about 3 to 10 secs at different time frames... don't know why the difference. Play-back is also quick and easy. A webcam at such price is really a good bargain. Highly recommended.","31 Mar 2021","Style: Wyze Cam v3","","Yes","DabbaAmma","5.0","Wyze Cam v3 with Color Night Vision, Wired 1080p HD Indoor/Outdoor Video Camera, 2-Way Audio, Works with Alexa, Google Assistant, and IFTTT","https://www.amazon.com/Vision-Indoor-Outdoor-Camera-Assistant/product-reviews/B08R59YH7W/ref=cm_cr_dp_d_show_all_btm?ie=UTF8&reviewerType=all_reviews&pageNumber=36"
"Great outdoor camera","Great outdoor camera.  The picture quality is superb.  The night vision is crystal clear.  This has been the perfect camera although I didn't know I needed the SD card so I need to purchase it when I think it should have came with one.","11 May 2021","Style: Wyze Cam v3","","Yes","Paulina","4.0","Wyze Cam v3 with Color Night Vision, Wired 1080p HD Indoor/Outdoor Video Camera, 2-Way Audio, Works with Alexa, Google Assistant, and IFTTT","https://www.amazon.com/Vision-Indoor-Outdoor-Camera-Assistant/product-reviews/B08R59YH7W/ref=cm_cr_dp_d_show_all_btm?ie=UTF8&reviewerType=all_reviews&pageNumber=36"
"Love it","Much better design and elegant. Easy to set up and has everything what I need. Love it.","11 Mar 2021","Style: Wyze Cam v3","","Yes","Sumeer","5.0","Wyze Cam v3 with Color Night Vision, Wired 1080p HD Indoor/Outdoor Video Camera, 2-Way Audio, Works with Alexa, Google Assistant, and IFTTT","https://www.amazon.com/Vision-Indoor-Outdoor-Camera-Assistant/product-reviews/B08R59YH7W/ref=cm_cr_dp_d_show_all_btm?ie=UTF8&reviewerType=all_reviews&pageNumber=36"
"Update:Time lapse work. Motion detection is so so","Grass motion triggers the camera. Update: Time lapse is now working Can not properly detect person or birds","01 May 2021","Style: Wyze Cam v3","","Yes","Anup K.","3.0","Wyze Cam v3 with Color Night Vision, Wired 1080p HD Indoor/Outdoor Video Camera, 2-Way Audio, Works with Alexa, Google Assistant, and IFTTT","https://www.amazon.com/Vision-Indoor-Outdoor-Camera-Assistant/product-reviews/B08R59YH7W/ref=cm_cr_dp_d_show_all_btm?ie=UTF8&reviewerType=all_reviews&pageNumber=36"
"Amazing","Ammmaaaazziiinnngggg. For the price is probably one of the best out there. Just make sure you have descent WiFi signal if you putting it outside and getting an extension cable isn’t a bad idea. I love it and will get another one for my backyard","10 May 2021","Style: Wyze Cam v3","https://images-na.ssl-images-amazon.com/images/I/81GcFnbhjGL._SY88.jpg","Yes","Sergio Flores","5.0","Wyze Cam v3 with Color Night Vision, Wired 1080p HD Indoor/Outdoor Video Camera, 2-Way Audio, Works with Alexa, Google Assistant, and IFTTT","https://www.amazon.com/Vision-Indoor-Outdoor-Camera-Assistant/product-reviews/B08R59YH7W/ref=cm_cr_dp_d_show_all_btm?ie=UTF8&reviewerType=all_reviews&pageNumber=36"
"Great camera for the price point","So, for what you're paying for these cameras, they are awesome.  If they got more expensive than current price (around $30/camera, they used to be cheaper) I would say it's not worth it because of certain limitations.  But overall I would recommend...oh, and if there's any ambient light, the night vision is pretty damn good.","26 May 2021","Style: Wyze Cam v3","","Yes","Dez","5.0","Wyze Cam v3 with Color Night Vision, Wired 1080p HD Indoor/Outdoor Video Camera, 2-Way Audio, Works with Alexa, Google Assistant, and IFTTT","https://www.amazon.com/Vision-Indoor-Outdoor-Camera-Assistant/product-reviews/B08R59YH7W/ref=cm_cr_dp_d_show_all_btm?ie=UTF8&reviewerType=all_reviews&pageNumber=36"
"I am impressed!","Wow - I am amazed at how well these cams work.  I have Nest cams at my remote property and they work good, but for 10x the cost of the Wyze cam, these are an amazing value.  Very good picture quality and night vision, easy to mount,","31 Mar 2021","Style: Wyze Cam v3","","Yes","Heizenberg","5.0","Wyze Cam v3 with Color Night Vision, Wired 1080p HD Indoor/Outdoor Video Camera, 2-Way Audio, Works with Alexa, Google Assistant, and IFTTT","https://www.amazon.com/Vision-Indoor-Outdoor-Camera-Assistant/product-reviews/B08R59YH7W/ref=cm_cr_dp_d_show_all_btm?ie=UTF8&reviewerType=all_reviews&pageNumber=36"
"Great little camera !!!!","I got this camera so I could watch my foster mom cat with her newborns while I was at work. I love it!! I can turn on the sound feature and talk to them through the app on my phone. Photos posted are night vision and day. Set up was simple and picture quality is amazing.","08 May 2021","Style: Wyze Cam v3","https://images-na.ssl-images-amazon.com/images/I/515X4+evGxL._SY88.jpg
https://images-na.ssl-images-amazon.com/images/I/61eHzpfDW+L._SY88.jpg","Yes","carla","5.0","Wyze Cam v3 with Color Night Vision, Wired 1080p HD Indoor/Outdoor Video Camera, 2-Way Audio, Works with Alexa, Google Assistant, and IFTTT","https://www.amazon.com/Vision-Indoor-Outdoor-Camera-Assistant/product-reviews/B08R59YH7W/ref=cm_cr_dp_d_show_all_btm?ie=UTF8&reviewerType=all_reviews&pageNumber=36"
"Easy setup and install","As you can see we are using one in the backyard and one on porch, very easy setup and install! Clarity is pretty good, it’s very sensitive so I recommend playing with that feature and adjust accordingly! I’ve only had them up for a few days but so far so good!  as you can see by photos the backyard is pretty good distance away!","07 May 2021","Style: Wyze Cam v3","https://images-na.ssl-images-amazon.com/images/I/81BQRmljnaL._SY88.jpg","Yes","Donna M.","4.0","Wyze Cam v3 with Color Night Vision, Wired 1080p HD Indoor/Outdoor Video Camera, 2-Way Audio, Works with Alexa, Google Assistant, and IFTTT","https://www.amazon.com/Vision-Indoor-Outdoor-Camera-Assistant/product-reviews/B08R59YH7W/ref=cm_cr_dp_d_show_all_btm?ie=UTF8&reviewerType=all_reviews&pageNumber=36"
"Awesome","Easy setup took under 5 minutes in one try. The color night vision is incredibly clear, I mean it’s amazing, I can see better through cam than if I was outside with my eye. The motion detections are great, especially with cam+ service, telling me if person, vehicle or sound (with pet detection coming soon) Much better service than my previous camera and service and better priced too","29 Mar 2021","Style: Wyze Cam v3","","Yes","Joe M","5.0","Wyze Cam v3 with Color Night Vision, Wired 1080p HD Indoor/Outdoor Video Camera, 2-Way Audio, Works with Alexa, Google Assistant, and IFTTT","https://www.amazon.com/Vision-Indoor-Outdoor-Camera-Assistant/product-reviews/B08R59YH7W/ref=cm_cr_dp_d_show_all_btm?ie=UTF8&reviewerType=all_reviews&pageNumber=36"
"sd card stuck","so now my sd card that i just ordered is stuck in the camera and will not work. and YES, IT IS IN CORRECTLY.... so i am not only out an sd card, but my camera will not record anything to the card, so they are both useless to me....","25 Apr 2021","Style: Wyze Cam v3","","Yes","J.Pot","1.0","Wyze Cam v3 with Color Night Vision, Wired 1080p HD Indoor/Outdoor Video Camera, 2-Way Audio, Works with Alexa, Google Assistant, and IFTTT","https://www.amazon.com/Vision-Indoor-Outdoor-Camera-Assistant/product-reviews/B08R59YH7W/ref=cm_cr_dp_d_show_all_btm?ie=UTF8&reviewerType=all_reviews&pageNumber=37"
"need a fast forward feature","the only thing that keeps this product from being perfect is the lack of a fast forward feature. instead, i have to use my finger to skip through the timeline like a million times to capture a specific moment. to make matters worst sometimes im forced to watch endless minutes of playback because no way to fast forward.","07 Jun 2021","Style: Wyze Cam v3","","Yes","randomdude","4.0","Wyze Cam v3 with Color Night Vision, Wired 1080p HD Indoor/Outdoor Video Camera, 2-Way Audio, Works with Alexa, Google Assistant, and IFTTT","https://www.amazon.com/Vision-Indoor-Outdoor-Camera-Assistant/product-reviews/B08R59YH7W/ref=cm_cr_dp_d_show_all_btm?ie=UTF8&reviewerType=all_reviews&pageNumber=37"
"Glitches in recording retrieval","Events sometimes can’t be viewed. Very frustrating when you got an important piece of footage you need to see. Using micro card helps but is laborious. No easy rewind /fast forward. Overall, I like it more than my Ring. But they both have pluses and minuses. ( I have both at my front door)","16 Jun 2021","Style: Wyze Cam v3","","Yes","Randa Ranson","4.0","Wyze Cam v3 with Color Night Vision, Wired 1080p HD Indoor/Outdoor Video Camera, 2-Way Audio, Works with Alexa, Google Assistant, and IFTTT","https://www.amazon.com/Vision-Indoor-Outdoor-Camera-Assistant/product-reviews/B08R59YH7W/ref=cm_cr_dp_d_show_all_btm?ie=UTF8&reviewerType=all_reviews&pageNumber=37"
"Not secure","This camera is 10000 times better than their first two versions however the cloud service does not always work even if you pay for the plus surface and if a hacker wants to erase video or manipulate your live view it is possible I was able to test this Theory with watch can't lie on my network as well as manipulate the cloud not secure would not recommend this at all","10 Jun 2021","Style: Wyze Cam v3","","Yes","Lance allen","1.0","Wyze Cam v3 with Color Night Vision, Wired 1080p HD Indoor/Outdoor Video Camera, 2-Way Audio, Works with Alexa, Google Assistant, and IFTTT","https://www.amazon.com/Vision-Indoor-Outdoor-Camera-Assistant/product-reviews/B08R59YH7W/ref=cm_cr_dp_d_show_all_btm?ie=UTF8&reviewerType=all_reviews&pageNumber=37"
"Good quality for the price but there are some faults","It took some time to setup the cameras, they couldn’t read the qr code properly. Video quality is good but not best, Motion detection works at its own will. There were some instances like ups delivery or car waiting near the road were completely missed by motion sensors so it didn’t record it. Night vision works good but video quality is poor.","20 May 2021","Style: Wyze Cam v3","","Yes","MK","2.0","Wyze Cam v3 with Color Night Vision, Wired 1080p HD Indoor/Outdoor Video Camera, 2-Way Audio, Works with Alexa, Google Assistant, and IFTTT","https://www.amazon.com/Vision-Indoor-Outdoor-Camera-Assistant/product-reviews/B08R59YH7W/ref=cm_cr_dp_d_show_all_btm?ie=UTF8&reviewerType=all_reviews&pageNumber=37"
"Great Camera and App is User Friendly","We love these. They’re easy to install and we got an SD card for 24-7 recording. The app is user friendly and easy to navigate. We use ours outside and get a great picture with fair to good sound quality both in the daylight and at night.","02 Jun 2021","Style: Wyze Cam v3","","Yes","Sayler Hasty","5.0","Wyze Cam v3 with Color Night Vision, Wired 1080p HD Indoor/Outdoor Video Camera, 2-Way Audio, Works with Alexa, Google Assistant, and IFTTT","https://www.amazon.com/Vision-Indoor-Outdoor-Camera-Assistant/product-reviews/B08R59YH7W/ref=cm_cr_dp_d_show_all_btm?ie=UTF8&reviewerType=all_reviews&pageNumber=37"
"No Person Detection","Consider mounting a v2 camera in a box before buying this cam. There is NO Person Detection with the v3 camera. Wyze, why call it v3 if it's not a full upgrade from v2? Returning for full refund and getting the v2 with outdoor enclosure.","28 Apr 2021","Style: Wyze Cam v3","","Yes","Elon Musk","1.0","Wyze Cam v3 with Color Night Vision, Wired 1080p HD Indoor/Outdoor Video Camera, 2-Way Audio, Works with Alexa, Google Assistant, and IFTTT","https://www.amazon.com/Vision-Indoor-Outdoor-Camera-Assistant/product-reviews/B08R59YH7W/ref=cm_cr_dp_d_show_all_btm?ie=UTF8&reviewerType=all_reviews&pageNumber=37"
"Really good camera","This is a good camera, and it's cheap! Video quality perfect, sound is good, but output could be louder. Motion detection is too sensitive. It keeps detecting motion even in no-detection zones. Not a deal breaker, thought.","09 Jun 2021","Style: Wyze Cam v3","","Yes","J. Miranda","5.0","Wyze Cam v3 with Color Night Vision, Wired 1080p HD Indoor/Outdoor Video Camera, 2-Way Audio, Works with Alexa, Google Assistant, and IFTTT","https://www.amazon.com/Vision-Indoor-Outdoor-Camera-Assistant/product-reviews/B08R59YH7W/ref=cm_cr_dp_d_show_all_btm?ie=UTF8&reviewerType=all_reviews&pageNumber=37"
"Easy install","Liked the easy install to the house great vision day and night with porch and floods or just porch lites. Connects easily to Alexa if you cuss properly. Am pleased with it however WYZE advises that there is no PC app. There are others who claim the can make it work! Be cautious they also download other software and we all should know what might happen. Will do a follow up when it fails.","22 Apr 2021","Style: Wyze Cam v3","","Yes","Pathfinder","5.0","Wyze Cam v3 with Color Night Vision, Wired 1080p HD Indoor/Outdoor Video Camera, 2-Way Audio, Works with Alexa, Google Assistant, and IFTTT","https://www.amazon.com/Vision-Indoor-Outdoor-Camera-Assistant/product-reviews/B08R59YH7W/ref=cm_cr_dp_d_show_all_btm?ie=UTF8&reviewerType=all_reviews&pageNumber=37"
"Probabally worth it.","Better than the V2 but still a toy.  If you understand that they can be interesting to play with.  I bought some to get my feet wet and pick up some rudimentary knowledge about security cameras and they accomplish that.","02 Jun 2021","Style: Wyze Cam v3","","Yes","Often Disappointed!","5.0","Wyze Cam v3 with Color Night Vision, Wired 1080p HD Indoor/Outdoor Video Camera, 2-Way Audio, Works with Alexa, Google Assistant, and IFTTT","https://www.amazon.com/Vision-Indoor-Outdoor-Camera-Assistant/product-reviews/B08R59YH7W/ref=cm_cr_dp_d_show_all_btm?ie=UTF8&reviewerType=all_reviews&pageNumber=37"
"Super impressed for the price","Was not expecting this camera to be as good as it is! It definitely is not comparable to one of the more expensive $100-$200+ video systems, but for $30, I am super impressed. I’ve had it for about a week now and I would recommend for someone who needs it to check in on their space. We use it to check the yard and dogs throughout the day and it’s been great. The connection is a little spotty at times, and the clarity isn’t great, but it was super easy to set up and the night vision is awesome too. Perfect for minor surveillance.","16 Apr 2021","Style: Wyze Cam v3","","Yes","Nicole","4.0","Wyze Cam v3 with Color Night Vision, Wired 1080p HD Indoor/Outdoor Video Camera, 2-Way Audio, Works with Alexa, Google Assistant, and IFTTT","https://www.amazon.com/Vision-Indoor-Outdoor-Camera-Assistant/product-reviews/B08R59YH7W/ref=cm_cr_dp_d_show_all_btm?ie=UTF8&reviewerType=all_reviews&pageNumber=38"
"Good Quality Camera for the Price","Have had zero issues with this product use it to monitor our front door. It works great the camera has easy set up and the app is very responsive making sure to keep is alerted when it detects a person or when the camera need an update. The night vision function is also very good.","12 May 2021","Style: Wyze Cam v3","","Yes","Daniel Gonzalez","4.0","Wyze Cam v3 with Color Night Vision, Wired 1080p HD Indoor/Outdoor Video Camera, 2-Way Audio, Works with Alexa, Google Assistant, and IFTTT","https://www.amazon.com/Vision-Indoor-Outdoor-Camera-Assistant/product-reviews/B08R59YH7W/ref=cm_cr_dp_d_show_all_btm?ie=UTF8&reviewerType=all_reviews&pageNumber=38"
"Professional quality","I was hesitant at first because of the price, but this little thing really works.  It has autio and sound so i can hear in the other room, i can also speak through it which is so cool.  ALL ON MY PHONE... I will be buying more.","23 May 2021","Style: Wyze Cam v3","","Yes","patricia j.","5.0","Wyze Cam v3 with Color Night Vision, Wired 1080p HD Indoor/Outdoor Video Camera, 2-Way Audio, Works with Alexa, Google Assistant, and IFTTT","https://www.amazon.com/Vision-Indoor-Outdoor-Camera-Assistant/product-reviews/B08R59YH7W/ref=cm_cr_dp_d_show_all_btm?ie=UTF8&reviewerType=all_reviews&pageNumber=38"
"Perfect for outdoor","Placed cameras outside, had some issues with one disconnecting now and then but after rebooting it issue solved. Night color vision works very good and life feed activated very quickly from the app no major lag","09 Jun 2021","Style: Wyze Cam v3","","Yes","MarcUY","4.0","Wyze Cam v3 with Color Night Vision, Wired 1080p HD Indoor/Outdoor Video Camera, 2-Way Audio, Works with Alexa, Google Assistant, and IFTTT","https://www.amazon.com/Vision-Indoor-Outdoor-Camera-Assistant/product-reviews/B08R59YH7W/ref=cm_cr_dp_d_show_all_btm?ie=UTF8&reviewerType=all_reviews&pageNumber=38"
"Night Vision Awesome","Your browser does not support HTML5 video. I currently have it set to SD mode for video and been up for a while with no issues. Been looking for a 4 legged perp using my area for a litter box. Now I know their route.","24 Apr 2021","Style: Wyze Cam v3","","Yes","Kristen M.","5.0","Wyze Cam v3 with Color Night Vision, Wired 1080p HD Indoor/Outdoor Video Camera, 2-Way Audio, Works with Alexa, Google Assistant, and IFTTT","https://www.amazon.com/Vision-Indoor-Outdoor-Camera-Assistant/product-reviews/B08R59YH7W/ref=cm_cr_dp_d_show_all_btm?ie=UTF8&reviewerType=all_reviews&pageNumber=38"
"Clear picture","It's a good little camera with lots of features and a very clear picture quality. It's a good value for the price. The downside is documentation. It's very scant. I would have given the camera 5 stars except for the lack of documentation.","30 Mar 2021","Style: Wyze Cam v3","","Yes","Ed Bruno","4.0","Wyze Cam v3 with Color Night Vision, Wired 1080p HD Indoor/Outdoor Video Camera, 2-Way Audio, Works with Alexa, Google Assistant, and IFTTT","https://www.amazon.com/Vision-Indoor-Outdoor-Camera-Assistant/product-reviews/B08R59YH7W/ref=cm_cr_dp_d_show_all_btm?ie=UTF8&reviewerType=all_reviews&pageNumber=38"
"Yes - It Does Work Inside A Window","I placed this Wyze camera inside the house, and at the out facing window and it picks up and catches everything that moves - as it should! So thanks to my co-worker, I picked up two! AND they both work with Alexa!","12 May 2021","Style: Wyze Cam v3","","Yes","Ken Triplin","5.0","Wyze Cam v3 with Color Night Vision, Wired 1080p HD Indoor/Outdoor Video Camera, 2-Way Audio, Works with Alexa, Google Assistant, and IFTTT","https://www.amazon.com/Vision-Indoor-Outdoor-Camera-Assistant/product-reviews/B08R59YH7W/ref=cm_cr_dp_d_show_all_btm?ie=UTF8&reviewerType=all_reviews&pageNumber=38"
"Returned camera the next day.","The camera itself was fine. The picture was clear and it was nice and compact. However, the Wyze app repeatedly disconnected the camera. Every time I closed the app and then opened it again, there was an error and the camera was disconnected. This happened on everyone's phone in the house. I know technology can be tricky sometimes, but this product did not seem reliable. I returned the camera the next day.","14 Apr 2021","Style: Wyze Cam v3","","Yes","Candyce James","2.0","Wyze Cam v3 with Color Night Vision, Wired 1080p HD Indoor/Outdoor Video Camera, 2-Way Audio, Works with Alexa, Google Assistant, and IFTTT","https://www.amazon.com/Vision-Indoor-Outdoor-Camera-Assistant/product-reviews/B08R59YH7W/ref=cm_cr_dp_d_show_all_btm?ie=UTF8&reviewerType=all_reviews&pageNumber=38"
"DONT EXPECT THIS THING TO RECORD TO A SD CARD","GLYCHY,GLYCHY,GLYCHY. Wont record over 12 seconds unless you are very, very tech savy.  I am pretty tech savy, but even after 3 hrs with this thing i was about ready to send it back. No more Wyze products for me. i am done.","12 Jun 2021","Style: Wyze Cam v3","","Yes","Just Good Folks","1.0","Wyze Cam v3 with Color Night Vision, Wired 1080p HD Indoor/Outdoor Video Camera, 2-Way Audio, Works with Alexa, Google Assistant, and IFTTT","https://www.amazon.com/Vision-Indoor-Outdoor-Camera-Assistant/product-reviews/B08R59YH7W/ref=cm_cr_dp_d_show_all_btm?ie=UTF8&reviewerType=all_reviews&pageNumber=38"
"OMG... Fantastic Camera!!!","Wyze simply amazes me. This is my third Wyze camera and this by far is the best! The color night vision is just amazing. Could improve on the AI for motion but i'm sure this will improve as updates come through.","04 Apr 2021","Style: Wyze Cam v3","","Yes","mmollat","5.0","Wyze Cam v3 with Color Night Vision, Wired 1080p HD Indoor/Outdoor Video Camera, 2-Way Audio, Works with Alexa, Google Assistant, and IFTTT","https://www.amazon.com/Vision-Indoor-Outdoor-Camera-Assistant/product-reviews/B08R59YH7W/ref=cm_cr_dp_d_show_all_btm?ie=UTF8&reviewerType=all_reviews&pageNumber=38"
"Best one","This is the BEST security camera out there. Color night vision - for 25$!! You won't regret it!","03 May 2021","Style: Wyze Cam v3","","Yes","William","5.0","Wyze Cam v3 with Color Night Vision, Wired 1080p HD Indoor/Outdoor Video Camera, 2-Way Audio, Works with Alexa, Google Assistant, and IFTTT","https://www.amazon.com/Vision-Indoor-Outdoor-Camera-Assistant/product-reviews/B08R59YH7W/ref=cm_cr_dp_d_show_all_btm?ie=UTF8&reviewerType=all_reviews&pageNumber=39"
"Good but..","I like it, I am using it for a camera to put in the duck coop and keep an eye on them. I hate how there is no way to view the feed from the internet. You can only do it through the android or ios app, but not through a computer which makes things difficult and just unnecessarily annoying.","24 Apr 2021","Style: Wyze Cam v3","","Yes","John","3.0","Wyze Cam v3 with Color Night Vision, Wired 1080p HD Indoor/Outdoor Video Camera, 2-Way Audio, Works with Alexa, Google Assistant, and IFTTT","https://www.amazon.com/Vision-Indoor-Outdoor-Camera-Assistant/product-reviews/B08R59YH7W/ref=cm_cr_dp_d_show_all_btm?ie=UTF8&reviewerType=all_reviews&pageNumber=39"
"Huge improvement!","I've used the Wyze pan & tilt and V2 models and the V3 is a huge improvement over those cameras. Add to that they are weather proof. Night time clarity is the best I've seen including my Ring brand cameras.","28 Apr 2021","Style: Wyze Cam v3","","Yes","Michael","5.0","Wyze Cam v3 with Color Night Vision, Wired 1080p HD Indoor/Outdoor Video Camera, 2-Way Audio, Works with Alexa, Google Assistant, and IFTTT","https://www.amazon.com/Vision-Indoor-Outdoor-Camera-Assistant/product-reviews/B08R59YH7W/ref=cm_cr_dp_d_show_all_btm?ie=UTF8&reviewerType=all_reviews&pageNumber=39"
"Good image. Lausy sound","Your browser does not support HTML5 video. Anybody else has this v3 lousy sound? Support say they will work on an improved firmware.","05 Jun 2021","Style: Wyze Cam v3","","Yes","Asher","3.0","Wyze Cam v3 with Color Night Vision, Wired 1080p HD Indoor/Outdoor Video Camera, 2-Way Audio, Works with Alexa, Google Assistant, and IFTTT","https://www.amazon.com/Vision-Indoor-Outdoor-Camera-Assistant/product-reviews/B08R59YH7W/ref=cm_cr_dp_d_show_all_btm?ie=UTF8&reviewerType=all_reviews&pageNumber=39"
"Great camera","Everything is good except the camera shuts down in the middle of the day for no apparent reason and I am waiting for some sort of answer from WYZE Support. Good quality pictures when it stays on to record.","04 Jun 2021","Style: Wyze Cam v3","","Yes","Mike Vaughn","4.0","Wyze Cam v3 with Color Night Vision, Wired 1080p HD Indoor/Outdoor Video Camera, 2-Way Audio, Works with Alexa, Google Assistant, and IFTTT","https://www.amazon.com/Vision-Indoor-Outdoor-Camera-Assistant/product-reviews/B08R59YH7W/ref=cm_cr_dp_d_show_all_btm?ie=UTF8&reviewerType=all_reviews&pageNumber=39"
"Great Camera!","We love these! We bought these after having TWO different baby monitors die and our kid is only 3. Will be buying more for the next one! You can talk through it and be heard easily, and the motion detecting auto-record feature is really nifty too. Definitely cannot beat the quality of camera for this price point. You can also view the footage ANYWHERE & on Google Displays! So convenient","21 May 2021","Style: Wyze Cam v3","","Yes","Ashleigh Marie","5.0","Wyze Cam v3 with Color Night Vision, Wired 1080p HD Indoor/Outdoor Video Camera, 2-Way Audio, Works with Alexa, Google Assistant, and IFTTT","https://www.amazon.com/Vision-Indoor-Outdoor-Camera-Assistant/product-reviews/B08R59YH7W/ref=cm_cr_dp_d_show_all_btm?ie=UTF8&reviewerType=all_reviews&pageNumber=39"
"Wyze Cam v3 1080p HD Indoor/Outdoor Video Camera","I love this camera. I did my research before buying. After I bought my first one, I bought another one. Great picture and sound. Love the night color. Great product in such a tiny cube. Would recommend!","03 May 2021","Style: Wyze Cam v3","","Yes","Shir-Lee A Hyman","5.0","Wyze Cam v3 with Color Night Vision, Wired 1080p HD Indoor/Outdoor Video Camera, 2-Way Audio, Works with Alexa, Google Assistant, and IFTTT","https://www.amazon.com/Vision-Indoor-Outdoor-Camera-Assistant/product-reviews/B08R59YH7W/ref=cm_cr_dp_d_show_all_btm?ie=UTF8&reviewerType=all_reviews&pageNumber=39"
"Somebody is watching you!!","Be careful!! I came home my camera has red light..somebody was watching me. I was being watch twice. Had to unplug it. I haven't share anybody with camera but my self..I had to change my password with an stronger password","09 May 2021","Style: Wyze Cam v3","","Yes","Davith say","3.0","Wyze Cam v3 with Color Night Vision, Wired 1080p HD Indoor/Outdoor Video Camera, 2-Way Audio, Works with Alexa, Google Assistant, and IFTTT","https://www.amazon.com/Vision-Indoor-Outdoor-Camera-Assistant/product-reviews/B08R59YH7W/ref=cm_cr_dp_d_show_all_btm?ie=UTF8&reviewerType=all_reviews&pageNumber=39"
"Buy this if you enjoy being ripped off.","These things are terrible. The picture is fine but the subscriptions are totally reprehensible and without a doubt some of the worst I have run across. I do not recommend that anyone buy this product. It stinks!","28 May 2021","Style: Wyze Cam v3","","Yes","John Sheppard","2.0","Wyze Cam v3 with Color Night Vision, Wired 1080p HD Indoor/Outdoor Video Camera, 2-Way Audio, Works with Alexa, Google Assistant, and IFTTT","https://www.amazon.com/Vision-Indoor-Outdoor-Camera-Assistant/product-reviews/B08R59YH7W/ref=cm_cr_dp_d_show_all_btm?ie=UTF8&reviewerType=all_reviews&pageNumber=39"
"Good quality and cool night vision","Camera is good upgrade from previous version. The color night vision is nice, but does not go as far as traditional night vision. SD card was easy to get going. All in all amazing camera for the price!","15 Jun 2021","Style: Wyze Cam v3","","Yes","Dustin","5.0","Wyze Cam v3 with Color Night Vision, Wired 1080p HD Indoor/Outdoor Video Camera, 2-Way Audio, Works with Alexa, Google Assistant, and IFTTT","https://www.amazon.com/Vision-Indoor-Outdoor-Camera-Assistant/product-reviews/B08R59YH7W/ref=cm_cr_dp_d_show_all_btm?ie=UTF8&reviewerType=all_reviews&pageNumber=39"
"Great cameras! Best night vision","i have 4 of these cameras. they are fantastic. the night vison is better than any other camera i own. You can actually see what's going on in the dark!!! This will be replacing my ring door bell camera","18 May 2021","Style: Wyze Cam v3","","Yes","NapTime Davie","5.0","Wyze Cam v3 with Color Night Vision, Wired 1080p HD Indoor/Outdoor Video Camera, 2-Way Audio, Works with Alexa, Google Assistant, and IFTTT","https://www.amazon.com/Vision-Indoor-Outdoor-Camera-Assistant/product-reviews/B08R59YH7W/ref=cm_cr_dp_d_show_all_btm?ie=UTF8&reviewerType=all_reviews&pageNumber=40"
"More AI options with Cam Plus, brighter night time images.","The picture quality is a step up from the V2 and the night vision is brighter. The water proof design and AI options makes it more premium. The option of using the threaded connection at the bottom to mount the camera using a more sturdy bracket is a plus.","19 Apr 2021","Style: Wyze Cam v3","","Yes","Eddie B","4.0","Wyze Cam v3 with Color Night Vision, Wired 1080p HD Indoor/Outdoor Video Camera, 2-Way Audio, Works with Alexa, Google Assistant, and IFTTT","https://www.amazon.com/Vision-Indoor-Outdoor-Camera-Assistant/product-reviews/B08R59YH7W/ref=cm_cr_dp_d_show_all_btm?ie=UTF8&reviewerType=all_reviews&pageNumber=40"
"This is my second! Perfect CAM!","It has all the feature you think of, for only $30 thats a steal! Great cam! This is my second one! First outdoor tho! Great video and easy access while outside! easy to view recorded video! Good Job!","05 May 2021","Style: Wyze Cam v3","","Yes","Catkoot","5.0","Wyze Cam v3 with Color Night Vision, Wired 1080p HD Indoor/Outdoor Video Camera, 2-Way Audio, Works with Alexa, Google Assistant, and IFTTT","https://www.amazon.com/Vision-Indoor-Outdoor-Camera-Assistant/product-reviews/B08R59YH7W/ref=cm_cr_dp_d_show_all_btm?ie=UTF8&reviewerType=all_reviews&pageNumber=40"
"I own 6 V2 wyze cams - the New V3 is so much sharper.","Huge improvements on an already good product. Image is tack sharp and nightvision makes it look like dusk at worst, very nice. Easy setup with app. Thanks Wyze. V3 works nice....NOW STOCK MORE OF THEM so I can upgrade my other 6.","27 Mar 2021","Style: Wyze Cam v3","","Yes","TK2.0","5.0","Wyze Cam v3 with Color Night Vision, Wired 1080p HD Indoor/Outdoor Video Camera, 2-Way Audio, Works with Alexa, Google Assistant, and IFTTT","https://www.amazon.com/Vision-Indoor-Outdoor-Camera-Assistant/product-reviews/B08R59YH7W/ref=cm_cr_dp_d_show_all_btm?ie=UTF8&reviewerType=all_reviews&pageNumber=40"
"It’s this nice for that cheap?!!","This camera is super easy to install and set up. The picture is clear and the night vision is impressive! I have 5 set up around my house and love that I can check in even when I’m away from home. This particular cam has to be plugged in, which made it hard to use as an outdoor cam, if you have plenty outlets outside then you should have no issues. Great product, definitely recommend!","22 May 2021","Style: Wyze Cam v3","","Yes","Evan Logue","5.0","Wyze Cam v3 with Color Night Vision, Wired 1080p HD Indoor/Outdoor Video Camera, 2-Way Audio, Works with Alexa, Google Assistant, and IFTTT","https://www.amazon.com/Vision-Indoor-Outdoor-Camera-Assistant/product-reviews/B08R59YH7W/ref=cm_cr_dp_d_show_all_btm?ie=UTF8&reviewerType=all_reviews&pageNumber=40"
"Quality, easy setup, very mobile.","LIKE:  Quality, easy setup, very mobile, great price point. DISLIKE:  Too many emails wanting to sell me add ons.","24 Apr 2021","Style: Wyze Cam v3","","Yes","D. J. Yurick","4.0","Wyze Cam v3 with Color Night Vision, Wired 1080p HD Indoor/Outdoor Video Camera, 2-Way Audio, Works with Alexa, Google Assistant, and IFTTT","https://www.amazon.com/Vision-Indoor-Outdoor-Camera-Assistant/product-reviews/B08R59YH7W/ref=cm_cr_dp_d_show_all_btm?ie=UTF8&reviewerType=all_reviews&pageNumber=40"
"Cheap but mighty but big delay on notifications","I have problems at the beginning but after 1 hour of trying it worked. It's a really cheap product but pretty powerful the bad thing about it is that the notifications take around 20 to 50 seconds.  Some times take hours! But it is a good device.","11 Jun 2021","Style: Wyze Cam v3","","Yes","Isaac km","4.0","Wyze Cam v3 with Color Night Vision, Wired 1080p HD Indoor/Outdoor Video Camera, 2-Way Audio, Works with Alexa, Google Assistant, and IFTTT","https://www.amazon.com/Vision-Indoor-Outdoor-Camera-Assistant/product-reviews/B08R59YH7W/ref=cm_cr_dp_d_show_all_btm?ie=UTF8&reviewerType=all_reviews&pageNumber=40"
"Reliable. Color night vision with little/no light!","Great color night vision. Had the V2 and this new V3 is terrific and worth the upgrade for the night vision alone. Make sure to leave night vision off for best result. Night vision or Auto (night vision) appear in B&W.","15 Jun 2021","Style: Wyze Cam v3","","Yes","CaptainRedbeard","5.0","Wyze Cam v3 with Color Night Vision, Wired 1080p HD Indoor/Outdoor Video Camera, 2-Way Audio, Works with Alexa, Google Assistant, and IFTTT","https://www.amazon.com/Vision-Indoor-Outdoor-Camera-Assistant/product-reviews/B08R59YH7W/ref=cm_cr_dp_d_show_all_btm?ie=UTF8&reviewerType=all_reviews&pageNumber=40"
"Awesome camera foe the money.","Great little cameras. I loved them so much I bought 6 total. A lot more clearer then the version 2 models. The night vision is so much more clearer. And night time outside views are very clear.","12 May 2021","Style: Wyze Cam v3","","Yes","Zero","5.0","Wyze Cam v3 with Color Night Vision, Wired 1080p HD Indoor/Outdoor Video Camera, 2-Way Audio, Works with Alexa, Google Assistant, and IFTTT","https://www.amazon.com/Vision-Indoor-Outdoor-Camera-Assistant/product-reviews/B08R59YH7W/ref=cm_cr_dp_d_show_all_btm?ie=UTF8&reviewerType=all_reviews&pageNumber=40"
"Rip off!!!!","In order for this thing to work you need a subscription!!! This product is so misleading because nowhere that I could see did it say there would be more charges!! Just go buy a blink they’re much better and don’t cost you to use what you literally just bought!","15 Jun 2021","Style: Wyze Cam v3","","Yes","Alexis","1.0","Wyze Cam v3 with Color Night Vision, Wired 1080p HD Indoor/Outdoor Video Camera, 2-Way Audio, Works with Alexa, Google Assistant, and IFTTT","https://www.amazon.com/Vision-Indoor-Outdoor-Camera-Assistant/product-reviews/B08R59YH7W/ref=cm_cr_dp_d_show_all_btm?ie=UTF8&reviewerType=all_reviews&pageNumber=40"
"Wyze Purchase","Wyze cams are the best choice for a cost effective security solution. I love how the company is always innovating and their products work as described. The night color mode on the V3 is great and captures everything. Only thing I wish it had is a way to select multiple detection zones or create zones with a grid so my plants dont trigger the notifications as much.","22 May 2021","Style: Wyze Cam v3","","Yes","elizabeth","5.0","Wyze Cam v3 with Color Night Vision, Wired 1080p HD Indoor/Outdoor Video Camera, 2-Way Audio, Works with Alexa, Google Assistant, and IFTTT","https://www.amazon.com/Vision-Indoor-Outdoor-Camera-Assistant/product-reviews/B08R59YH7W/ref=cm_cr_dp_d_show_all_btm?ie=UTF8&reviewerType=all_reviews&pageNumber=41"
"Good picture quality but have some issues","Picture quality is good. But night vision is not that much good. Also the sounds are not clear and I am hearing a lot of noises. Another thing regarding the motion detection, it has a delay to start recording after detecting the motions.","04 Apr 2021","Style: Wyze Cam v3","","Yes","IMMA","4.0","Wyze Cam v3 with Color Night Vision, Wired 1080p HD Indoor/Outdoor Video Camera, 2-Way Audio, Works with Alexa, Google Assistant, and IFTTT","https://www.amazon.com/Vision-Indoor-Outdoor-Camera-Assistant/product-reviews/B08R59YH7W/ref=cm_cr_dp_d_show_all_btm?ie=UTF8&reviewerType=all_reviews&pageNumber=41"
"cheap and works well","I've purchased 3 of these cameras.  Two for monitoring my memory-compromised dad and one to watch the lights on the washer and dryer in the basement (to avoid unnecessary trips downstairs).","01 Jun 2021","Style: Wyze Cam v3","","Yes","Carl B. Van Wormer","5.0","Wyze Cam v3 with Color Night Vision, Wired 1080p HD Indoor/Outdoor Video Camera, 2-Way Audio, Works with Alexa, Google Assistant, and IFTTT","https://www.amazon.com/Vision-Indoor-Outdoor-Camera-Assistant/product-reviews/B08R59YH7W/ref=cm_cr_dp_d_show_all_btm?ie=UTF8&reviewerType=all_reviews&pageNumber=41"
"Totally worth it for the price.","Amazing Wyze cam 3. We had the first one and this is way better. Overall picture quality is amazing , night vision is superb . The sound quality for two way communication is superb. Con- I would say the colored night vision as advertised is not great . We just use the regular NV.","18 Apr 2021","Style: Wyze Cam v3","","Yes","PR","5.0","Wyze Cam v3 with Color Night Vision, Wired 1080p HD Indoor/Outdoor Video Camera, 2-Way Audio, Works with Alexa, Google Assistant, and IFTTT","https://www.amazon.com/Vision-Indoor-Outdoor-Camera-Assistant/product-reviews/B08R59YH7W/ref=cm_cr_dp_d_show_all_btm?ie=UTF8&reviewerType=all_reviews&pageNumber=41"
"Best Inexpensive Security Cam","Picture is clear, motion detector is sensitive to people or other motion, and best of all, color night vision (assuming you have some light like a nightlight). Can't beat for the money!","29 Apr 2021","Style: Wyze Cam v3","","Yes","HondaGuy","5.0","Wyze Cam v3 with Color Night Vision, Wired 1080p HD Indoor/Outdoor Video Camera, 2-Way Audio, Works with Alexa, Google Assistant, and IFTTT","https://www.amazon.com/Vision-Indoor-Outdoor-Camera-Assistant/product-reviews/B08R59YH7W/ref=cm_cr_dp_d_show_all_btm?ie=UTF8&reviewerType=all_reviews&pageNumber=41"
"I like the camera but can't reach the company","There is no phone # in which to call Wyze for any product help.  I want to purchase the video streaming option for $1.99 per month and the system is not allowing me to do so. There is no central phone #. The cameras are fine but if I can't get support I can't recommend these.","28 Apr 2021","Style: Wyze Cam v3","","Yes","Amazon Customer","1.0","Wyze Cam v3 with Color Night Vision, Wired 1080p HD Indoor/Outdoor Video Camera, 2-Way Audio, Works with Alexa, Google Assistant, and IFTTT","https://www.amazon.com/Vision-Indoor-Outdoor-Camera-Assistant/product-reviews/B08R59YH7W/ref=cm_cr_dp_d_show_all_btm?ie=UTF8&reviewerType=all_reviews&pageNumber=41"
"Great!","I have six of them now and they work great for the price. I have two downstairs to keep an eye on the kids and four of them around my lake house so I can keep an eye on it when away.","14 Jun 2021","Style: Wyze Cam v3","","Yes","Rdickens01","5.0","Wyze Cam v3 with Color Night Vision, Wired 1080p HD Indoor/Outdoor Video Camera, 2-Way Audio, Works with Alexa, Google Assistant, and IFTTT","https://www.amazon.com/Vision-Indoor-Outdoor-Camera-Assistant/product-reviews/B08R59YH7W/ref=cm_cr_dp_d_show_all_btm?ie=UTF8&reviewerType=all_reviews&pageNumber=41"
"Amazing Clarity! No more night vision mode!","If you are wondering if this camera is worth purchasing then guess what, it's now sold out again! Don't hesitate, it is the best picture quality for inside and outside! Hands down!","05 May 2021","Style: Wyze Cam v3","https://images-na.ssl-images-amazon.com/images/I/B12in-nURhS._SY88.png
https://images-na.ssl-images-amazon.com/images/I/B1BcoEMKNQS._SY88.png
https://images-na.ssl-images-amazon.com/images/I/B1xI6nQN5cS._SY88.png","Yes","EllayHollywood Williams","5.0","Wyze Cam v3 with Color Night Vision, Wired 1080p HD Indoor/Outdoor Video Camera, 2-Way Audio, Works with Alexa, Google Assistant, and IFTTT","https://www.amazon.com/Vision-Indoor-Outdoor-Camera-Assistant/product-reviews/B08R59YH7W/ref=cm_cr_dp_d_show_all_btm?ie=UTF8&reviewerType=all_reviews&pageNumber=41"
"Watch it! I see you...","Finally after 2 other mini cameras I wasted my time and money to buy  would not connect or stay connected to wifi for more than a few hours. So satisfied with this one. It's the best!","24 Apr 2021","Style: Wyze Cam v3","","Yes","T-Myke Q V","5.0","Wyze Cam v3 with Color Night Vision, Wired 1080p HD Indoor/Outdoor Video Camera, 2-Way Audio, Works with Alexa, Google Assistant, and IFTTT","https://www.amazon.com/Vision-Indoor-Outdoor-Camera-Assistant/product-reviews/B08R59YH7W/ref=cm_cr_dp_d_show_all_btm?ie=UTF8&reviewerType=all_reviews&pageNumber=41"
"Doesn't pick up movement as much as it should.","It doesn't activate half the time when someone is near the camera, but it does pick up leaf movement and shadows from the trees, doesn't puck hop on the house either when people are walking around.","04 May 2021","Style: Wyze Cam v3","","Yes","Rebecca Crouch","2.0","Wyze Cam v3 with Color Night Vision, Wired 1080p HD Indoor/Outdoor Video Camera, 2-Way Audio, Works with Alexa, Google Assistant, and IFTTT","https://www.amazon.com/Vision-Indoor-Outdoor-Camera-Assistant/product-reviews/B08R59YH7W/ref=cm_cr_dp_d_show_all_btm?ie=UTF8&reviewerType=all_reviews&pageNumber=41"
"Great little camera, bad service","I dislike their policy of limiting features after month of purchasing when it doesn’t cost them a thing.  I’m looking for another company to satisfy my need for 2 additional cameras","10 Jun 2021","Style: Wyze Cam v3","","Yes","Alexander van Dalen","3.0","Wyze Cam v3 with Color Night Vision, Wired 1080p HD Indoor/Outdoor Video Camera, 2-Way Audio, Works with Alexa, Google Assistant, and IFTTT","https://www.amazon.com/Vision-Indoor-Outdoor-Camera-Assistant/product-reviews/B08R59YH7W/ref=cm_cr_dp_d_show_all_btm?ie=UTF8&reviewerType=all_reviews&pageNumber=42"
"Great image","We got this camera specifically to see if predators were trying to get into our chicken coop at night. It has been awesome! I can look at it anytime easily on the app. The night vision makes it easy to see what is going on.","13 Jun 2021","Style: Wyze Cam v3","","Yes","JPS","5.0","Wyze Cam v3 with Color Night Vision, Wired 1080p HD Indoor/Outdoor Video Camera, 2-Way Audio, Works with Alexa, Google Assistant, and IFTTT","https://www.amazon.com/Vision-Indoor-Outdoor-Camera-Assistant/product-reviews/B08R59YH7W/ref=cm_cr_dp_d_show_all_btm?ie=UTF8&reviewerType=all_reviews&pageNumber=42"
"Really nice camera","Love it much better than the older Wyze cameras we own! Camera has a nice, clear color view especially for night time. Will be purchasing a few more to replace older versions. Highly recommended.","22 Apr 2021","Style: Wyze Cam v3","","Yes","FloridaMom","5.0","Wyze Cam v3 with Color Night Vision, Wired 1080p HD Indoor/Outdoor Video Camera, 2-Way Audio, Works with Alexa, Google Assistant, and IFTTT","https://www.amazon.com/Vision-Indoor-Outdoor-Camera-Assistant/product-reviews/B08R59YH7W/ref=cm_cr_dp_d_show_all_btm?ie=UTF8&reviewerType=all_reviews&pageNumber=42"
"Love this camera!","I can’t say enough good things about this camera with the best part being affordable! This is my second Wyze camera for baby room.  My first one lasted about a year and the picture quality got a little blurry flout for the price and quality of the picture etc it’s totally worth buying another!!","08 Jun 2021","Style: Wyze Cam v3","","Yes","Amy","5.0","Wyze Cam v3 with Color Night Vision, Wired 1080p HD Indoor/Outdoor Video Camera, 2-Way Audio, Works with Alexa, Google Assistant, and IFTTT","https://www.amazon.com/Vision-Indoor-Outdoor-Camera-Assistant/product-reviews/B08R59YH7W/ref=cm_cr_dp_d_show_all_btm?ie=UTF8&reviewerType=all_reviews&pageNumber=42"
"Worthy upgrade","Significantly better than both the wyze can pan and the wyze can V2. Picture quality is improved and night vision is vastly improved. Even loads faster than the other cameras when accessing it through the account. Currently using as a baby monitor and it has been perfect. Using it inside so not sure about the weatherproofing.","12 Apr 2021","Style: Wyze Cam v3","","Yes","Horenso","5.0","Wyze Cam v3 with Color Night Vision, Wired 1080p HD Indoor/Outdoor Video Camera, 2-Way Audio, Works with Alexa, Google Assistant, and IFTTT","https://www.amazon.com/Vision-Indoor-Outdoor-Camera-Assistant/product-reviews/B08R59YH7W/ref=cm_cr_dp_d_show_all_btm?ie=UTF8&reviewerType=all_reviews&pageNumber=42"
"Good camera at a reasonable cost","Good quality camera at a very reasonable cost. Good night vision. Might be just my lack of understanding but it keeps picking up flying insects at night as ‘motion’ very annoying","21 May 2021","Style: Wyze Cam v3","","Yes","Steve Lentz","5.0","Wyze Cam v3 with Color Night Vision, Wired 1080p HD Indoor/Outdoor Video Camera, 2-Way Audio, Works with Alexa, Google Assistant, and IFTTT","https://www.amazon.com/Vision-Indoor-Outdoor-Camera-Assistant/product-reviews/B08R59YH7W/ref=cm_cr_dp_d_show_all_btm?ie=UTF8&reviewerType=all_reviews&pageNumber=42"
"Excellent","Very clear.  Much better night vision than Wyze 2. Requires minimum light at night Can work through windows / glass. I now have purchased 10. Highly recommend","27 Apr 2021","Style: Wyze Cam v3","","Yes","Amazon Customer","5.0","Wyze Cam v3 with Color Night Vision, Wired 1080p HD Indoor/Outdoor Video Camera, 2-Way Audio, Works with Alexa, Google Assistant, and IFTTT","https://www.amazon.com/Vision-Indoor-Outdoor-Camera-Assistant/product-reviews/B08R59YH7W/ref=cm_cr_dp_d_show_all_btm?ie=UTF8&reviewerType=all_reviews&pageNumber=42"
"Would not buy anymore.","Works pretty good. The sound is not great. It could have been a lot better. You definitely can't talk to a person. They're not able to hear you. But to watch The outdoor wildlife we love it..","28 May 2021","Style: Wyze Cam v3","https://images-na.ssl-images-amazon.com/images/I/91cukV7i10L._SY88.jpg","Yes","Amazon Customer","5.0","Wyze Cam v3 with Color Night Vision, Wired 1080p HD Indoor/Outdoor Video Camera, 2-Way Audio, Works with Alexa, Google Assistant, and IFTTT","https://www.amazon.com/Vision-Indoor-Outdoor-Camera-Assistant/product-reviews/B08R59YH7W/ref=cm_cr_dp_d_show_all_btm?ie=UTF8&reviewerType=all_reviews&pageNumber=42"
"Highly Recommended","So far this little sucker has exceeded all expectations!  It even works just fine at night through a screen and window pane (see photo).  Image and motion detection are very good!","17 May 2021","Style: Wyze Cam v3","https://images-na.ssl-images-amazon.com/images/I/91qVrwqFlJL._SY88.jpg","Yes","David deClue","5.0","Wyze Cam v3 with Color Night Vision, Wired 1080p HD Indoor/Outdoor Video Camera, 2-Way Audio, Works with Alexa, Google Assistant, and IFTTT","https://www.amazon.com/Vision-Indoor-Outdoor-Camera-Assistant/product-reviews/B08R59YH7W/ref=cm_cr_dp_d_show_all_btm?ie=UTF8&reviewerType=all_reviews&pageNumber=42"
"Can't distinguish a vehicle from a tree or a dog.","Dear Wyze, Please teach your AI the difference between a vehicle, a tree swaying in the breeze and a dog pissing in the grass.  Thank you. Your Valued Customer","03 May 2021","Style: Wyze Cam v3","","Yes","Bill","3.0","Wyze Cam v3 with Color Night Vision, Wired 1080p HD Indoor/Outdoor Video Camera, 2-Way Audio, Works with Alexa, Google Assistant, and IFTTT","https://www.amazon.com/Vision-Indoor-Outdoor-Camera-Assistant/product-reviews/B08R59YH7W/ref=cm_cr_dp_d_show_all_btm?ie=UTF8&reviewerType=all_reviews&pageNumber=42"
"Stellar product.","Great product and functionality is quite awesome to say the least. I purchased quite a few Wyze products and this is the best camera by far when it comes to nighttime viewing.","06 Apr 2021","Style: Wyze Cam v3","","Yes","Ramblin6man","5.0","Wyze Cam v3 with Color Night Vision, Wired 1080p HD Indoor/Outdoor Video Camera, 2-Way Audio, Works with Alexa, Google Assistant, and IFTTT","https://www.amazon.com/Vision-Indoor-Outdoor-Camera-Assistant/product-reviews/B08R59YH7W/ref=cm_cr_dp_d_show_all_btm?ie=UTF8&reviewerType=all_reviews&pageNumber=43"
"Great AT FIRST!","This product was great during the two week trial it comes with.  The motion detection works great although it picks up on everything even the shadow of a tree blowing in the wind.  The night vision and pic quality is amazing however I noticed at night time the camera does pick up on people.  Also, now that the 2 week trial of Plus expired I renewed it and now it wont even pick up on anyone walking within its range.  Good for monitoring while away from home if you're checking live feed.","12 May 2021","Style: Wyze Cam v3","","Yes","Adam","3.0","Wyze Cam v3 with Color Night Vision, Wired 1080p HD Indoor/Outdoor Video Camera, 2-Way Audio, Works with Alexa, Google Assistant, and IFTTT","https://www.amazon.com/Vision-Indoor-Outdoor-Camera-Assistant/product-reviews/B08R59YH7W/ref=cm_cr_dp_d_show_all_btm?ie=UTF8&reviewerType=all_reviews&pageNumber=43"
"Great outdoor cam! Incredible nightvision!","Another Wyze cam to my collection. Great quality picture and the night vision is incredible! Great camera and price. Easy outdoor install with the magnet connection! Love it!","19 Apr 2021","Style: Wyze Cam v3","","Yes","P. harty","5.0","Wyze Cam v3 with Color Night Vision, Wired 1080p HD Indoor/Outdoor Video Camera, 2-Way Audio, Works with Alexa, Google Assistant, and IFTTT","https://www.amazon.com/Vision-Indoor-Outdoor-Camera-Assistant/product-reviews/B08R59YH7W/ref=cm_cr_dp_d_show_all_btm?ie=UTF8&reviewerType=all_reviews&pageNumber=43"
"Great Camera! A real improvement on the already great V2","Great camera. Don’t spend $100+ on competitor cameras. The V3 has really good night vision - I actually get to clearly see all the nocturnal wildlife walking through my yard.","03 Apr 2021","Style: Wyze Cam v3","","Yes","Britboy","5.0","Wyze Cam v3 with Color Night Vision, Wired 1080p HD Indoor/Outdoor Video Camera, 2-Way Audio, Works with Alexa, Google Assistant, and IFTTT","https://www.amazon.com/Vision-Indoor-Outdoor-Camera-Assistant/product-reviews/B08R59YH7W/ref=cm_cr_dp_d_show_all_btm?ie=UTF8&reviewerType=all_reviews&pageNumber=43"
"Amazing camera, feature packed and great price.","Amazing camera. Wish I bought this 3 years ago. I spent more on another camera that was junk. This is so cheap and feature packed it’s unbelievable. Now I have enough money to buy a few more.","15 Mar 2021","Style: Wyze Cam v3","","Yes","Drake","5.0","Wyze Cam v3 with Color Night Vision, Wired 1080p HD Indoor/Outdoor Video Camera, 2-Way Audio, Works with Alexa, Google Assistant, and IFTTT","https://www.amazon.com/Vision-Indoor-Outdoor-Camera-Assistant/product-reviews/B08R59YH7W/ref=cm_cr_dp_d_show_all_btm?ie=UTF8&reviewerType=all_reviews&pageNumber=43"
"Great picture product price","Definitely great product and price pictures very clear night vision is great if you have some backlight for it otherwise it's kind of dark but it will still pick up any movement in the dark camera works great for me I would recommend it to anyone","22 May 2021","Style: Wyze Cam v3","","Yes","Lori M.","5.0","Wyze Cam v3 with Color Night Vision, Wired 1080p HD Indoor/Outdoor Video Camera, 2-Way Audio, Works with Alexa, Google Assistant, and IFTTT","https://www.amazon.com/Vision-Indoor-Outdoor-Camera-Assistant/product-reviews/B08R59YH7W/ref=cm_cr_dp_d_show_all_btm?ie=UTF8&reviewerType=all_reviews&pageNumber=43"
"Great for the price","These offer more options than the original cam and do you have a little bit better picture but not that much. But I didn’t expect much for the price and the satisfy my need.","05 Jun 2021","Style: Wyze Cam v3","","Yes","rdkmco","4.0","Wyze Cam v3 with Color Night Vision, Wired 1080p HD Indoor/Outdoor Video Camera, 2-Way Audio, Works with Alexa, Google Assistant, and IFTTT","https://www.amazon.com/Vision-Indoor-Outdoor-Camera-Assistant/product-reviews/B08R59YH7W/ref=cm_cr_dp_d_show_all_btm?ie=UTF8&reviewerType=all_reviews&pageNumber=43"
"Events","I' a huge fan of Wyze. The cameras are fantastic for the price. Only issue I've had lately is to get the ""events"" to run. Many times they just hang and don't play. A bit disappointing. Other than that, I highly recommend them both indoor and outdoor V3","16 Apr 2021","Style: Wyze Cam v3","","Yes","CB","5.0","Wyze Cam v3 with Color Night Vision, Wired 1080p HD Indoor/Outdoor Video Camera, 2-Way Audio, Works with Alexa, Google Assistant, and IFTTT","https://www.amazon.com/Vision-Indoor-Outdoor-Camera-Assistant/product-reviews/B08R59YH7W/ref=cm_cr_dp_d_show_all_btm?ie=UTF8&reviewerType=all_reviews&pageNumber=43"
"LOVE my cams!!!","We have 3- V2 Wyze cams & just purchased 3 more V3 cams.  These are the best cams for the $$!  Wish they were wireless... (maybe the V4's will be???? lol)  Durable & always do their job!  THANK YOU!","21 May 2021","Style: Wyze Cam v3","","Yes","Julie R Paul","5.0","Wyze Cam v3 with Color Night Vision, Wired 1080p HD Indoor/Outdoor Video Camera, 2-Way Audio, Works with Alexa, Google Assistant, and IFTTT","https://www.amazon.com/Vision-Indoor-Outdoor-Camera-Assistant/product-reviews/B08R59YH7W/ref=cm_cr_dp_d_show_all_btm?ie=UTF8&reviewerType=all_reviews&pageNumber=43"
"Electrical buzzing from sockets","We have bought Wyze cam in the past and we were pleased with the easy set up and good camera quality. But we recent upgraded to this camera and I noticed an electrical buzzing sound coming from the socket. I tried the camera out in multiple locations, but the buzzing sound persists. I read that this means there are loose wires, which can cause fires. Maybe mine is just faulty, but I had thrown away the packaging already so I can’t return it.","06 Jun 2021","Style: Wyze Cam v3","","Yes","Karen Dillard","1.0","Wyze Cam v3 with Color Night Vision, Wired 1080p HD Indoor/Outdoor Video Camera, 2-Way Audio, Works with Alexa, Google Assistant, and IFTTT","https://www.amazon.com/Vision-Indoor-Outdoor-Camera-Assistant/product-reviews/B08R59YH7W/ref=cm_cr_dp_d_show_all_btm?ie=UTF8&reviewerType=all_reviews&pageNumber=43"
"Horrible customer service","Do not buy customer support is really bad takes too long to connect to the Internet. I could never get it to record videos For service will not help you will not help you at all. Do not buy an app services they are not supported","15 Jun 2021","Style: Wyze Cam v3","","Yes","Case","1.0","Wyze Cam v3 with Color Night Vision, Wired 1080p HD Indoor/Outdoor Video Camera, 2-Way Audio, Works with Alexa, Google Assistant, and IFTTT","https://www.amazon.com/Vision-Indoor-Outdoor-Camera-Assistant/product-reviews/B08R59YH7W/ref=cm_cr_dp_d_show_all_btm?ie=UTF8&reviewerType=all_reviews&pageNumber=44"
"it works only on 2.4g, I have 5g wireless","I didn't see in the description that it only works with 2.4g...I have 5.g, so I had to send it back.  Also, it has to be plugged into an electric socket...no batteries.","07 May 2021","Style: Wyze Cam v3","","Yes","Barbara Wall","3.0","Wyze Cam v3 with Color Night Vision, Wired 1080p HD Indoor/Outdoor Video Camera, 2-Way Audio, Works with Alexa, Google Assistant, and IFTTT","https://www.amazon.com/Vision-Indoor-Outdoor-Camera-Assistant/product-reviews/B08R59YH7W/ref=cm_cr_dp_d_show_all_btm?ie=UTF8&reviewerType=all_reviews&pageNumber=44"
"NOT cordless.","All pictures show a cordless unit but mine came with a cord.  Tried to remove it and the wires ripped out.  Throwing away this garbage.  Why is this a downgrade from the v2?  I have two of those and are happy with them.","23 May 2021","Style: Wyze Cam v3","","Yes","Seamuson","1.0","Wyze Cam v3 with Color Night Vision, Wired 1080p HD Indoor/Outdoor Video Camera, 2-Way Audio, Works with Alexa, Google Assistant, and IFTTT","https://www.amazon.com/Vision-Indoor-Outdoor-Camera-Assistant/product-reviews/B08R59YH7W/ref=cm_cr_dp_d_show_all_btm?ie=UTF8&reviewerType=all_reviews&pageNumber=44"
"Great camera","It is just what I was looking for and the price and recording subscription are great. Only 1.49 per month if you do annually service. I use it to watch my front porch for deliveries and Amazon packages.","16 Apr 2021","Style: Wyze Cam v3","","Yes","Brent Carlson","5.0","Wyze Cam v3 with Color Night Vision, Wired 1080p HD Indoor/Outdoor Video Camera, 2-Way Audio, Works with Alexa, Google Assistant, and IFTTT","https://www.amazon.com/Vision-Indoor-Outdoor-Camera-Assistant/product-reviews/B08R59YH7W/ref=cm_cr_dp_d_show_all_btm?ie=UTF8&reviewerType=all_reviews&pageNumber=44"
"Worth a look","Wyze is truly the future in security and surveillance.  The cost alone for equipment influenced my decision to look for a new security system, which wyze now provides.","05 Jun 2021","Style: Wyze Cam v3","","Yes","Tyler D","5.0","Wyze Cam v3 with Color Night Vision, Wired 1080p HD Indoor/Outdoor Video Camera, 2-Way Audio, Works with Alexa, Google Assistant, and IFTTT","https://www.amazon.com/Vision-Indoor-Outdoor-Camera-Assistant/product-reviews/B08R59YH7W/ref=cm_cr_dp_d_show_all_btm?ie=UTF8&reviewerType=all_reviews&pageNumber=44"
"Meh.","Night vision is so so. The “improved” night vision in color is worthless. You can’t identify anything in that mode. Not really sure how this camera was an upgrade from v2. It’s double the price and doesn’t give enough new features.","29 Apr 2021","Style: Wyze Cam v3","","Yes","Matthew Penn","2.0","Wyze Cam v3 with Color Night Vision, Wired 1080p HD Indoor/Outdoor Video Camera, 2-Way Audio, Works with Alexa, Google Assistant, and IFTTT","https://www.amazon.com/Vision-Indoor-Outdoor-Camera-Assistant/product-reviews/B08R59YH7W/ref=cm_cr_dp_d_show_all_btm?ie=UTF8&reviewerType=all_reviews&pageNumber=44"
"Amazing cam for the price!","I thought there would be no way a security camera at this price would be any good. I was so wrong. This camera is amazing! The picture quilt is amazing at night. The color blows my mind. It ducks you do have to buy an SD card, but so worth it to get continuous recording. The detection isn’t the best, but still good. The time-lapse feature is great. Amazed that it’s weather proof. This is an amazing cam for the price. Worth it 100%.","21 Apr 2021","Style: Wyze Cam v3","","Yes","Ian","5.0","Wyze Cam v3 with Color Night Vision, Wired 1080p HD Indoor/Outdoor Video Camera, 2-Way Audio, Works with Alexa, Google Assistant, and IFTTT","https://www.amazon.com/Vision-Indoor-Outdoor-Camera-Assistant/product-reviews/B08R59YH7W/ref=cm_cr_dp_d_show_all_btm?ie=UTF8&reviewerType=all_reviews&pageNumber=44"
"Not sure","Picture quality is there but when you zoom in that goes away quickly. The picture goes fuzzy. It’s cool with all other features but when zoomed in it’s not great at all.","02 May 2021","Style: Wyze Cam v3","","Yes","Anthony Baeza","4.0","Wyze Cam v3 with Color Night Vision, Wired 1080p HD Indoor/Outdoor Video Camera, 2-Way Audio, Works with Alexa, Google Assistant, and IFTTT","https://www.amazon.com/Vision-Indoor-Outdoor-Camera-Assistant/product-reviews/B08R59YH7W/ref=cm_cr_dp_d_show_all_btm?ie=UTF8&reviewerType=all_reviews&pageNumber=44"
"BEST VALUE camera available","Easily the best of all their products --  I own almost a dozen WYZE products and the Wyze Cam remains their finest creation - best bang for the buck and error free!","10 May 2021","Style: Wyze Cam v3","","Yes","Use2play","5.0","Wyze Cam v3 with Color Night Vision, Wired 1080p HD Indoor/Outdoor Video Camera, 2-Way Audio, Works with Alexa, Google Assistant, and IFTTT","https://www.amazon.com/Vision-Indoor-Outdoor-Camera-Assistant/product-reviews/B08R59YH7W/ref=cm_cr_dp_d_show_all_btm?ie=UTF8&reviewerType=all_reviews&pageNumber=44"
"Just awesome","This is my second Wyze Cam v3 (I also have 5 Wyze V2 cameras) and the capability is nothing short of fantastic.  Night vision is much improved over the V2.  Definitely would recommend it.","12 Jun 2021","Style: Wyze Cam v3","","Yes","PhreDinFlorida","5.0","Wyze Cam v3 with Color Night Vision, Wired 1080p HD Indoor/Outdoor Video Camera, 2-Way Audio, Works with Alexa, Google Assistant, and IFTTT","https://www.amazon.com/Vision-Indoor-Outdoor-Camera-Assistant/product-reviews/B08R59YH7W/ref=cm_cr_dp_d_show_all_btm?ie=UTF8&reviewerType=all_reviews&pageNumber=44"
"Video quality not good","Your browser does not support HTML5 video. Disappointed, quality of video is sucks. Look for this picture, it’s less then 2 fits, and you wanna to Say it’s a HD Quality?!","19 Apr 2021","Style: Wyze Cam v3","https://images-na.ssl-images-amazon.com/images/I/91ght9BSjrL._SY88.jpg","Yes","Vasilii","2.0","Wyze Cam v3 with Color Night Vision, Wired 1080p HD Indoor/Outdoor Video Camera, 2-Way Audio, Works with Alexa, Google Assistant, and IFTTT","https://www.amazon.com/Vision-Indoor-Outdoor-Camera-Assistant/product-reviews/B08R59YH7W/ref=cm_cr_dp_d_show_all_btm?ie=UTF8&reviewerType=all_reviews&pageNumber=45"
"Junk - Will not even power on","I own 3 of the v2 wyze cams and decided to add one of these for my porch. Too bad it wont even power on, and from the reviews i just read this is typical with this model.","18 May 2021","Style: Wyze Cam v3","","Yes","mano","1.0","Wyze Cam v3 with Color Night Vision, Wired 1080p HD Indoor/Outdoor Video Camera, 2-Way Audio, Works with Alexa, Google Assistant, and IFTTT","https://www.amazon.com/Vision-Indoor-Outdoor-Camera-Assistant/product-reviews/B08R59YH7W/ref=cm_cr_dp_d_show_all_btm?ie=UTF8&reviewerType=all_reviews&pageNumber=45"
"Exactly what I needed","Set up was ridiculously easy! My mom and brother have them so I already knew I'd like them. I'm using this as a baby monitor for now. I love the 2 way talk ability","26 Apr 2021","Style: Wyze Cam v3","","Yes","David W. Blake","5.0","Wyze Cam v3 with Color Night Vision, Wired 1080p HD Indoor/Outdoor Video Camera, 2-Way Audio, Works with Alexa, Google Assistant, and IFTTT","https://www.amazon.com/Vision-Indoor-Outdoor-Camera-Assistant/product-reviews/B08R59YH7W/ref=cm_cr_dp_d_show_all_btm?ie=UTF8&reviewerType=all_reviews&pageNumber=45"
"Great quality great price","Easy to setup, great quality, low price.  Indoor or outdoor.  I will use this in door, but video quality is great for the price, it rivals ring and nest on video quality.","29 May 2021","Style: Wyze Cam v3","","Yes","Minh Ho","5.0","Wyze Cam v3 with Color Night Vision, Wired 1080p HD Indoor/Outdoor Video Camera, 2-Way Audio, Works with Alexa, Google Assistant, and IFTTT","https://www.amazon.com/Vision-Indoor-Outdoor-Camera-Assistant/product-reviews/B08R59YH7W/ref=cm_cr_dp_d_show_all_btm?ie=UTF8&reviewerType=all_reviews&pageNumber=45"
"Great quality picture","These 2 cameras were only 72 bucks and completely outdid my expectations.  It is so fun to look out and see who is looming around.  Great quality picture and sound.  Would recommend to anyone.","03 Jun 2021","Style: Wyze Cam v3","","Yes","Jenny Delcamp","5.0","Wyze Cam v3 with Color Night Vision, Wired 1080p HD Indoor/Outdoor Video Camera, 2-Way Audio, Works with Alexa, Google Assistant, and IFTTT","https://www.amazon.com/Vision-Indoor-Outdoor-Camera-Assistant/product-reviews/B08R59YH7W/ref=cm_cr_dp_d_show_all_btm?ie=UTF8&reviewerType=all_reviews&pageNumber=45"
"Awesome","This camera has sharp clear pictures most of the buttons and whistle’s. This is an excellent camera and I will be buying more. I have tried the blink cameras and like this much better.","26 Mar 2021","Style: Wyze Cam v3","","Yes","Karen H","5.0","Wyze Cam v3 with Color Night Vision, Wired 1080p HD Indoor/Outdoor Video Camera, 2-Way Audio, Works with Alexa, Google Assistant, and IFTTT","https://www.amazon.com/Vision-Indoor-Outdoor-Camera-Assistant/product-reviews/B08R59YH7W/ref=cm_cr_dp_d_show_all_btm?ie=UTF8&reviewerType=all_reviews&pageNumber=45"
"Useless for me","Reached out to wyze about a loud static sound and haven't heard back. I wanted this for a baby monitor but without sound it's useless. I don't see any upgrade over v2. Sending it back.","25 Apr 2021","Style: Wyze Cam v3","","Yes","Nuns bidness","1.0","Wyze Cam v3 with Color Night Vision, Wired 1080p HD Indoor/Outdoor Video Camera, 2-Way Audio, Works with Alexa, Google Assistant, and IFTTT","https://www.amazon.com/Vision-Indoor-Outdoor-Camera-Assistant/product-reviews/B08R59YH7W/ref=cm_cr_dp_d_show_all_btm?ie=UTF8&reviewerType=all_reviews&pageNumber=45"
"Cheap and easy","Replaced my $200 nest cam but comes with a ton of email spam","25 Apr 2021","Style: Wyze Cam v3","","Yes","Farklespark","3.0","Wyze Cam v3 with Color Night Vision, Wired 1080p HD Indoor/Outdoor Video Camera, 2-Way Audio, Works with Alexa, Google Assistant, and IFTTT","https://www.amazon.com/Vision-Indoor-Outdoor-Camera-Assistant/product-reviews/B08R59YH7W/ref=cm_cr_dp_d_show_all_btm?ie=UTF8&reviewerType=all_reviews&pageNumber=45"
"Great improvement!","I’m forced to say it. It is the difference  between night and day. Night time vision is really great. Replaced a v2 cam that was useless at night. Very pleased.","27 Mar 2021","Style: Wyze Cam v3","","Yes","Glen B","5.0","Wyze Cam v3 with Color Night Vision, Wired 1080p HD Indoor/Outdoor Video Camera, 2-Way Audio, Works with Alexa, Google Assistant, and IFTTT","https://www.amazon.com/Vision-Indoor-Outdoor-Camera-Assistant/product-reviews/B08R59YH7W/ref=cm_cr_dp_d_show_all_btm?ie=UTF8&reviewerType=all_reviews&pageNumber=45"
"Can't connect. Bad software.","My husband said this is a good brand so I bought it without checking comments. It turns out I have the same problem as others now. I return it without contacting to customer service. We put it next to the router but helpless.","22 Apr 2021","Style: Wyze Cam v3","https://images-na.ssl-images-amazon.com/images/I/61Gc4nw5i4L._SY88.jpg
https://images-na.ssl-images-amazon.com/images/I/61Q+V8D4quL._SY88.jpg","Yes","Mimosa Y","1.0","Wyze Cam v3 with Color Night Vision, Wired 1080p HD Indoor/Outdoor Video Camera, 2-Way Audio, Works with Alexa, Google Assistant, and IFTTT","https://www.amazon.com/Vision-Indoor-Outdoor-Camera-Assistant/product-reviews/B08R59YH7W/ref=cm_cr_dp_d_show_all_btm?ie=UTF8&reviewerType=all_reviews&pageNumber=45"
"Better quality than the 2","Definitely better quality than the 2. Only thing I wish was that it was cordless otherwise I have no complaint about this device at all. Extremely easy to set up.","14 Apr 2021","Style: Wyze Cam v3","","Yes","Brittany","5.0","Wyze Cam v3 with Color Night Vision, Wired 1080p HD Indoor/Outdoor Video Camera, 2-Way Audio, Works with Alexa, Google Assistant, and IFTTT","https://www.amazon.com/Vision-Indoor-Outdoor-Camera-Assistant/product-reviews/B08R59YH7W/ref=cm_cr_dp_d_show_all_btm?ie=UTF8&reviewerType=all_reviews&pageNumber=46"
"Good buy!","I have had a couple of name brand more expensive cameras and for the money you cannot beat this one. Night vision is amazing and overall am very happy with it","21 May 2021","Style: Wyze Cam v3","","Yes","Cap designer","5.0","Wyze Cam v3 with Color Night Vision, Wired 1080p HD Indoor/Outdoor Video Camera, 2-Way Audio, Works with Alexa, Google Assistant, and IFTTT","https://www.amazon.com/Vision-Indoor-Outdoor-Camera-Assistant/product-reviews/B08R59YH7W/ref=cm_cr_dp_d_show_all_btm?ie=UTF8&reviewerType=all_reviews&pageNumber=46"
"Perfect for price!","Picture quality on these little cams are amazing for the price of them. Color night vision also. The only thing that bothers me is, if you sign up for the notification alerts through Wyze, it picks up everything. Shadows, lights, strong gusts of wind, cob webs and other silly things. All in all, these are good if you’re not bougie and what not. Buy them!","10 May 2021","Style: Wyze Cam v3","https://images-na.ssl-images-amazon.com/images/I/91JnwztoVPL._SY88.jpg
https://images-na.ssl-images-amazon.com/images/I/91oDM0v7ApL._SY88.jpg","Yes","James Wright","5.0","Wyze Cam v3 with Color Night Vision, Wired 1080p HD Indoor/Outdoor Video Camera, 2-Way Audio, Works with Alexa, Google Assistant, and IFTTT","https://www.amazon.com/Vision-Indoor-Outdoor-Camera-Assistant/product-reviews/B08R59YH7W/ref=cm_cr_dp_d_show_all_btm?ie=UTF8&reviewerType=all_reviews&pageNumber=46"
"Awesome and cheap baby monitor","SO MUCH BETTER than my fuzzy grainy baby monitor that was $150. This picture is clear and beautiful and much cheaper. We have the app on a phone and an ipad.","27 Apr 2021","Style: Wyze Cam v3","","Yes","Amazon Customer","5.0","Wyze Cam v3 with Color Night Vision, Wired 1080p HD Indoor/Outdoor Video Camera, 2-Way Audio, Works with Alexa, Google Assistant, and IFTTT","https://www.amazon.com/Vision-Indoor-Outdoor-Camera-Assistant/product-reviews/B08R59YH7W/ref=cm_cr_dp_d_show_all_btm?ie=UTF8&reviewerType=all_reviews&pageNumber=46"
"Cute cam , great price!","This is a nice little camera and for the price, good night IR motion detection, voice detection .However you set it ,it does what it's supposed to do going to do. Easy setup!","21 Mar 2021","Style: Wyze Cam v3","","Yes","Maryann","5.0","Wyze Cam v3 with Color Night Vision, Wired 1080p HD Indoor/Outdoor Video Camera, 2-Way Audio, Works with Alexa, Google Assistant, and IFTTT","https://www.amazon.com/Vision-Indoor-Outdoor-Camera-Assistant/product-reviews/B08R59YH7W/ref=cm_cr_dp_d_show_all_btm?ie=UTF8&reviewerType=all_reviews&pageNumber=46"
"Best Price for a Pet Cam","Love the price point on these since I needed multiple cameras lo watch my dogs when I'm not home. The best part is that they have the 2 way sound, which is often only found on the high end pet cameras.","13 May 2021","Style: Wyze Cam v3","","Yes","Kim","5.0","Wyze Cam v3 with Color Night Vision, Wired 1080p HD Indoor/Outdoor Video Camera, 2-Way Audio, Works with Alexa, Google Assistant, and IFTTT","https://www.amazon.com/Vision-Indoor-Outdoor-Camera-Assistant/product-reviews/B08R59YH7W/ref=cm_cr_dp_d_show_all_btm?ie=UTF8&reviewerType=all_reviews&pageNumber=46"
"POS","Absolute POS.  Won't connect to a 5G network??","09 Apr 2021","Style: Wyze Cam v3","","Yes","Mark OConnor","1.0","Wyze Cam v3 with Color Night Vision, Wired 1080p HD Indoor/Outdoor Video Camera, 2-Way Audio, Works with Alexa, Google Assistant, and IFTTT","https://www.amazon.com/Vision-Indoor-Outdoor-Camera-Assistant/product-reviews/B08R59YH7W/ref=cm_cr_dp_d_show_all_btm?ie=UTF8&reviewerType=all_reviews&pageNumber=46"
"Hackers watching infant!","I am NOT comfortable with someone hacking into our camera that is in our young child's room while we change his diaper and clothing! This is disgusting to whoever actually does this! Buyer beware!","10 May 2021","Style: Wyze Cam v3","","Yes","Shawn Garrity","1.0","Wyze Cam v3 with Color Night Vision, Wired 1080p HD Indoor/Outdoor Video Camera, 2-Way Audio, Works with Alexa, Google Assistant, and IFTTT","https://www.amazon.com/Vision-Indoor-Outdoor-Camera-Assistant/product-reviews/B08R59YH7W/ref=cm_cr_dp_d_show_all_btm?ie=UTF8&reviewerType=all_reviews&pageNumber=46"
"Love them","I love Wyze cameras! I’ve owned the originals since they first came about and and these one they are clearer in terms of picture quality and looks even better.","21 Mar 2021","Style: Wyze Cam v3","","Yes","K Starz","5.0","Wyze Cam v3 with Color Night Vision, Wired 1080p HD Indoor/Outdoor Video Camera, 2-Way Audio, Works with Alexa, Google Assistant, and IFTTT","https://www.amazon.com/Vision-Indoor-Outdoor-Camera-Assistant/product-reviews/B08R59YH7W/ref=cm_cr_dp_d_show_all_btm?ie=UTF8&reviewerType=all_reviews&pageNumber=46"
"Good camera, terrible inaudible audio","The night vision is greatly improved from the V2, however, the audio is inaudible. All I hear is pure static. A firmware upgrade did not fix the issue.","12 Apr 2021","Style: Wyze Cam v3","","Yes","Grace","3.0","Wyze Cam v3 with Color Night Vision, Wired 1080p HD Indoor/Outdoor Video Camera, 2-Way Audio, Works with Alexa, Google Assistant, and IFTTT","https://www.amazon.com/Vision-Indoor-Outdoor-Camera-Assistant/product-reviews/B08R59YH7W/ref=cm_cr_dp_d_show_all_btm?ie=UTF8&reviewerType=all_reviews&pageNumber=46"
"Just what I needed to catch a thief","I wish i had bought this sooner. I already have a security system but needed the camera to catch an area that my cameras dont catch. This did the job","12 May 2021","Style: Wyze Cam v3","","Yes","NY Princess","5.0","Wyze Cam v3 with Color Night Vision, Wired 1080p HD Indoor/Outdoor Video Camera, 2-Way Audio, Works with Alexa, Google Assistant, and IFTTT","https://www.amazon.com/Vision-Indoor-Outdoor-Camera-Assistant/product-reviews/B08R59YH7W/ref=cm_cr_dp_d_show_all_btm?ie=UTF8&reviewerType=all_reviews&pageNumber=47"
"They thought of Everything!","Incredible quality and functionality! We set it up in our new puppy’s crate. It notifies us if she makes a sound. We can leave the house and tune in from anywhere. You can record, zoom in and out, speak, motion track. Truly is amazing technology!! I love it when shit works and this works!! Can’t speak highly enough about it. They really thought of everything.","20 May 2021","Style: Wyze Cam v3","","Yes","Amazon Customer","5.0","Wyze Cam v3 with Color Night Vision, Wired 1080p HD Indoor/Outdoor Video Camera, 2-Way Audio, Works with Alexa, Google Assistant, and IFTTT","https://www.amazon.com/Vision-Indoor-Outdoor-Camera-Assistant/product-reviews/B08R59YH7W/ref=cm_cr_dp_d_show_all_btm?ie=UTF8&reviewerType=all_reviews&pageNumber=47"
"Night vision so improved from version 2","I like this one, compared to the version 2. The night vision is so much better and in color. Night vision is also alot brighter even threw a window.","08 Jun 2021","Style: Wyze Cam v3","","Yes","Bossman","4.0","Wyze Cam v3 with Color Night Vision, Wired 1080p HD Indoor/Outdoor Video Camera, 2-Way Audio, Works with Alexa, Google Assistant, and IFTTT","https://www.amazon.com/Vision-Indoor-Outdoor-Camera-Assistant/product-reviews/B08R59YH7W/ref=cm_cr_dp_d_show_all_btm?ie=UTF8&reviewerType=all_reviews&pageNumber=47"
"For the price, it's great","Overall like the camera, but there is a constant faint buzzing noise when reviewing in the app. Night vision is great and works well for what we need.","29 Apr 2021","Style: Wyze Cam v3","","Yes","Maebri","4.0","Wyze Cam v3 with Color Night Vision, Wired 1080p HD Indoor/Outdoor Video Camera, 2-Way Audio, Works with Alexa, Google Assistant, and IFTTT","https://www.amazon.com/Vision-Indoor-Outdoor-Camera-Assistant/product-reviews/B08R59YH7W/ref=cm_cr_dp_d_show_all_btm?ie=UTF8&reviewerType=all_reviews&pageNumber=47"
"Not wireless or battery operated","Opened and disappointed. Said it was battery operated only to realize it is power operated. Not useful for outdoor security when they can steal it. Sent back.","05 May 2021","Style: Wyze Cam v3","","Yes","Jessica","1.0","Wyze Cam v3 with Color Night Vision, Wired 1080p HD Indoor/Outdoor Video Camera, 2-Way Audio, Works with Alexa, Google Assistant, and IFTTT","https://www.amazon.com/Vision-Indoor-Outdoor-Camera-Assistant/product-reviews/B08R59YH7W/ref=cm_cr_dp_d_show_all_btm?ie=UTF8&reviewerType=all_reviews&pageNumber=47"
"WYZE needs to make improvements to the V3 WI-FI signal  for the cameras","Cameras are horrible with WIFI connectivity, the V2's never had any issues. Only upgraded because of the improvements to the night vision but WYZE should of also made improvements for better connection to the clients WI-Fi the is.less than 30 feet away. Maybe added an antenna to bring in a stronger signal or a booster or something since customers can now use this outside.","08 May 2021","Style: Wyze Cam v3","https://images-na.ssl-images-amazon.com/images/I/A12p3wW96nL._SY88.jpg
https://images-na.ssl-images-amazon.com/images/I/C1EhxJPtUPS._SY88.jpg
https://images-na.ssl-images-amazon.com/images/I/C1faZBP7vDS._SY88.jpg","Yes","Glen Lundberg","2.0","Wyze Cam v3 with Color Night Vision, Wired 1080p HD Indoor/Outdoor Video Camera, 2-Way Audio, Works with Alexa, Google Assistant, and IFTTT","https://www.amazon.com/Vision-Indoor-Outdoor-Camera-Assistant/product-reviews/B08R59YH7W/ref=cm_cr_dp_d_show_all_btm?ie=UTF8&reviewerType=all_reviews&pageNumber=47"
"Small but a giant still","Great camera. Can not beat the price. Alot of bang for the buck. Have Arlo and dropcams All over. My favorite now is the v3. Wish it was cord free.","30 May 2021","Style: Wyze Cam v3","","Yes","antonio feliberti","5.0","Wyze Cam v3 with Color Night Vision, Wired 1080p HD Indoor/Outdoor Video Camera, 2-Way Audio, Works with Alexa, Google Assistant, and IFTTT","https://www.amazon.com/Vision-Indoor-Outdoor-Camera-Assistant/product-reviews/B08R59YH7W/ref=cm_cr_dp_d_show_all_btm?ie=UTF8&reviewerType=all_reviews&pageNumber=47"
"Great picture when they work.","Had high hopes but had to return. Night vision fails if there is the slightest presence of light anywhere in camera range. Motion detection cannot differentiate between humans and animals.  But my biggest problem was with the camera going offline on its own, almost as much as it was offline.  I was using these as a secondary camera system, and my primary did not have this problem. Picture was great when they would turn on.","09 May 2021","Style: Wyze Cam v3","","Yes","Greg Pettiford","2.0","Wyze Cam v3 with Color Night Vision, Wired 1080p HD Indoor/Outdoor Video Camera, 2-Way Audio, Works with Alexa, Google Assistant, and IFTTT","https://www.amazon.com/Vision-Indoor-Outdoor-Camera-Assistant/product-reviews/B08R59YH7W/ref=cm_cr_dp_d_show_all_btm?ie=UTF8&reviewerType=all_reviews&pageNumber=47"
"Security & Hardware","Lve This Camera Upgrade, Picture & Video Resolution is Verry noticeable once I Powered up & Linked,Hella Kool Can Keep an Eye on My Driveway","15 Mar 2021","Style: Wyze Cam v3","","Yes","Phillip H","5.0","Wyze Cam v3 with Color Night Vision, Wired 1080p HD Indoor/Outdoor Video Camera, 2-Way Audio, Works with Alexa, Google Assistant, and IFTTT","https://www.amazon.com/Vision-Indoor-Outdoor-Camera-Assistant/product-reviews/B08R59YH7W/ref=cm_cr_dp_d_show_all_btm?ie=UTF8&reviewerType=all_reviews&pageNumber=47"
"Waste of money.","Cute cam  but it freezes and needs power off/ power on almost every day, because of it I'm missing some events. It runs latest firmware. Color night vision is useless, maybe it works in dusk but not in dark place, image is very poor. I turned on B&W InfraRed. I have the V2 version too and never had freezing issues. Waste of money.","30 May 2021","Style: Wyze Cam v3","","Yes","aka911","3.0","Wyze Cam v3 with Color Night Vision, Wired 1080p HD Indoor/Outdoor Video Camera, 2-Way Audio, Works with Alexa, Google Assistant, and IFTTT","https://www.amazon.com/Vision-Indoor-Outdoor-Camera-Assistant/product-reviews/B08R59YH7W/ref=cm_cr_dp_d_show_all_btm?ie=UTF8&reviewerType=all_reviews&pageNumber=47"
"DO NOT PURCHASE SUBSCRIPTIONS THRU GOOGLE!","GOOGLE adds 30% to in-app purchases, go to Wyze website.","27 May 2021","Style: Wyze Cam v3","","Yes","Frequent Customer","2.0","Wyze Cam v3 with Color Night Vision, Wired 1080p HD Indoor/Outdoor Video Camera, 2-Way Audio, Works with Alexa, Google Assistant, and IFTTT","https://www.amazon.com/Vision-Indoor-Outdoor-Camera-Assistant/product-reviews/B08R59YH7W/ref=cm_cr_dp_d_show_all_btm?ie=UTF8&reviewerType=all_reviews&pageNumber=48"
"Excellent camera, phenomenal color rendition in all light.","I didn’t believe the Starlight could possible be as good as it is. Middle of the night color rendition is fantastic. Wide angle coverage of my front yard with excellent motion detection.","04 May 2021","Style: Wyze Cam v3","","Yes","RubyH","5.0","Wyze Cam v3 with Color Night Vision, Wired 1080p HD Indoor/Outdoor Video Camera, 2-Way Audio, Works with Alexa, Google Assistant, and IFTTT","https://www.amazon.com/Vision-Indoor-Outdoor-Camera-Assistant/product-reviews/B08R59YH7W/ref=cm_cr_dp_d_show_all_btm?ie=UTF8&reviewerType=all_reviews&pageNumber=48"
"It will meet the need if not asked to do a whole lot","Good product quality and video for the price. Not thrilled with the cloud subscription aspect; I’d rather use the micro SD card storage.","13 Jun 2021","Style: Wyze Cam v3","","Yes","CLINTON K","4.0","Wyze Cam v3 with Color Night Vision, Wired 1080p HD Indoor/Outdoor Video Camera, 2-Way Audio, Works with Alexa, Google Assistant, and IFTTT","https://www.amazon.com/Vision-Indoor-Outdoor-Camera-Assistant/product-reviews/B08R59YH7W/ref=cm_cr_dp_d_show_all_btm?ie=UTF8&reviewerType=all_reviews&pageNumber=48"
"Meh its ok. Worth the 30.","Speakers are not clear. Motion detection does not work. Contacted support and still doesnt work. Siren loud on phone but not as loud from device.","16 Apr 2021","Style: Wyze Cam v3","","Yes","Jessie Bains","3.0","Wyze Cam v3 with Color Night Vision, Wired 1080p HD Indoor/Outdoor Video Camera, 2-Way Audio, Works with Alexa, Google Assistant, and IFTTT","https://www.amazon.com/Vision-Indoor-Outdoor-Camera-Assistant/product-reviews/B08R59YH7W/ref=cm_cr_dp_d_show_all_btm?ie=UTF8&reviewerType=all_reviews&pageNumber=48"
"Very disappointed...","The video quality is amazing, but the camera is very unreliable.  It is hit or miss to connect to the camera and the sd recording stopped after a week and now it's random if it is even going to record. It keeps thinking the bush blowing in the wind is a person, so that's kinda annoying as well. Would be nice if they could fix these issues but for now i wouldn't recommend...","09 May 2021","Style: Wyze Cam v3","","Yes","Buyer guy","2.0","Wyze Cam v3 with Color Night Vision, Wired 1080p HD Indoor/Outdoor Video Camera, 2-Way Audio, Works with Alexa, Google Assistant, and IFTTT","https://www.amazon.com/Vision-Indoor-Outdoor-Camera-Assistant/product-reviews/B08R59YH7W/ref=cm_cr_dp_d_show_all_btm?ie=UTF8&reviewerType=all_reviews&pageNumber=48"
"Amazing lil camera","Others will have a deeper better review, but it's true this lil camera is awesome. Very clear video, loved it enough to go back n get more.","01 Jun 2021","Style: Wyze Cam v3","","Yes","Eric M. Schloegel Jr.","5.0","Wyze Cam v3 with Color Night Vision, Wired 1080p HD Indoor/Outdoor Video Camera, 2-Way Audio, Works with Alexa, Google Assistant, and IFTTT","https://www.amazon.com/Vision-Indoor-Outdoor-Camera-Assistant/product-reviews/B08R59YH7W/ref=cm_cr_dp_d_show_all_btm?ie=UTF8&reviewerType=all_reviews&pageNumber=48"
"brilliant picture","Easy setup, vivid images, motion detection needs tinkering, overall fantastic product. needs a power outlet near by. Wireless does not mean cordless ","01 May 2021","Style: Wyze Cam v3","","Yes","sn","5.0","Wyze Cam v3 with Color Night Vision, Wired 1080p HD Indoor/Outdoor Video Camera, 2-Way Audio, Works with Alexa, Google Assistant, and IFTTT","https://www.amazon.com/Vision-Indoor-Outdoor-Camera-Assistant/product-reviews/B08R59YH7W/ref=cm_cr_dp_d_show_all_btm?ie=UTF8&reviewerType=all_reviews&pageNumber=48"
"Alfred app detect better the move.","Usó una aplicación que se llama Alfred y un teléfono lo conviertes en cámara funciona mejor con la detección de movimiento que esta cámara.","19 May 2021","Style: Wyze Cam v3","","Yes","Me canso ganso","3.0","Wyze Cam v3 with Color Night Vision, Wired 1080p HD Indoor/Outdoor Video Camera, 2-Way Audio, Works with Alexa, Google Assistant, and IFTTT","https://www.amazon.com/Vision-Indoor-Outdoor-Camera-Assistant/product-reviews/B08R59YH7W/ref=cm_cr_dp_d_show_all_btm?ie=UTF8&reviewerType=all_reviews&pageNumber=48"
"Great Cameras","Great cameras. Very clear footage. Very clear night vision. Notifications for motion and sound with subscription. Easy to install and setup.","29 Apr 2021","Style: Wyze Cam v3","","Yes","Ashley Burnett","5.0","Wyze Cam v3 with Color Night Vision, Wired 1080p HD Indoor/Outdoor Video Camera, 2-Way Audio, Works with Alexa, Google Assistant, and IFTTT","https://www.amazon.com/Vision-Indoor-Outdoor-Camera-Assistant/product-reviews/B08R59YH7W/ref=cm_cr_dp_d_show_all_btm?ie=UTF8&reviewerType=all_reviews&pageNumber=48"
"Works good.at night","I don't understand why people have trouble installing this amazing camera....and on top of that write bad reviews....COME ON !! THE PRICE AND QUALITY GOES HAND TO HAND...you want the best but you don't want to spend??? If you want something better than this go on pay 80 dollars for better camera...","19 Apr 2021","Style: Wyze Cam v3","https://images-na.ssl-images-amazon.com/images/I/91udRV+5ncL._SY88.jpg","Yes","Carlos turcios","5.0","Wyze Cam v3 with Color Night Vision, Wired 1080p HD Indoor/Outdoor Video Camera, 2-Way Audio, Works with Alexa, Google Assistant, and IFTTT","https://www.amazon.com/Vision-Indoor-Outdoor-Camera-Assistant/product-reviews/B08R59YH7W/ref=cm_cr_dp_d_show_all_btm?ie=UTF8&reviewerType=all_reviews&pageNumber=48"
"Great camera system","I got this camera system to use to keep an eye for our elderly dog at night since she can no longer go upstairs and while we are away. The cameras and app are easy to use, have great picture quality, including at night, and the notifications work perfectly.","13 Apr 2021","Style: Wyze Cam v3","","Yes","ML","5.0","Wyze Cam v3 with Color Night Vision, Wired 1080p HD Indoor/Outdoor Video Camera, 2-Way Audio, Works with Alexa, Google Assistant, and IFTTT","https://www.amazon.com/Vision-Indoor-Outdoor-Camera-Assistant/product-reviews/B08R59YH7W/ref=cm_cr_dp_d_show_all_btm?ie=UTF8&reviewerType=all_reviews&pageNumber=49"
"Does not connect to a 5G Network!","While installing my new Wyze 3 Cam, I got a message saying ""5G networks are not supported"" Have to box it and return it.","15 May 2021","Style: Wyze Cam v3","","Yes","Thomas L. Mcgrail","1.0","Wyze Cam v3 with Color Night Vision, Wired 1080p HD Indoor/Outdoor Video Camera, 2-Way Audio, Works with Alexa, Google Assistant, and IFTTT","https://www.amazon.com/Vision-Indoor-Outdoor-Camera-Assistant/product-reviews/B08R59YH7W/ref=cm_cr_dp_d_show_all_btm?ie=UTF8&reviewerType=all_reviews&pageNumber=49"
"Be sure to follow the instructions when installing.","Installation was simple enough but do it in the order listed. I haven't yet figured out ""event"" recording so i get continous recording. I suggest you order the SD card or have one available.","02 Apr 2021","Style: Wyze Cam v3","","Yes","Doogan James","4.0","Wyze Cam v3 with Color Night Vision, Wired 1080p HD Indoor/Outdoor Video Camera, 2-Way Audio, Works with Alexa, Google Assistant, and IFTTT","https://www.amazon.com/Vision-Indoor-Outdoor-Camera-Assistant/product-reviews/B08R59YH7W/ref=cm_cr_dp_d_show_all_btm?ie=UTF8&reviewerType=all_reviews&pageNumber=49"
"awesome camera and easy to use","this camera is great. it literally picks up everything.  really easy to set up and use. BE SURE TO BUY THE SD CARD. definitely reccomend","08 May 2021","Style: Wyze Cam v3","","Yes","jay","5.0","Wyze Cam v3 with Color Night Vision, Wired 1080p HD Indoor/Outdoor Video Camera, 2-Way Audio, Works with Alexa, Google Assistant, and IFTTT","https://www.amazon.com/Vision-Indoor-Outdoor-Camera-Assistant/product-reviews/B08R59YH7W/ref=cm_cr_dp_d_show_all_btm?ie=UTF8&reviewerType=all_reviews&pageNumber=49"
"Best bang for the buck!","I like the night vision. I like they're weatherproof and can accept a 128 gig micro card! They look professional with a great picture.","30 Apr 2021","Style: Wyze Cam v3","","Yes","Chicagodogs","5.0","Wyze Cam v3 with Color Night Vision, Wired 1080p HD Indoor/Outdoor Video Camera, 2-Way Audio, Works with Alexa, Google Assistant, and IFTTT","https://www.amazon.com/Vision-Indoor-Outdoor-Camera-Assistant/product-reviews/B08R59YH7W/ref=cm_cr_dp_d_show_all_btm?ie=UTF8&reviewerType=all_reviews&pageNumber=49"
"Perfect!","Perfect for indoor use. App is nice as well can't recommend enough for anyone wanting cheap very exceptional quality indoor cameras!!","27 May 2021","Style: Wyze Cam v3","","Yes","Hydrotonic","5.0","Wyze Cam v3 with Color Night Vision, Wired 1080p HD Indoor/Outdoor Video Camera, 2-Way Audio, Works with Alexa, Google Assistant, and IFTTT","https://www.amazon.com/Vision-Indoor-Outdoor-Camera-Assistant/product-reviews/B08R59YH7W/ref=cm_cr_dp_d_show_all_btm?ie=UTF8&reviewerType=all_reviews&pageNumber=49"
"Excellent camera great value easy hook up.","Excellent product.  Absolutely great value easy to hook up to your phone and wifi. Excellent and clear picture.  I highly recommend this product. Night vision is very clear.","20 May 2021","Style: Wyze Cam v3","","Yes","Charlie","5.0","Wyze Cam v3 with Color Night Vision, Wired 1080p HD Indoor/Outdoor Video Camera, 2-Way Audio, Works with Alexa, Google Assistant, and IFTTT","https://www.amazon.com/Vision-Indoor-Outdoor-Camera-Assistant/product-reviews/B08R59YH7W/ref=cm_cr_dp_d_show_all_btm?ie=UTF8&reviewerType=all_reviews&pageNumber=49"
"Great cameras at an awesome price","These cameras are great! I have 2, one indoors and one outside.  I pay for the subscription and have sd cards. It records everything I want and it sticks around for a while since i have large sd card in them. App is great too. Only thing I don't think is awesome is that there is no volume control on the camera speaker, it is VERY loud, especially indoors.","10 May 2021","Style: Wyze Cam v3","","Yes","Brandi Brent","5.0","Wyze Cam v3 with Color Night Vision, Wired 1080p HD Indoor/Outdoor Video Camera, 2-Way Audio, Works with Alexa, Google Assistant, and IFTTT","https://www.amazon.com/Vision-Indoor-Outdoor-Camera-Assistant/product-reviews/B08R59YH7W/ref=cm_cr_dp_d_show_all_btm?ie=UTF8&reviewerType=all_reviews&pageNumber=49"
"Does not work well with Alexa","Great definition and motion detection, however after linking with Alexa the cameras do not show in Alexa. Alexa cannot find the devices. The description of this product is deceiving","31 May 2021","Style: Wyze Cam v3","","Yes","Alejandro Herrera","2.0","Wyze Cam v3 with Color Night Vision, Wired 1080p HD Indoor/Outdoor Video Camera, 2-Way Audio, Works with Alexa, Google Assistant, and IFTTT","https://www.amazon.com/Vision-Indoor-Outdoor-Camera-Assistant/product-reviews/B08R59YH7W/ref=cm_cr_dp_d_show_all_btm?ie=UTF8&reviewerType=all_reviews&pageNumber=49"
"No Pet Detection","Camera generally works well but it does not have pet detection, which is sorely needed.  Wyze support says they don't know when it will be available.","05 May 2021","Style: Wyze Cam v3","","Yes","Dina Kim","4.0","Wyze Cam v3 with Color Night Vision, Wired 1080p HD Indoor/Outdoor Video Camera, 2-Way Audio, Works with Alexa, Google Assistant, and IFTTT","https://www.amazon.com/Vision-Indoor-Outdoor-Camera-Assistant/product-reviews/B08R59YH7W/ref=cm_cr_dp_d_show_all_btm?ie=UTF8&reviewerType=all_reviews&pageNumber=49"
"Great price, picture, and easy position","Love the price, picture clarity, easy of positioning it where you want it.  Love the video recording capability, including time lapse.  It senses motion but I could not get the app to alert me on my phone.  Probably just me.","03 May 2021","Style: Wyze Cam v3","","Yes","J&K","4.0","Wyze Cam v3 with Color Night Vision, Wired 1080p HD Indoor/Outdoor Video Camera, 2-Way Audio, Works with Alexa, Google Assistant, and IFTTT","https://www.amazon.com/Vision-Indoor-Outdoor-Camera-Assistant/product-reviews/B08R59YH7W/ref=cm_cr_dp_d_show_all_btm?ie=UTF8&reviewerType=all_reviews&pageNumber=50"
"Potentially amazing, but real life usage disappointing.","Not the best start. Ordered 4, 3 upgraded their firmware ok, 1 failed and now gives a constant red light. Manual firmware flash achieves nothing, so back to Amazon it goes at a cost of $28 (from the UK) of which Amazon will refund $15. Already had to power cycle 2 of the remaining 3 cameras in the first 3 days use, as they lock up when playing back recorded video - wireless connection rock solid. Not holding out much hope on these unfortunately.","13 Apr 2021","Style: Wyze Cam v3","","Yes","Timmyboy","2.0","Wyze Cam v3 with Color Night Vision, Wired 1080p HD Indoor/Outdoor Video Camera, 2-Way Audio, Works with Alexa, Google Assistant, and IFTTT","https://www.amazon.com/Vision-Indoor-Outdoor-Camera-Assistant/product-reviews/B08R59YH7W/ref=cm_cr_dp_d_show_all_btm?ie=UTF8&reviewerType=all_reviews&pageNumber=50"
"Stopped working as soon as my return window closed","Aside from detecting even lights and weather changes as motion, it worked ok with only a few glitches...until I could no longer return it. Now it won't stay connected, keeps showing offline, sometimes unplugging and restarting it helps, sometimes not, but then it disconnects again, and I get errors trying to access all of the cloud videos for the last few days. Internet connection is good, cam not reliable enough to be useful.","05 Jun 2021","Style: Wyze Cam v3","","Yes","hrdddrv","1.0","Wyze Cam v3 with Color Night Vision, Wired 1080p HD Indoor/Outdoor Video Camera, 2-Way Audio, Works with Alexa, Google Assistant, and IFTTT","https://www.amazon.com/Vision-Indoor-Outdoor-Camera-Assistant/product-reviews/B08R59YH7W/ref=cm_cr_dp_d_show_all_btm?ie=UTF8&reviewerType=all_reviews&pageNumber=50"
"Great deal","Way better quality than the version 2. Great inexpensive security system. SD card allows you to save events without paying cloud fees.","11 Jun 2021","Style: Wyze Cam v3","","Yes","B. Johnson","5.0","Wyze Cam v3 with Color Night Vision, Wired 1080p HD Indoor/Outdoor Video Camera, 2-Way Audio, Works with Alexa, Google Assistant, and IFTTT","https://www.amazon.com/Vision-Indoor-Outdoor-Camera-Assistant/product-reviews/B08R59YH7W/ref=cm_cr_dp_d_show_all_btm?ie=UTF8&reviewerType=all_reviews&pageNumber=50"
"DOES NOT CONNECT TO 5G","DOES NOT CONNECT TO 5G - I don’t know why they don’t tell you this in the description, but it does tell you half way through setup ","13 May 2021","Style: Wyze Cam v3","","Yes","Amazon Customer","1.0","Wyze Cam v3 with Color Night Vision, Wired 1080p HD Indoor/Outdoor Video Camera, 2-Way Audio, Works with Alexa, Google Assistant, and IFTTT","https://www.amazon.com/Vision-Indoor-Outdoor-Camera-Assistant/product-reviews/B08R59YH7W/ref=cm_cr_dp_d_show_all_btm?ie=UTF8&reviewerType=all_reviews&pageNumber=50"
"Bang for the buck","It takes some effort to adjust all the settings, but this little beauty is totally worth it. Night time it gets quality COLOUR video! I don’t have to use night mode at all. Nice touch is that you can set the area, where motion detector picks movement. Only disturbing thing is, that cars headlights will trigger the motion detector and it will record videos thrue the night. But another than that, absolutely remarkable piece of art. Great camera!","28 Apr 2021","Style: Wyze Cam v3","","Yes","Jorma","5.0","Wyze Cam v3 with Color Night Vision, Wired 1080p HD Indoor/Outdoor Video Camera, 2-Way Audio, Works with Alexa, Google Assistant, and IFTTT","https://www.amazon.com/Vision-Indoor-Outdoor-Camera-Assistant/product-reviews/B08R59YH7W/ref=cm_cr_dp_d_show_all_btm?ie=UTF8&reviewerType=all_reviews&pageNumber=50"
"Pros and Cons, but can't beat the price.","Pros: Great price, great AI (almost too good), easy setup Con: Cloud services are always a risk. We use these outside though, if anyone hacks our cameras they'll be watching our yard. 5 star for sure, even with the implied risks!","11 May 2021","Style: Wyze Cam v3","","Yes","Samantha Isenhour","5.0","Wyze Cam v3 with Color Night Vision, Wired 1080p HD Indoor/Outdoor Video Camera, 2-Way Audio, Works with Alexa, Google Assistant, and IFTTT","https://www.amazon.com/Vision-Indoor-Outdoor-Camera-Assistant/product-reviews/B08R59YH7W/ref=cm_cr_dp_d_show_all_btm?ie=UTF8&reviewerType=all_reviews&pageNumber=50"
"Love the cameras!!","Bought for home and business. Love these cameras. Clear picture with zooming options, night vision, two way speaker, and motion detection. What more could you ask for! This camera has it all with an app to view at anytime!","13 May 2021","Style: Wyze Cam v3","","Yes","kelly malone","5.0","Wyze Cam v3 with Color Night Vision, Wired 1080p HD Indoor/Outdoor Video Camera, 2-Way Audio, Works with Alexa, Google Assistant, and IFTTT","https://www.amazon.com/Vision-Indoor-Outdoor-Camera-Assistant/product-reviews/B08R59YH7W/ref=cm_cr_dp_d_show_all_btm?ie=UTF8&reviewerType=all_reviews&pageNumber=50"
"Peace of mind","I use this as a front porch camera.  It is very sensitive to motion, I found blowing leaves would trigger it. I set it to a very small area where visitors and packages would be, and it’s worked very well. Great deal for the price and easy to set up.","20 May 2021","Style: Wyze Cam v3","","Yes","Belinda O","5.0","Wyze Cam v3 with Color Night Vision, Wired 1080p HD Indoor/Outdoor Video Camera, 2-Way Audio, Works with Alexa, Google Assistant, and IFTTT","https://www.amazon.com/Vision-Indoor-Outdoor-Camera-Assistant/product-reviews/B08R59YH7W/ref=cm_cr_dp_d_show_all_btm?ie=UTF8&reviewerType=all_reviews&pageNumber=50"
"It's okay","Got this for a basic baby monitor for my children. I've had someone already speak through it which was crazy along with the picture keeps going upside down on my phone. The audio recording is horrible very loud static. And the night vision isn't in color at all. Along with how bulky it is and the camera seems so see more to the right then center.","08 Apr 2021","Style: Wyze Cam v3","","Yes","Breezy Leigh","4.0","Wyze Cam v3 with Color Night Vision, Wired 1080p HD Indoor/Outdoor Video Camera, 2-Way Audio, Works with Alexa, Google Assistant, and IFTTT","https://www.amazon.com/Vision-Indoor-Outdoor-Camera-Assistant/product-reviews/B08R59YH7W/ref=cm_cr_dp_d_show_all_btm?ie=UTF8&reviewerType=all_reviews&pageNumber=50"
